-- MySQL dump 10.13  Distrib 8.0.35, for Linux (x86_64)
--
-- Host: localhost    Database: pos1
-- ------------------------------------------------------
-- Server version	8.0.35-0ubuntu0.22.04.1

/*!40101 SET @OLD_CHARACTER_SET_CLIENT=@@CHARACTER_SET_CLIENT */;
/*!40101 SET @OLD_CHARACTER_SET_RESULTS=@@CHARACTER_SET_RESULTS */;
/*!40101 SET @OLD_COLLATION_CONNECTION=@@COLLATION_CONNECTION */;
/*!50503 SET NAMES utf8mb4 */;
/*!40103 SET @OLD_TIME_ZONE=@@TIME_ZONE */;
/*!40103 SET TIME_ZONE='+00:00' */;
/*!40014 SET @OLD_UNIQUE_CHECKS=@@UNIQUE_CHECKS, UNIQUE_CHECKS=0 */;
/*!40014 SET @OLD_FOREIGN_KEY_CHECKS=@@FOREIGN_KEY_CHECKS, FOREIGN_KEY_CHECKS=0 */;
/*!40101 SET @OLD_SQL_MODE=@@SQL_MODE, SQL_MODE='NO_AUTO_VALUE_ON_ZERO' */;
/*!40111 SET @OLD_SQL_NOTES=@@SQL_NOTES, SQL_NOTES=0 */;

--
-- Table structure for table `acid_products`
--

DROP TABLE IF EXISTS `acid_products`;
/*!40101 SET @saved_cs_client     = @@character_set_client */;
/*!50503 SET character_set_client = utf8mb4 */;
CREATE TABLE `acid_products` (
  `id` bigint unsigned NOT NULL AUTO_INCREMENT,
  `product_name` varchar(255) CHARACTER SET utf8mb4 COLLATE utf8mb4_unicode_ci NOT NULL,
  `stock` float DEFAULT NULL,
  `created_at` timestamp NULL DEFAULT NULL,
  `updated_at` timestamp NULL DEFAULT NULL,
  PRIMARY KEY (`id`)
) ENGINE=InnoDB AUTO_INCREMENT=2 DEFAULT CHARSET=utf8mb4 COLLATE=utf8mb4_unicode_ci;
/*!40101 SET character_set_client = @saved_cs_client */;

--
-- Dumping data for table `acid_products`
--

LOCK TABLES `acid_products` WRITE;
/*!40000 ALTER TABLE `acid_products` DISABLE KEYS */;
INSERT INTO `acid_products` VALUES (1,'Sulphuric Acid',0,NULL,'2023-04-29 23:16:44');
/*!40000 ALTER TABLE `acid_products` ENABLE KEYS */;
UNLOCK TABLES;

--
-- Table structure for table `admins`
--

DROP TABLE IF EXISTS `admins`;
/*!40101 SET @saved_cs_client     = @@character_set_client */;
/*!50503 SET character_set_client = utf8mb4 */;
CREATE TABLE `admins` (
  `id` bigint unsigned NOT NULL AUTO_INCREMENT,
  `name` varchar(255) CHARACTER SET utf8mb4 COLLATE utf8mb4_unicode_ci NOT NULL,
  `email` varchar(255) CHARACTER SET utf8mb4 COLLATE utf8mb4_unicode_ci NOT NULL,
  `email_verified_at` timestamp NULL DEFAULT NULL,
  `password` varchar(255) CHARACTER SET utf8mb4 COLLATE utf8mb4_unicode_ci NOT NULL,
  `phone` varchar(255) CHARACTER SET utf8mb4 COLLATE utf8mb4_unicode_ci DEFAULT NULL,
  `category` varchar(255) CHARACTER SET utf8mb4 COLLATE utf8mb4_unicode_ci DEFAULT NULL,
  `product` varchar(255) CHARACTER SET utf8mb4 COLLATE utf8mb4_unicode_ci DEFAULT NULL,
  `customer` varchar(255) CHARACTER SET utf8mb4 COLLATE utf8mb4_unicode_ci DEFAULT NULL,
  `bank` varchar(255) CHARACTER SET utf8mb4 COLLATE utf8mb4_unicode_ci DEFAULT NULL,
  `supplier` varchar(255) CHARACTER SET utf8mb4 COLLATE utf8mb4_unicode_ci DEFAULT NULL,
  `production` varchar(255) CHARACTER SET utf8mb4 COLLATE utf8mb4_unicode_ci DEFAULT NULL,
  `l_c` varchar(255) CHARACTER SET utf8mb4 COLLATE utf8mb4_unicode_ci DEFAULT NULL,
  `sale` varchar(255) CHARACTER SET utf8mb4 COLLATE utf8mb4_unicode_ci DEFAULT NULL,
  `chalan` int DEFAULT NULL,
  `alluser` varchar(255) CHARACTER SET utf8mb4 COLLATE utf8mb4_unicode_ci DEFAULT NULL,
  `expense` int DEFAULT NULL,
  `hr` int DEFAULT NULL,
  `adminuserrole` varchar(255) CHARACTER SET utf8mb4 COLLATE utf8mb4_unicode_ci DEFAULT NULL,
  `schedule` int DEFAULT NULL,
  `report` varchar(255) CHARACTER SET utf8mb4 COLLATE utf8mb4_unicode_ci DEFAULT NULL,
  `type` int DEFAULT NULL,
  `remember_token` varchar(100) CHARACTER SET utf8mb4 COLLATE utf8mb4_unicode_ci DEFAULT NULL,
  `current_team_id` bigint unsigned DEFAULT NULL,
  `profile_photo_path` varchar(2048) CHARACTER SET utf8mb4 COLLATE utf8mb4_unicode_ci DEFAULT NULL,
  `created_at` timestamp NULL DEFAULT NULL,
  `updated_at` timestamp NULL DEFAULT NULL,
  PRIMARY KEY (`id`),
  UNIQUE KEY `admins_email_unique` (`email`)
) ENGINE=InnoDB AUTO_INCREMENT=70 DEFAULT CHARSET=utf8mb4 COLLATE=utf8mb4_unicode_ci;
/*!40101 SET character_set_client = @saved_cs_client */;

--
-- Dumping data for table `admins`
--

LOCK TABLES `admins` WRITE;
/*!40000 ALTER TABLE `admins` DISABLE KEYS */;
INSERT INTO `admins` VALUES (1,'Admin','admin@gmail.com','2022-06-05 03:57:32','$2y$10$treaH3LmuHZueigLGakxP..557AtQXt7sC5GeYW5D14N73SG45RbS','01964870827','1','1','1','1','1','1','1','1',1,'1',1,1,'1',1,'1',1,'rWVrH2plEUgSIqFARD3aQrHv4UoxG74jUUzV36ytJ4JFoQrRysFUVF3x1bgi',NULL,'202207230834attachment_127807231.jfif','2022-06-05 03:57:32','2023-08-03 11:16:18'),(39,'Ayman','ayman@statait.com',NULL,'$2y$10$xMcJ65ulP7b0RrrSKKt7vu8yyY3bDIoDjP88M1orqpFvXJor4iZRK',NULL,NULL,'1','1',NULL,NULL,'1',NULL,'1',1,NULL,1,1,NULL,NULL,NULL,4,NULL,NULL,NULL,'2023-06-05 01:47:22','2023-11-26 08:36:53'),(41,'Shahedul','shahedul@statait.com',NULL,'$2y$10$3NfCLarSMdk6RU9l50cvvO.r5ICAedGCV8RAtU6SZzxrPQ2prMw6S',NULL,NULL,'1','1',NULL,NULL,NULL,NULL,'1',1,NULL,1,1,NULL,NULL,NULL,5,NULL,NULL,NULL,'2023-06-05 01:48:48',NULL),(42,'Omar','omar@statait.com',NULL,'$2y$10$wp3NKL3hNEKrt4YqSDrc/O/.MqGFJ877iAVhxtl/O5N.g1qzTuuRm',NULL,NULL,'1','1',NULL,NULL,NULL,NULL,'1',1,NULL,1,1,NULL,NULL,NULL,4,NULL,NULL,NULL,'2023-06-05 01:50:49',NULL),(43,'Zawad','zawad@statait.com',NULL,'$2y$10$9.o87m0qEVW5jiTIZDwWoePy1vQWUxe5pos3E5vt6TTYRM4iYUT36',NULL,NULL,'1','1',NULL,NULL,NULL,NULL,'1',1,NULL,1,1,NULL,NULL,NULL,4,NULL,NULL,NULL,'2023-06-05 01:51:46',NULL),(44,'Bappy','bappy@statait.com',NULL,'$2y$10$AV7H4Wniuj7KZMpB5ZP.guuKhxx8Fpd4/pN7bRkinDHsMVLaqGW/m',NULL,NULL,'1','1',NULL,NULL,NULL,NULL,'1',1,NULL,1,1,NULL,NULL,NULL,5,NULL,NULL,NULL,'2023-06-05 01:52:09',NULL),(45,'Shihab','shihab@statait.com',NULL,'$2y$10$qNw127iP3Zvrj8AT3e8eu.3BqCO1E317RgTQ.oPn2opXSq5dqOSrK',NULL,NULL,'1','1',NULL,NULL,NULL,NULL,'1',1,NULL,1,1,NULL,NULL,NULL,5,NULL,NULL,NULL,'2023-06-05 01:52:42',NULL),(46,'Ashraful','ashraful@statait.com',NULL,'$2y$10$gafn6vXe9a/cAwhBm4vi.eB88aNxmCDZnMIvM9N1uZEgXGL0QIRSy',NULL,NULL,'1','1',NULL,NULL,NULL,NULL,'1',NULL,NULL,1,1,NULL,NULL,NULL,8,NULL,NULL,NULL,'2023-06-05 01:53:05',NULL),(48,'Rahul','rahul@statait.com',NULL,'$2y$10$G8HBcsn8b72mLL0gZAH9eustupsI9S6OxVWoJrOHWx8d68PhZHyim',NULL,NULL,'1','1',NULL,NULL,NULL,NULL,'1',1,NULL,1,1,NULL,NULL,NULL,6,NULL,NULL,NULL,'2023-06-05 01:54:04',NULL),(49,'Elhum','elhum@statait.com',NULL,'$2y$10$4kHeSxHsfX/Eb84LCQmA6.IBENs44W6KzQQKgNc4f9gPjfqxgpnZ.',NULL,NULL,'1','1',NULL,NULL,NULL,NULL,'1',NULL,NULL,1,1,NULL,NULL,NULL,7,NULL,NULL,NULL,'2023-06-05 01:54:30',NULL),(50,'Kaushik','kaushik@statait.com',NULL,'$2y$10$GkOop.sLEu7uU4V6NtLO5OQRrpCi/Ok5Hwe3QQpXrxHSUlgxgG/GG',NULL,NULL,'1','1',NULL,NULL,NULL,NULL,'1',1,NULL,1,1,NULL,NULL,NULL,7,NULL,NULL,NULL,'2023-06-05 01:55:01',NULL),(51,'Shakawat','shakhawat@statait.com',NULL,'$2y$10$iwh2bp.S7/Q/WZybeQRjlOyj5KNw547u59wsjVOqIvdJmLd6KDdei',NULL,NULL,'1','1',NULL,NULL,NULL,NULL,'1',1,NULL,1,1,NULL,NULL,NULL,6,NULL,NULL,NULL,'2023-06-05 01:55:29','2023-08-21 09:51:37'),(52,'Abrar Haque','abrar@statait.com',NULL,'$2y$10$fk4OEXBTPfbV64oQQ5XYmOC/LyF7RfuZy0bVB6mWr3.Hrjx5fgFBy',NULL,'1','1','1','1','1','1','1','1',1,NULL,1,1,NULL,1,NULL,2,NULL,NULL,NULL,'2023-06-05 01:56:04',NULL),(53,'Antu','antu@statait.com',NULL,'$2y$10$gE5tfo0a8VwAAdACTuXBd..wJVLXR/oG3M44TfuMbIq98P2RlZj9W',NULL,NULL,'1','1',NULL,NULL,NULL,NULL,'1',NULL,NULL,1,1,NULL,NULL,NULL,7,NULL,NULL,NULL,'2023-06-06 10:24:18',NULL),(54,'Yeasin','yeasin@statait.com',NULL,'$2y$10$LlLAJ4tzq.i6.dAxJ8aLXuHRxf1U89oY4Ogd6OXub7d4vgca0KX7i',NULL,'1','1','1','1','1','1','1','1',1,NULL,1,1,NULL,1,'1',3,NULL,NULL,NULL,'2023-06-06 15:49:01',NULL),(56,'Motiur Rahman','motiur.statabd@gmail.com',NULL,'$2y$10$mc3GC64Y8tXD6yR92paNUe0bdfRCACVXM/8QVugRV16u6Reg4Ibue','01732524620',NULL,NULL,'1',NULL,NULL,NULL,NULL,'1',1,NULL,1,1,NULL,NULL,NULL,8,NULL,NULL,NULL,'2023-06-18 10:55:24',NULL),(57,'Abda','abda@gmail.com',NULL,'$2y$10$MnltVH24l1QXTGituyIdX.PA2lMQOU0zy4aJTzMB7nyQKBtzP89/W',NULL,NULL,'1','1',NULL,NULL,'1',NULL,'1',1,NULL,1,NULL,NULL,NULL,NULL,7,NULL,NULL,NULL,'2023-07-27 10:56:53',NULL),(58,'Akash','akash@statait.com',NULL,'$2y$10$dktNQ81IkEbOR.wld13/NOCCPmsg8vsfL4aSFVFXQsJMHyUFgdv.6','12345',NULL,'1','1',NULL,NULL,'1',NULL,'1',NULL,NULL,1,1,NULL,NULL,NULL,4,NULL,NULL,NULL,'2023-09-16 08:11:48',NULL),(62,'Rean','rean@statait.com',NULL,'$2y$10$hVAX6.RVNEbeE080wIPgbuQdZ1XLsP5gDyRUJv9RnfjEhQqYcZO.G','1234','1','1','1','1','1','1','1','1',1,NULL,1,1,NULL,1,NULL,3,NULL,NULL,NULL,'2023-09-25 06:28:16',NULL),(63,'Shadman Mujtahid','shadman.stata@gmail.com',NULL,'$2y$10$AxF0DBAnLTp1F2raQ35hne05c7bwKrB8qYdRJUQdKnFzy.jKry/mu','01733447609','1','1','1',NULL,NULL,NULL,'1','1',1,NULL,1,1,NULL,NULL,NULL,7,NULL,NULL,NULL,'2023-11-15 09:43:24',NULL),(65,'Adib','adib@statait.com',NULL,'$2y$10$kpUu/fxgp1Hzz4CdE1Swkumjlb0yGNeumoyciajrYfF7FClj3f1ym','12345',NULL,'1','1',NULL,NULL,NULL,NULL,NULL,1,NULL,1,1,NULL,NULL,NULL,4,NULL,NULL,NULL,'2023-11-22 07:05:15',NULL),(66,'James','istiakjames.stata@gmail.com',NULL,'$2y$10$NHfLKTYosEDHa40K9JxuD.DJUGlTAcoOJcRStWVPOFOqavEQrvPnC','0177995513',NULL,'1','1',NULL,NULL,NULL,NULL,'1',1,NULL,1,1,NULL,NULL,NULL,4,NULL,NULL,NULL,'2023-11-26 07:36:08',NULL),(67,'Dibakor','dibakor@statait.com',NULL,'$2y$10$OEbhwLWdLNtOsmA2siPBPepY/ehRkVKpQQjeObiq8g2HcZAD86Wk2','01728959727',NULL,'1','1',NULL,NULL,NULL,NULL,'1',1,NULL,1,1,NULL,NULL,NULL,8,NULL,NULL,NULL,'2023-11-30 04:31:41',NULL),(68,'Niaz','niaz@statait.com',NULL,'$2y$10$jI796xVbILSc5hjGbaxBXuFhtOjAuCCYS5PoR8BQZgLzVnoyRkUsK','12345678',NULL,NULL,NULL,'1',NULL,NULL,'1',NULL,1,NULL,1,1,NULL,NULL,'1',3,NULL,NULL,NULL,'2023-11-30 05:27:47',NULL),(69,'Md Shakil Hosen','manik@statait.com',NULL,'$2y$10$kHBLnwW7H7zfOtTWFHqfWeuoVM1HN6SF5dCm2OamwPO57onIguzB.',NULL,NULL,'1','1',NULL,NULL,NULL,NULL,'1',1,NULL,1,1,NULL,NULL,NULL,8,NULL,NULL,NULL,'2023-11-30 06:26:24',NULL);
/*!40000 ALTER TABLE `admins` ENABLE KEYS */;
UNLOCK TABLES;

--
-- Table structure for table `banks`
--

DROP TABLE IF EXISTS `banks`;
/*!40101 SET @saved_cs_client     = @@character_set_client */;
/*!50503 SET character_set_client = utf8mb4 */;
CREATE TABLE `banks` (
  `id` bigint unsigned NOT NULL AUTO_INCREMENT,
  `bank_name` varchar(255) CHARACTER SET utf8mb4 COLLATE utf8mb4_unicode_ci NOT NULL,
  `ac_name` varchar(255) CHARACTER SET utf8mb4 COLLATE utf8mb4_unicode_ci NOT NULL,
  `ano_name` varchar(255) CHARACTER SET utf8mb4 COLLATE utf8mb4_unicode_ci NOT NULL,
  `branch` varchar(255) CHARACTER SET utf8mb4 COLLATE utf8mb4_unicode_ci NOT NULL,
  `balance` float DEFAULT NULL,
  `loan` int DEFAULT '0',
  `created_at` timestamp NULL DEFAULT NULL,
  `updated_at` timestamp NULL DEFAULT NULL,
  PRIMARY KEY (`id`)
) ENGINE=InnoDB AUTO_INCREMENT=20 DEFAULT CHARSET=utf8mb4 COLLATE=utf8mb4_unicode_ci;
/*!40101 SET character_set_client = @saved_cs_client */;

--
-- Dumping data for table `banks`
--

LOCK TABLES `banks` WRITE;
/*!40000 ALTER TABLE `banks` DISABLE KEYS */;
INSERT INTO `banks` VALUES (5,'Capital','Capital','Capital','Capital',391074,NULL,'2023-03-25 07:07:00','2023-12-06 06:08:15'),(6,'bKash','bKash','bKash','bKash',0,0,'2023-06-05 01:39:10',NULL),(7,'Cash','Cash','Cash','Cash',-290,0,'2023-06-05 01:40:01','2023-10-30 06:48:44'),(8,'Petty Cash','Petty Cash','Petty Cash','Petty Cash',308370,0,'2023-06-05 01:40:24','2023-12-06 06:08:15'),(9,'City Bank','STATA IT Limited (CITY)','1403144628001','HeadOffice',5604,0,'2023-10-01 10:46:35','2023-11-30 08:04:16'),(10,'Card','Card','Card','Card',0,0,'2023-10-10 06:35:43','2023-10-11 05:13:10'),(11,'Shahjalal Islami Bank','STATA IT Ltd (SJIBL)','401911100004986','Shajadpur',21740,0,'2023-10-11 07:09:14','2023-11-30 08:04:05'),(12,'City Bank','Sumon Trading Corporation','1502666177001','Natunbazar',0,0,'2023-10-11 07:10:38',NULL),(14,'City Bank','STATA','1502734389001','Natunbazar',718,0,'2023-10-11 07:12:27','2023-11-28 07:28:06'),(15,'City Bank','Syed Tasdiq (MD Sir) City Bank','2102715627001','Natunbazar',87910,207065,'2023-10-11 07:13:21','2023-11-28 11:02:23'),(16,'Shahjalal Islami Bank','Syed Tasdiq (MD Sir) Shahjalal Bank','401912100008152','Shajadpur',0,0,'2023-10-11 07:13:47','2023-11-20 10:24:27'),(17,'Shahjalal Islami Bank','Syed Ashiq','401912100006472','Pragati Sarani Branch',0,1443033,'2023-11-01 05:46:52','2023-11-29 11:11:11'),(18,'Shahjalal Islami Bank','Hamza Al Deen Gazi','401912100008165','Pragati Sarani Branch',NULL,NULL,'2023-11-01 05:50:14',NULL),(19,'United Commercial Bank','Hamza Al Deen Gazi','1693201000016533','Matuail Branch',NULL,NULL,'2023-11-01 05:51:53',NULL);
/*!40000 ALTER TABLE `banks` ENABLE KEYS */;
UNLOCK TABLES;

--
-- Table structure for table `categories`
--

DROP TABLE IF EXISTS `categories`;
/*!40101 SET @saved_cs_client     = @@character_set_client */;
/*!50503 SET character_set_client = utf8mb4 */;
CREATE TABLE `categories` (
  `id` int NOT NULL AUTO_INCREMENT,
  `category_name` varchar(255) DEFAULT NULL,
  `created_at` timestamp(6) NULL DEFAULT NULL,
  `updated_at` timestamp(6) NULL DEFAULT NULL,
  PRIMARY KEY (`id`)
) ENGINE=InnoDB AUTO_INCREMENT=13 DEFAULT CHARSET=utf8mb3;
/*!40101 SET character_set_client = @saved_cs_client */;

--
-- Dumping data for table `categories`
--

LOCK TABLES `categories` WRITE;
/*!40000 ALTER TABLE `categories` DISABLE KEYS */;
INSERT INTO `categories` VALUES (1,'Smart Switch & Socket',NULL,NULL),(2,'Smart Lock',NULL,NULL),(3,'Smart Security Sensor',NULL,NULL),(4,'Smart Lighting & Decoration',NULL,NULL),(5,'Smart Health',NULL,NULL),(6,'Smart PDLC Film',NULL,NULL),(7,'Smart Home Appliances',NULL,NULL),(8,'Smart Switch Assembly Parts',NULL,NULL),(9,'Touch Switch & Socket',NULL,NULL),(10,'SHIPPING',NULL,NULL),(11,'testC',NULL,NULL),(12,'Traditional Switch & Sockets','2023-11-28 10:20:06.000000','2023-11-28 10:20:33.000000');
/*!40000 ALTER TABLE `categories` ENABLE KEYS */;
UNLOCK TABLES;

--
-- Table structure for table `chalan_items`
--

DROP TABLE IF EXISTS `chalan_items`;
/*!40101 SET @saved_cs_client     = @@character_set_client */;
/*!50503 SET character_set_client = utf8mb4 */;
CREATE TABLE `chalan_items` (
  `id` bigint unsigned NOT NULL AUTO_INCREMENT,
  `chalan_id` bigint unsigned NOT NULL,
  `product_id` varchar(20) CHARACTER SET utf8mb4 COLLATE utf8mb4_unicode_ci DEFAULT NULL,
  `qty` varchar(255) CHARACTER SET utf8mb4 COLLATE utf8mb4_unicode_ci NOT NULL,
  `rate` double(8,2) DEFAULT NULL,
  `amount` double(8,2) DEFAULT NULL,
  `created_at` timestamp NULL DEFAULT NULL,
  `updated_at` timestamp NULL DEFAULT NULL,
  `inventory` varchar(255) COLLATE utf8mb4_unicode_ci DEFAULT 'Not Mentioned',
  PRIMARY KEY (`id`),
  KEY `chalan_items_chalan_id_foreign` (`chalan_id`),
  CONSTRAINT `chalan_items_chalan_id_foreign` FOREIGN KEY (`chalan_id`) REFERENCES `chalans` (`id`) ON DELETE CASCADE
) ENGINE=InnoDB AUTO_INCREMENT=725 DEFAULT CHARSET=utf8mb4 COLLATE=utf8mb4_unicode_ci;
/*!40101 SET character_set_client = @saved_cs_client */;

--
-- Dumping data for table `chalan_items`
--

LOCK TABLES `chalan_items` WRITE;
/*!40000 ALTER TABLE `chalan_items` DISABLE KEYS */;
INSERT INTO `chalan_items` VALUES (14,6,'172','5',1500.00,7500.00,'2023-06-22 13:00:49','2023-06-22 13:00:49','Not Mentioned'),(15,6,'11','5',700.00,3500.00,'2023-06-22 13:00:49','2023-06-22 13:00:49','Not Mentioned'),(16,6,'175','12',2600.00,31200.00,'2023-06-22 13:00:49','2023-06-22 13:00:49','Not Mentioned'),(17,6,'17','12',700.00,8400.00,'2023-06-22 13:00:49','2023-06-22 13:00:49','Not Mentioned'),(18,6,'105','11',1800.00,19800.00,'2023-06-22 13:00:49','2023-06-22 13:00:49','Not Mentioned'),(19,6,'111','20',1900.00,38000.00,'2023-06-22 13:00:49','2023-06-22 13:00:49','Not Mentioned'),(20,6,'207','12',700.00,8400.00,'2023-06-22 13:00:49','2023-06-22 13:00:49','Not Mentioned'),(21,6,'176','12',2200.00,26400.00,'2023-06-22 13:00:49','2023-06-22 13:00:49','Not Mentioned'),(22,6,'19','10',700.00,7000.00,'2023-06-22 13:00:49','2023-06-22 13:00:49','Not Mentioned'),(23,6,'177','10',2300.00,23000.00,'2023-06-22 13:00:49','2023-06-22 13:00:49','Not Mentioned'),(24,6,'41','20',2900.00,58000.00,'2023-06-22 13:00:49','2023-06-22 13:00:49','Not Mentioned'),(25,6,'170','2',22000.00,44000.00,'2023-06-22 13:00:49','2023-06-22 13:00:49','Not Mentioned'),(26,6,'108','11',1700.00,18700.00,'2023-06-22 13:00:49','2023-06-22 13:00:49','Not Mentioned'),(27,6,'225','5',700.00,3500.00,'2023-06-22 13:00:49','2023-06-22 13:00:49','Not Mentioned'),(28,6,'223','5',1700.00,8500.00,'2023-06-22 13:00:49','2023-06-22 13:00:49','Not Mentioned'),(29,6,'264','16',2000.00,32000.00,'2023-06-22 13:00:49','2023-06-22 13:00:49','Not Mentioned'),(30,7,'265','50',5000.00,250000.00,'2023-06-26 14:31:22','2023-06-26 14:31:22','Not Mentioned'),(32,9,'56','50',1500.00,75000.00,'2023-07-08 11:36:21','2023-07-08 11:36:21','Not Mentioned'),(33,9,'12','50',700.00,35000.00,'2023-07-08 11:36:21','2023-07-08 11:36:21','Not Mentioned'),(34,9,'252','47',1700.00,79900.00,'2023-07-08 11:36:21','2023-07-08 11:36:21','Not Mentioned'),(35,9,'270','450',1700.00,765000.00,'2023-07-08 11:36:21','2023-07-08 11:36:21','Not Mentioned'),(36,10,'46','1',700.00,700.00,'2023-07-08 12:16:14','2023-07-08 12:16:14','Not Mentioned'),(37,10,'3','1',2500.00,2500.00,'2023-07-08 12:16:14','2023-07-08 12:16:14','Not Mentioned'),(38,11,'270','50',1700.00,85000.00,'2023-07-10 10:35:41','2023-07-10 10:35:41','Not Mentioned'),(39,12,'28','50',2200.00,110000.00,'2023-07-10 14:44:55','2023-07-10 14:44:55','Not Mentioned'),(40,12,'30','50',2500.00,125000.00,'2023-07-10 14:44:55','2023-07-10 14:44:55','Not Mentioned'),(41,12,'32','50',2900.00,145000.00,'2023-07-10 14:44:55','2023-07-10 14:44:55','Not Mentioned'),(42,12,'270','500',1700.00,850000.00,'2023-07-10 14:44:55','2023-07-10 14:44:55','Not Mentioned'),(43,12,'112','100',1800.00,180000.00,'2023-07-10 14:44:55','2023-07-10 14:44:55','Not Mentioned'),(44,12,'252','100',1700.00,170000.00,'2023-07-10 14:44:55','2023-07-10 14:44:55','Not Mentioned'),(45,12,'265','50',5000.00,250000.00,'2023-07-10 14:44:55','2023-07-10 14:44:55','Not Mentioned'),(46,12,'253','50',6000.00,300000.00,'2023-07-10 14:44:55','2023-07-10 14:44:55','Not Mentioned'),(47,12,'254','50',3000.00,150000.00,'2023-07-10 14:44:55','2023-07-10 14:44:55','Not Mentioned'),(48,12,'255','50',2500.00,125000.00,'2023-07-10 14:44:55','2023-07-10 14:44:55','Not Mentioned'),(49,13,'208','1',700.00,700.00,'2023-07-11 14:24:29','2023-07-11 14:24:29','Not Mentioned'),(50,13,'66','1',2200.00,2200.00,'2023-07-11 14:24:29','2023-07-11 14:24:29','Not Mentioned'),(53,17,'88','1',NULL,NULL,'2023-08-01 15:24:12','2023-08-01 15:24:12','Not Mentioned'),(54,18,'132','1',0.00,0.00,'2023-08-02 10:22:42','2023-08-02 10:22:42','Not Mentioned'),(55,18,'11','1',700.00,700.00,'2023-08-02 10:22:42','2023-08-02 10:22:42','Not Mentioned'),(56,18,'1','1',1500.00,1500.00,'2023-08-02 10:22:43','2023-08-02 10:22:43','Not Mentioned'),(57,19,'191','1',NULL,NULL,'2023-08-05 11:18:26','2023-08-05 11:18:26','Not Mentioned'),(58,20,'247','4',NULL,NULL,'2023-08-06 12:25:51','2023-08-06 12:25:51','Not Mentioned'),(59,20,'266','1',NULL,NULL,'2023-08-06 12:25:51','2023-08-06 12:25:51','Not Mentioned'),(60,20,'269','3',NULL,NULL,'2023-08-06 12:25:51','2023-08-06 12:25:51','Not Mentioned'),(61,21,'175','1',NULL,NULL,'2023-08-07 11:12:02','2023-08-07 11:12:02','Not Mentioned'),(62,21,'18','1',NULL,NULL,'2023-08-07 11:12:02','2023-08-07 11:12:02','Not Mentioned'),(63,21,'74','1',NULL,NULL,'2023-08-07 11:12:02','2023-08-07 11:12:02','Not Mentioned'),(64,21,'144','1',NULL,NULL,'2023-08-07 11:12:02','2023-08-07 11:12:02','Not Mentioned'),(65,23,'79','1',44000.00,44000.00,'2023-08-08 10:14:44','2023-08-08 10:14:44','Not Mentioned'),(66,24,'144','1',NULL,NULL,'2023-08-08 11:39:05','2023-08-08 11:39:05','Not Mentioned'),(67,24,'50','1',NULL,NULL,'2023-08-08 11:39:05','2023-08-08 11:39:05','Not Mentioned'),(68,24,'61','1',NULL,NULL,'2023-08-08 11:39:05','2023-08-08 11:39:05','Not Mentioned'),(69,25,'144','1',NULL,NULL,'2023-08-08 11:55:15','2023-08-08 11:55:15','Not Mentioned'),(70,25,'50','2',NULL,NULL,'2023-08-08 11:55:15','2023-08-08 11:55:15','Not Mentioned'),(71,25,'61','2',NULL,NULL,'2023-08-08 11:55:15','2023-08-08 11:55:15','Not Mentioned'),(72,26,'3','27',1800.00,48600.00,'2023-08-17 13:41:58','2023-08-17 13:41:58','Not Mentioned'),(73,26,'175','30',2600.00,78000.00,'2023-08-17 13:41:58','2023-08-17 13:41:58','Not Mentioned'),(74,26,'111','32',1900.00,60800.00,'2023-08-17 13:41:58','2023-08-17 13:41:58','Not Mentioned'),(75,26,'177','32',2300.00,73600.00,'2023-08-17 13:41:58','2023-08-17 13:41:58','Not Mentioned'),(76,26,'170','1',22000.00,22000.00,'2023-08-17 13:41:58','2023-08-17 13:41:58','Not Mentioned'),(77,27,'177','6',NULL,NULL,'2023-08-23 09:44:20','2023-08-23 09:44:20','Not Mentioned'),(78,27,'19','6',NULL,NULL,'2023-08-23 09:44:20','2023-08-23 09:44:20','Not Mentioned'),(79,28,'176','1',NULL,NULL,'2023-08-23 09:45:12','2023-08-23 09:45:12','Not Mentioned'),(80,28,'208','1',NULL,NULL,'2023-08-23 09:45:12','2023-08-23 09:45:12','Not Mentioned'),(81,29,'11','1',700.00,700.00,'2023-08-24 10:53:18','2023-08-24 10:53:18','Not Mentioned'),(82,29,'1','1',1500.00,1500.00,'2023-08-24 10:53:18','2023-08-24 10:53:18','Not Mentioned'),(83,29,'11','1',700.00,700.00,'2023-08-24 10:53:18','2023-08-24 10:53:18','Not Mentioned'),(84,29,'1','1',1500.00,1500.00,'2023-08-24 10:53:18','2023-08-24 10:53:18','Not Mentioned'),(85,30,'27','1',NULL,NULL,'2023-08-28 10:29:06','2023-08-28 10:29:06','Not Mentioned'),(86,30,'29','7',NULL,NULL,'2023-08-28 10:29:06','2023-08-28 10:29:06','Not Mentioned'),(87,30,'31','6',NULL,NULL,'2023-08-28 10:29:06','2023-08-28 10:29:06','Not Mentioned'),(88,30,'33','10',NULL,NULL,'2023-08-28 10:29:06','2023-08-28 10:29:06','Not Mentioned'),(89,30,'111','5',NULL,NULL,'2023-08-28 10:29:06','2023-08-28 10:29:06','Not Mentioned'),(90,30,'35','2',NULL,NULL,'2023-08-28 10:29:06','2023-08-28 10:29:06','Not Mentioned'),(91,31,'175','1',NULL,NULL,'2023-08-29 05:38:22','2023-08-29 05:38:22','Not Mentioned'),(92,31,'18','1',NULL,NULL,'2023-08-29 05:38:22','2023-08-29 05:38:22','Not Mentioned'),(93,31,'229','1',NULL,NULL,'2023-08-29 05:38:22','2023-08-29 05:38:22','Not Mentioned'),(94,32,'175','3',2600.00,7800.00,'2023-08-29 06:17:04','2023-08-29 06:17:04','Not Mentioned'),(95,32,'49','1',700.00,700.00,'2023-08-29 06:17:04','2023-08-29 06:17:04','Not Mentioned'),(96,32,'18','2',700.00,1400.00,'2023-08-29 06:17:04','2023-08-29 06:17:04','Not Mentioned'),(97,32,'79','1',44000.00,44000.00,'2023-08-29 06:17:04','2023-08-29 06:17:04','Not Mentioned'),(98,33,'33','11',NULL,NULL,'2023-08-29 06:41:57','2023-08-29 06:41:57','Not Mentioned'),(99,33,'37','4',NULL,NULL,'2023-08-29 06:41:57','2023-08-29 06:41:57','Not Mentioned'),(100,34,'129','3',NULL,NULL,'2023-08-30 05:19:31','2023-08-30 05:19:31','Not Mentioned'),(101,34,'158','2',NULL,NULL,'2023-08-30 05:19:31','2023-08-30 05:19:31','Not Mentioned'),(102,34,'133','3',NULL,NULL,'2023-08-30 05:19:31','2023-08-30 05:19:31','Not Mentioned'),(103,34,'148','1',NULL,NULL,'2023-08-30 05:19:31','2023-08-30 05:19:31','Not Mentioned'),(104,34,'135','1',NULL,NULL,'2023-08-30 05:19:31','2023-08-30 05:19:31','Not Mentioned'),(105,34,'138','1',NULL,NULL,'2023-08-30 05:19:31','2023-08-30 05:19:31','Not Mentioned'),(106,35,'65','1',2200.00,2200.00,'2023-08-30 07:40:32','2023-08-30 07:40:32','Not Mentioned'),(107,35,'53','1',700.00,700.00,'2023-08-30 07:40:32','2023-08-30 07:40:32','Not Mentioned'),(108,35,'175','2',2600.00,5200.00,'2023-08-30 07:40:32','2023-08-30 07:40:32','Not Mentioned'),(109,35,'49','2',700.00,1400.00,'2023-08-30 07:40:32','2023-08-30 07:40:32','Not Mentioned'),(110,36,'177','1',2300.00,2300.00,'2023-08-30 07:44:49','2023-08-30 07:44:49','Not Mentioned'),(111,36,'19','1',700.00,700.00,'2023-08-30 07:44:49','2023-08-30 07:44:49','Not Mentioned'),(112,36,'3','1',1800.00,1800.00,'2023-08-30 07:44:49','2023-08-30 07:44:49','Not Mentioned'),(113,36,'46','1',700.00,700.00,'2023-08-30 07:44:49','2023-08-30 07:44:49','Not Mentioned'),(114,36,'5','1',2200.00,2200.00,'2023-08-30 07:44:49','2023-08-30 07:44:49','Not Mentioned'),(115,36,'16','1',700.00,700.00,'2023-08-30 07:44:49','2023-08-30 07:44:49','Not Mentioned'),(116,37,'18','2',NULL,NULL,'2023-09-03 06:53:44','2023-09-03 06:53:44','Not Mentioned'),(117,37,'175','2',NULL,NULL,'2023-09-03 06:53:44','2023-09-03 06:53:44','Not Mentioned'),(118,37,'5','4',NULL,NULL,'2023-09-03 06:53:44','2023-09-03 06:53:44','Not Mentioned'),(119,37,'16','4',NULL,NULL,'2023-09-03 06:53:44','2023-09-03 06:53:44','Not Mentioned'),(120,37,'112','4',NULL,NULL,'2023-09-03 06:53:44','2023-09-03 06:53:44','Not Mentioned'),(121,38,'175','2',NULL,NULL,'2023-09-03 06:54:07','2023-09-03 06:54:07','Not Mentioned'),(122,38,'18','2',NULL,NULL,'2023-09-03 06:54:07','2023-09-03 06:54:07','Not Mentioned'),(123,38,'5','3',NULL,NULL,'2023-09-03 06:54:07','2023-09-03 06:54:07','Not Mentioned'),(124,38,'16','3',NULL,NULL,'2023-09-03 06:54:07','2023-09-03 06:54:07','Not Mentioned'),(125,38,'112','7',NULL,NULL,'2023-09-03 06:54:07','2023-09-03 06:54:07','Not Mentioned'),(126,39,'131','1',899.00,899.00,'2023-09-04 06:20:21','2023-09-04 06:20:21','Not Mentioned'),(127,39,'132','1',899.00,899.00,'2023-09-04 06:20:21','2023-09-04 06:20:21','Not Mentioned'),(128,39,'133','1',999.00,999.00,'2023-09-04 06:20:21','2023-09-04 06:20:21','Not Mentioned'),(129,39,'134','1',999.00,999.00,'2023-09-04 06:20:21','2023-09-04 06:20:21','Not Mentioned'),(130,39,'135','1',1150.00,1150.00,'2023-09-04 06:20:21','2023-09-04 06:20:21','Not Mentioned'),(131,39,'136','1',1150.00,1150.00,'2023-09-04 06:20:21','2023-09-04 06:20:21','Not Mentioned'),(132,39,'137','1',1350.00,1350.00,'2023-09-04 06:20:21','2023-09-04 06:20:21','Not Mentioned'),(133,39,'138','1',1350.00,1350.00,'2023-09-04 06:20:21','2023-09-04 06:20:21','Not Mentioned'),(134,39,'129','1',1400.00,1400.00,'2023-09-04 06:20:21','2023-09-04 06:20:21','Not Mentioned'),(135,39,'130','1',1400.00,1400.00,'2023-09-04 06:20:21','2023-09-04 06:20:21','Not Mentioned'),(136,39,'148','1',1800.00,1800.00,'2023-09-04 06:20:21','2023-09-04 06:20:21','Not Mentioned'),(137,39,'149','1',1800.00,1800.00,'2023-09-04 06:20:21','2023-09-04 06:20:21','Not Mentioned'),(138,39,'152','1',1300.00,1300.00,'2023-09-04 06:20:21','2023-09-04 06:20:21','Not Mentioned'),(139,39,'153','1',1300.00,1300.00,'2023-09-04 06:20:21','2023-09-04 06:20:21','Not Mentioned'),(140,39,'158','1',1500.00,1500.00,'2023-09-04 06:20:21','2023-09-04 06:20:21','Not Mentioned'),(141,39,'159','1',1500.00,1500.00,'2023-09-04 06:20:21','2023-09-04 06:20:21','Not Mentioned'),(142,39,'156','1',1400.00,1400.00,'2023-09-04 06:20:21','2023-09-04 06:20:21','Not Mentioned'),(143,39,'157','1',1400.00,1400.00,'2023-09-04 06:20:21','2023-09-04 06:20:21','Not Mentioned'),(144,39,'160','1',1500.00,1500.00,'2023-09-04 06:20:21','2023-09-04 06:20:21','Not Mentioned'),(145,39,'161','1',1500.00,1500.00,'2023-09-04 06:20:21','2023-09-04 06:20:21','Not Mentioned'),(146,40,'226','1',4000.00,4000.00,'2023-09-05 05:38:13','2023-09-05 05:38:13','Not Mentioned'),(147,42,'34','2',NULL,NULL,'2023-09-07 08:20:51','2023-09-07 08:20:51','Not Mentioned'),(148,42,'26','3',NULL,NULL,'2023-09-07 08:20:51','2023-09-07 08:20:51','Not Mentioned'),(149,43,'265','2',NULL,NULL,'2023-09-07 11:19:39','2023-09-07 11:19:39','Not Mentioned'),(150,43,'19','1',NULL,NULL,'2023-09-07 11:19:39','2023-09-07 11:19:39','Not Mentioned'),(151,43,'177','1',NULL,NULL,'2023-09-07 11:19:39','2023-09-07 11:19:39','Not Mentioned'),(152,44,'74','1',NULL,NULL,'2023-09-07 13:33:39','2023-09-07 13:33:39','Not Mentioned'),(153,44,'27','3',NULL,NULL,'2023-09-07 13:33:39','2023-09-07 13:33:39','Not Mentioned'),(154,44,'29','5',NULL,NULL,'2023-09-07 13:33:39','2023-09-07 13:33:39','Not Mentioned'),(155,44,'31','7',NULL,NULL,'2023-09-07 13:33:39','2023-09-07 13:33:39','Not Mentioned'),(156,44,'177','4',NULL,NULL,'2023-09-07 13:33:39','2023-09-07 13:33:39','Not Mentioned'),(157,44,'19','4',NULL,NULL,'2023-09-07 13:33:39','2023-09-07 13:33:39','Not Mentioned'),(158,44,'176','6',NULL,NULL,'2023-09-07 13:33:39','2023-09-07 13:33:39','Not Mentioned'),(159,44,'207','6',NULL,NULL,'2023-09-07 13:33:39','2023-09-07 13:33:39','Not Mentioned'),(160,44,'197','1',NULL,NULL,'2023-09-07 13:33:39','2023-09-07 13:33:39','Not Mentioned'),(161,45,'82','1',NULL,NULL,'2023-09-08 09:22:29','2023-09-08 09:22:29','Not Mentioned'),(162,46,'149','20',NULL,NULL,'2023-09-13 07:05:17','2023-09-13 07:05:17','Not Mentioned'),(163,47,'22','14',NULL,NULL,'2023-09-14 07:59:46','2023-09-14 07:59:46','Not Mentioned'),(164,48,'131','1',899.00,899.00,'2023-09-19 05:11:15','2023-09-19 05:11:15','Not Mentioned'),(165,48,'133','1',999.00,999.00,'2023-09-19 05:11:15','2023-09-19 05:11:15','Not Mentioned'),(166,48,'135','1',1150.00,1150.00,'2023-09-19 05:11:15','2023-09-19 05:11:15','Not Mentioned'),(167,48,'18','1',700.00,700.00,'2023-09-19 05:11:15','2023-09-19 05:11:15','Not Mentioned'),(168,48,'175','1',2600.00,2600.00,'2023-09-19 05:11:15','2023-09-19 05:11:15','Not Mentioned'),(169,48,'130','1',1400.00,1400.00,'2023-09-19 05:11:15','2023-09-19 05:11:15','Not Mentioned'),(170,48,'149','1',1800.00,1800.00,'2023-09-19 05:11:15','2023-09-19 05:11:15','Not Mentioned'),(171,49,'76','1',35000.00,35000.00,'2023-09-20 04:37:36','2023-09-20 04:37:36','Not Mentioned'),(172,50,'175','1',NULL,NULL,'2023-09-20 09:04:44','2023-09-20 09:04:44','Not Mentioned'),(173,50,'18','1',NULL,NULL,'2023-09-20 09:04:44','2023-09-20 09:04:44','Not Mentioned'),(174,51,'132','1',899.00,899.00,'2023-09-24 04:41:00','2023-09-24 04:41:00','Not Mentioned'),(175,51,'134','1',999.00,999.00,'2023-09-24 04:41:00','2023-09-24 04:41:00','Not Mentioned'),(176,51,'136','1',1150.00,1150.00,'2023-09-24 04:41:00','2023-09-24 04:41:00','Not Mentioned'),(177,51,'137','1',1350.00,1350.00,'2023-09-24 04:41:00','2023-09-24 04:41:00','Not Mentioned'),(178,51,'129','1',1400.00,1400.00,'2023-09-24 04:41:00','2023-09-24 04:41:00','Not Mentioned'),(179,51,'148','1',1800.00,1800.00,'2023-09-24 04:41:00','2023-09-24 04:41:00','Not Mentioned'),(180,52,'78','1',NULL,NULL,'2023-09-25 04:45:31','2023-09-25 04:45:31','Not Mentioned'),(181,52,'82','2',NULL,NULL,'2023-09-25 04:45:31','2023-09-25 04:45:31','Not Mentioned'),(182,53,'50','4',700.00,2800.00,'2023-09-25 04:52:54','2023-09-25 04:52:54','Not Mentioned'),(183,53,'175','4',2600.00,10400.00,'2023-09-25 04:52:54','2023-09-25 04:52:54','Not Mentioned'),(184,53,'41','1',2900.00,2900.00,'2023-09-25 04:52:54','2023-09-25 04:52:54','Not Mentioned'),(185,54,'175','4',NULL,NULL,'2023-09-25 04:59:08','2023-09-25 04:59:08','Not Mentioned'),(186,54,'18','4',NULL,NULL,'2023-09-25 04:59:08','2023-09-25 04:59:08','Not Mentioned'),(187,54,'144','1',NULL,NULL,'2023-09-25 04:59:08','2023-09-25 04:59:08','Not Mentioned'),(188,55,'47','2',500.00,1000.00,'2023-09-25 06:11:42','2023-09-25 06:11:42','Not Mentioned'),(189,55,'5','2',2200.00,4400.00,'2023-09-25 06:11:42','2023-09-25 06:11:42','Not Mentioned'),(191,56,'273','15',NULL,NULL,'2023-09-27 06:34:44','2023-09-27 06:34:44','Not Mentioned'),(192,57,'5','06',2200.00,13200.00,'2023-09-30 08:16:36','2023-09-30 08:16:36','Not Mentioned'),(193,57,'16','06',700.00,4200.00,'2023-09-30 08:16:36','2023-09-30 08:16:36','Not Mentioned'),(194,58,'108','1',1700.00,1700.00,'2023-09-30 09:11:27','2023-09-30 09:11:27','Not Mentioned'),(195,58,'105','1',1800.00,1800.00,'2023-09-30 09:11:27','2023-09-30 09:11:27','Not Mentioned'),(196,58,'5','1',2200.00,2200.00,'2023-09-30 09:11:27','2023-09-30 09:11:27','Not Mentioned'),(197,58,'207','1',700.00,700.00,'2023-09-30 09:11:27','2023-09-30 09:11:27','Not Mentioned'),(198,58,'114','1',1800.00,1800.00,'2023-09-30 09:11:27','2023-09-30 09:11:27','Not Mentioned'),(199,58,'3','1',1800.00,1800.00,'2023-09-30 09:11:27','2023-09-30 09:11:27','Not Mentioned'),(200,58,'14','1',700.00,700.00,'2023-09-30 09:11:27','2023-09-30 09:11:27','Not Mentioned'),(201,58,'3','1',1800.00,1800.00,'2023-09-30 09:11:27','2023-09-30 09:11:27','Not Mentioned'),(202,58,'19','1',700.00,700.00,'2023-09-30 09:11:27','2023-09-30 09:11:27','Not Mentioned'),(203,58,'3','1',1800.00,1800.00,'2023-09-30 09:11:27','2023-09-30 09:11:27','Not Mentioned'),(204,58,'11','1',700.00,700.00,'2023-09-30 09:11:27','2023-09-30 09:11:27','Not Mentioned'),(205,58,'175','1',2600.00,2600.00,'2023-09-30 09:11:27','2023-09-30 09:11:27','Not Mentioned'),(206,58,'18','1',700.00,700.00,'2023-09-30 09:11:27','2023-09-30 09:11:27','Not Mentioned'),(207,58,'16','1',700.00,700.00,'2023-09-30 09:11:27','2023-09-30 09:11:27','Not Mentioned'),(208,58,'5','1',2200.00,2200.00,'2023-09-30 09:11:27','2023-09-30 09:11:27','Not Mentioned'),(209,58,'112','1',1800.00,1800.00,'2023-09-30 09:11:27','2023-09-30 09:11:27','Not Mentioned'),(210,58,'112','1',1800.00,1800.00,'2023-09-30 09:11:27','2023-09-30 09:11:27','Not Mentioned'),(211,59,'175','1',2600.00,2600.00,'2023-10-01 05:29:03','2023-10-01 05:29:03','Not Mentioned'),(212,59,'18','1',700.00,700.00,'2023-10-01 05:29:03','2023-10-01 05:29:03','Not Mentioned'),(213,60,'16','1',700.00,700.00,'2023-10-01 06:10:59','2023-10-01 06:10:59','Not Mentioned'),(214,60,'5','1',2200.00,2200.00,'2023-10-01 06:10:59','2023-10-01 06:10:59','Not Mentioned'),(215,60,'22','1',2400.00,2400.00,'2023-10-01 06:10:59','2023-10-01 06:10:59','Not Mentioned'),(216,61,'137','4',1350.00,5400.00,'2023-10-02 04:58:00','2023-10-02 04:58:00','Not Mentioned'),(217,61,'135','10',1150.00,11500.00,'2023-10-02 04:58:00','2023-10-02 04:58:00','Not Mentioned'),(218,61,'133','6',999.00,5994.00,'2023-10-02 04:58:00','2023-10-02 04:58:00','Not Mentioned'),(219,61,'131','4',899.00,3596.00,'2023-10-02 04:58:00','2023-10-02 04:58:00','Not Mentioned'),(220,61,'148','5',1800.00,9000.00,'2023-10-02 04:58:00','2023-10-02 04:58:00','Not Mentioned'),(221,61,'129','6',1400.00,8400.00,'2023-10-02 04:58:00','2023-10-02 04:58:00','Not Mentioned'),(222,61,'158','6',1500.00,9000.00,'2023-10-02 04:58:00','2023-10-02 04:58:00','Not Mentioned'),(223,61,'138','1',1350.00,1350.00,'2023-10-02 04:58:00','2023-10-02 04:58:00','Not Mentioned'),(224,62,'156','8',1400.00,11200.00,'2023-10-02 05:04:51','2023-10-02 05:04:51','Not Mentioned'),(225,62,'152','3',1300.00,3900.00,'2023-10-02 05:04:51','2023-10-02 05:04:51','Not Mentioned'),(226,63,'275','1',10.00,10.00,'2023-10-02 05:20:01','2023-10-02 05:20:01','Not Mentioned'),(227,64,'69','1',25000.00,25000.00,'2023-10-03 05:25:29','2023-10-03 05:25:29','Not Mentioned'),(228,64,'68','1',27999.00,27999.00,'2023-10-03 05:25:29','2023-10-03 05:25:29','Not Mentioned'),(229,64,'80','1',42500.00,42500.00,'2023-10-03 05:25:29','2023-10-03 05:25:29','Not Mentioned'),(230,64,'170','1',22000.00,22000.00,'2023-10-03 05:25:29','2023-10-03 05:25:29','Not Mentioned'),(231,66,'3','1',NULL,NULL,'2023-10-03 09:08:03','2023-10-03 09:08:03','Not Mentioned'),(232,66,'14','1',NULL,NULL,'2023-10-03 09:08:04','2023-10-03 09:08:04','Not Mentioned'),(233,67,'70','1',NULL,NULL,'2023-10-05 06:40:20','2023-10-05 06:40:20','Not Mentioned'),(234,68,'149','2',NULL,NULL,'2023-10-05 09:26:34','2023-10-05 09:26:34','Not Mentioned'),(235,68,'177','1',NULL,NULL,'2023-10-05 09:26:34','2023-10-05 09:26:34','Not Mentioned'),(236,68,'52','1',NULL,NULL,'2023-10-05 09:26:34','2023-10-05 09:26:34','Not Mentioned'),(237,68,'5','2',NULL,NULL,'2023-10-05 09:26:34','2023-10-05 09:26:34','Not Mentioned'),(238,68,'16','2',NULL,NULL,'2023-10-05 09:26:34','2023-10-05 09:26:34','Not Mentioned'),(239,68,'1','1',NULL,NULL,'2023-10-05 09:26:34','2023-10-05 09:26:34','Not Mentioned'),(240,68,'12','1',NULL,NULL,'2023-10-05 09:26:34','2023-10-05 09:26:34','Not Mentioned'),(241,68,'66','2',NULL,NULL,'2023-10-05 09:26:34','2023-10-05 09:26:34','Not Mentioned'),(242,68,'54','2',NULL,NULL,'2023-10-05 09:26:34','2023-10-05 09:26:34','Not Mentioned'),(243,68,'175','2',NULL,NULL,'2023-10-05 09:26:34','2023-10-05 09:26:34','Not Mentioned'),(244,68,'18','2',NULL,NULL,'2023-10-05 09:26:34','2023-10-05 09:26:34','Not Mentioned'),(245,69,'90','2',NULL,NULL,'2023-10-08 04:58:12','2023-10-08 04:58:12','Not Mentioned'),(246,69,'228','2',NULL,NULL,'2023-10-08 04:58:12','2023-10-08 04:58:12','Not Mentioned'),(247,70,'197','1',7500.00,7500.00,'2023-10-09 06:23:22','2023-10-09 06:23:22','Not Mentioned'),(248,71,'43','2',700.00,1400.00,'2023-10-10 06:06:01','2023-10-10 06:06:01','Not Mentioned'),(249,72,'55','2',NULL,NULL,'2023-10-10 06:37:05','2023-10-10 06:37:05','Not Mentioned'),(250,72,'43','2',NULL,NULL,'2023-10-10 06:37:05','2023-10-10 06:37:05','Not Mentioned'),(251,73,'165','1',3300.00,3300.00,'2023-10-11 04:47:30','2023-10-11 04:47:30','Not Mentioned'),(252,74,'50','3',700.00,2100.00,'2023-10-11 04:47:56','2023-10-11 04:47:56','Not Mentioned'),(253,74,'46','3',700.00,2100.00,'2023-10-11 04:47:56','2023-10-11 04:47:56','Not Mentioned'),(254,74,'7','3',2600.00,7800.00,'2023-10-11 04:47:56','2023-10-11 04:47:56','Not Mentioned'),(255,74,'3','3',1800.00,5400.00,'2023-10-11 04:47:56','2023-10-11 04:47:56','Not Mentioned'),(256,75,'79','1',44000.00,44000.00,'2023-10-11 05:15:40','2023-10-11 05:15:40','Not Mentioned'),(257,75,'112','6',1800.00,10800.00,'2023-10-11 05:15:40','2023-10-11 05:15:40','Not Mentioned'),(258,75,'50','3',700.00,2100.00,'2023-10-11 05:15:40','2023-10-11 05:15:40','Not Mentioned'),(259,75,'7','3',2600.00,7800.00,'2023-10-11 05:15:40','2023-10-11 05:15:40','Not Mentioned'),(260,76,'5','1',2200.00,2200.00,'2023-10-11 05:20:40','2023-10-11 05:20:40','Not Mentioned'),(261,76,'112','1',1800.00,1800.00,'2023-10-11 05:20:40','2023-10-11 05:20:40','Not Mentioned'),(262,77,'74','1',NULL,NULL,'2023-10-11 13:25:10','2023-10-11 13:25:10','Not Mentioned'),(263,77,'25','6',NULL,NULL,'2023-10-11 13:25:10','2023-10-11 13:25:10','Not Mentioned'),(264,77,'207','6',NULL,NULL,'2023-10-11 13:25:10','2023-10-11 13:25:10','Not Mentioned'),(265,78,'3','1',1800.00,700.00,'2023-10-12 05:51:56','2023-10-12 05:51:56','Not Mentioned'),(266,78,'46','1',700.00,700.00,'2023-10-12 05:51:56','2023-10-12 05:51:56','Not Mentioned'),(267,78,'5','1',2200.00,2200.00,'2023-10-12 05:51:56','2023-10-12 05:51:56','Not Mentioned'),(268,78,'16','1',700.00,700.00,'2023-10-12 05:51:56','2023-10-12 05:51:56','Not Mentioned'),(269,78,'50','1',700.00,700.00,'2023-10-12 05:51:56','2023-10-12 05:51:56','Not Mentioned'),(270,78,'7','1',2600.00,700.00,'2023-10-12 05:51:56','2023-10-12 05:51:56','Not Mentioned'),(271,79,'74','1',18000.00,18000.00,'2023-10-12 06:12:40','2023-10-12 06:12:40','Not Mentioned'),(272,79,'37','6',2900.00,17400.00,'2023-10-12 06:12:40','2023-10-12 06:12:40','Not Mentioned'),(273,79,'23','1',7500.00,7500.00,'2023-10-12 06:12:40','2023-10-12 06:12:40','Not Mentioned'),(274,79,'35','4',3000.00,12000.00,'2023-10-12 06:12:40','2023-10-12 06:12:40','Not Mentioned'),(275,79,'31','7',2900.00,20300.00,'2023-10-12 06:12:40','2023-10-12 06:12:40','Not Mentioned'),(276,79,'29','3',2500.00,7500.00,'2023-10-12 06:12:40','2023-10-12 06:12:40','Not Mentioned'),(277,79,'27','1',2200.00,2200.00,'2023-10-12 06:12:40','2023-10-12 06:12:40','Not Mentioned'),(278,80,'37','4',2900.00,11600.00,'2023-10-12 06:21:48','2023-10-12 06:21:48','Not Mentioned'),(279,80,'65','2',2200.00,4400.00,'2023-10-12 06:21:48','2023-10-12 06:21:48','Not Mentioned'),(280,80,'53','2',700.00,1400.00,'2023-10-12 06:21:48','2023-10-12 06:21:48','Not Mentioned'),(281,80,'35','4',3000.00,12000.00,'2023-10-12 06:21:48','2023-10-12 06:21:48','Not Mentioned'),(282,80,'33','2',3300.00,6600.00,'2023-10-12 06:21:48','2023-10-12 06:21:48','Not Mentioned'),(283,80,'31','6',2900.00,17400.00,'2023-10-12 06:21:48','2023-10-12 06:21:48','Not Mentioned'),(284,80,'29','2',2500.00,5000.00,'2023-10-12 06:21:48','2023-10-12 06:21:48','Not Mentioned'),(285,80,'27','1',2200.00,2200.00,'2023-10-12 06:21:48','2023-10-12 06:21:48','Not Mentioned'),(286,81,'197','1',7500.00,7500.00,'2023-10-12 06:49:35','2023-10-12 06:49:35','Not Mentioned'),(287,82,'137','7',NULL,NULL,'2023-10-14 03:40:10','2023-10-14 03:40:10','Not Mentioned'),(288,82,'129','4',NULL,NULL,'2023-10-14 03:40:10','2023-10-14 03:40:10','Not Mentioned'),(289,82,'135','3',NULL,NULL,'2023-10-14 03:40:10','2023-10-14 03:40:10','Not Mentioned'),(290,82,'156','2',NULL,NULL,'2023-10-14 03:40:10','2023-10-14 03:40:10','Not Mentioned'),(291,82,'148','20',NULL,NULL,'2023-10-14 03:40:10','2023-10-14 03:40:10','Not Mentioned'),(292,82,'114','3',NULL,NULL,'2023-10-14 03:40:10','2023-10-14 03:40:10','Not Mentioned'),(293,82,'158','2',NULL,NULL,'2023-10-14 03:40:10','2023-10-14 03:40:10','Not Mentioned'),(294,82,'152','1',NULL,NULL,'2023-10-14 03:40:10','2023-10-14 03:40:10','Not Mentioned'),(295,83,'7','2',NULL,NULL,'2023-10-14 03:56:22','2023-10-14 03:56:22','Not Mentioned'),(296,83,'18','2',NULL,NULL,'2023-10-14 03:56:22','2023-10-14 03:56:22','Not Mentioned'),(297,83,'112','6',NULL,NULL,'2023-10-14 03:56:22','2023-10-14 03:56:22','Not Mentioned'),(298,84,'25','1',NULL,NULL,'2023-10-14 04:03:03','2023-10-14 04:03:03','Not Mentioned'),(299,84,'207','1',NULL,NULL,'2023-10-14 04:03:03','2023-10-14 04:03:03','Not Mentioned'),(300,85,'68','1',27999.00,27999.00,'2023-10-14 04:16:20','2023-10-14 04:16:20','Not Mentioned'),(301,85,'79','1',44000.00,44000.00,'2023-10-14 04:16:20','2023-10-14 04:16:20','Not Mentioned'),(302,87,'5','1',NULL,NULL,'2023-10-14 05:19:32','2023-10-14 05:19:32','Not Mentioned'),(303,87,'48','1',NULL,NULL,'2023-10-14 05:19:32','2023-10-14 05:19:32','Not Mentioned'),(304,88,'206','1',4000.00,4000.00,'2023-10-14 06:45:45','2023-10-14 06:45:45','Not Mentioned'),(305,89,'47','4',700.00,2800.00,'2023-10-14 09:16:23','2023-10-14 09:16:23','Not Mentioned'),(306,89,'5','4',2200.00,8800.00,'2023-10-14 09:16:23','2023-10-14 09:16:23','Not Mentioned'),(307,89,'53','4',700.00,2800.00,'2023-10-14 09:16:23','2023-10-14 09:16:23','Not Mentioned'),(308,89,'65','4',2200.00,8800.00,'2023-10-14 09:16:23','2023-10-14 09:16:23','Not Mentioned'),(309,90,'77','1',34999.00,34999.00,'2023-10-14 09:16:49','2023-10-14 09:16:49','Not Mentioned'),(310,90,'275','1',10.00,10.00,'2023-10-14 09:16:49','2023-10-14 09:16:49','Not Mentioned'),(311,91,'47','1',700.00,700.00,'2023-10-14 09:51:42','2023-10-14 09:51:42','Not Mentioned'),(312,91,'59','1',2200.00,2200.00,'2023-10-14 09:51:42','2023-10-14 09:51:42','Not Mentioned'),(313,92,'5','1',NULL,NULL,'2023-10-14 09:53:01','2023-10-14 09:53:01','Not Mentioned'),(314,92,'16','1',NULL,NULL,'2023-10-14 09:53:01','2023-10-14 09:53:01','Not Mentioned'),(315,93,'47','4',NULL,NULL,'2023-10-14 11:33:10','2023-10-14 11:33:10','Not Mentioned'),(316,93,'5','4',NULL,NULL,'2023-10-14 11:33:10','2023-10-14 11:33:10','Not Mentioned'),(317,93,'53','4',NULL,NULL,'2023-10-14 11:33:10','2023-10-14 11:33:10','Not Mentioned'),(318,93,'65','4',NULL,NULL,'2023-10-14 11:33:10','2023-10-14 11:33:10','Not Mentioned'),(319,94,'74','1',NULL,NULL,'2023-10-15 04:24:58','2023-10-15 04:24:58','Not Mentioned'),(320,95,'133','1',999.00,999.00,'2023-10-15 06:43:36','2023-10-15 06:43:36','Not Mentioned'),(321,95,'135','1',1150.00,1150.00,'2023-10-15 06:43:36','2023-10-15 06:43:36','Not Mentioned'),(322,95,'137','1',1350.00,1350.00,'2023-10-15 06:43:36','2023-10-15 06:43:36','Not Mentioned'),(323,95,'157','1',1400.00,1400.00,'2023-10-15 06:43:36','2023-10-15 06:43:36','Not Mentioned'),(324,95,'149','1',1800.00,1800.00,'2023-10-15 06:43:36','2023-10-15 06:43:36','Not Mentioned'),(325,95,'153','1',1300.00,1300.00,'2023-10-15 06:43:36','2023-10-15 06:43:36','Not Mentioned'),(326,96,'165','1',3300.00,3300.00,'2023-10-15 06:46:14','2023-10-15 06:46:14','Not Mentioned'),(327,97,'165','1',3300.00,3300.00,'2023-10-15 07:55:12','2023-10-15 07:55:12','Not Mentioned'),(328,98,'7','2',NULL,NULL,'2023-10-16 08:27:38','2023-10-16 08:27:38','Not Mentioned'),(329,98,'18','2',NULL,NULL,'2023-10-16 08:27:38','2023-10-16 08:27:38','Not Mentioned'),(330,98,'3','1',NULL,NULL,'2023-10-16 08:27:38','2023-10-16 08:27:38','Not Mentioned'),(331,98,'14','1',NULL,NULL,'2023-10-16 08:27:38','2023-10-16 08:27:38','Not Mentioned'),(332,98,'112','14',NULL,NULL,'2023-10-16 08:27:38','2023-10-16 08:27:38','Not Mentioned'),(333,98,'109','1',NULL,NULL,'2023-10-16 08:27:38','2023-10-16 08:27:38','Not Mentioned'),(334,98,'106','1',NULL,NULL,'2023-10-16 08:27:38','2023-10-16 08:27:38','Not Mentioned'),(335,98,'186','2',NULL,NULL,'2023-10-16 08:27:38','2023-10-16 08:27:38','Not Mentioned'),(336,99,'44','2',700.00,1400.00,'2023-10-17 07:20:40','2023-10-17 07:20:40','Not Mentioned'),(337,100,'61','2',2600.00,5200.00,'2023-10-17 07:38:28','2023-10-17 07:38:28','Not Mentioned'),(338,100,'49','2',700.00,1400.00,'2023-10-17 07:38:28','2023-10-17 07:38:28','Not Mentioned'),(339,100,'102','6',1700.00,10200.00,'2023-10-17 07:38:28','2023-10-17 07:38:28','Not Mentioned'),(340,102,'56','3',NULL,NULL,'2023-10-18 05:18:38','2023-10-18 05:18:38','Not Mentioned'),(341,102,'44','3',NULL,NULL,'2023-10-18 05:18:38','2023-10-18 05:18:38','Not Mentioned'),(342,102,'3','3',NULL,NULL,'2023-10-18 05:18:38','2023-10-18 05:18:38','Not Mentioned'),(343,102,'14','3',NULL,NULL,'2023-10-18 05:18:38','2023-10-18 05:18:38','Not Mentioned'),(344,102,'5','8',NULL,NULL,'2023-10-18 05:18:38','2023-10-18 05:18:38','Not Mentioned'),(345,102,'16','8',NULL,NULL,'2023-10-18 05:18:38','2023-10-18 05:18:38','Not Mentioned'),(346,102,'66','5',NULL,NULL,'2023-10-18 05:18:38','2023-10-18 05:18:38','Not Mentioned'),(347,102,'54','5',NULL,NULL,'2023-10-18 05:18:38','2023-10-18 05:18:38','Not Mentioned'),(348,102,'149','8',NULL,NULL,'2023-10-18 05:18:38','2023-10-18 05:18:38','Not Mentioned'),(349,102,'197','1',NULL,NULL,'2023-10-18 05:18:38','2023-10-18 05:18:38','Not Mentioned'),(350,102,'64','2',NULL,NULL,'2023-10-18 05:18:38','2023-10-18 05:18:38','Not Mentioned'),(351,102,'52','2',NULL,NULL,'2023-10-18 05:18:38','2023-10-18 05:18:38','Not Mentioned'),(352,102,'165','1',NULL,NULL,'2023-10-18 05:18:38','2023-10-18 05:18:38','Not Mentioned'),(353,102,'34','2',NULL,NULL,'2023-10-18 05:18:38','2023-10-18 05:18:38','Not Mentioned'),(354,103,'3','1',1800.00,1800.00,'2023-10-18 05:34:39','2023-10-18 05:34:39','Not Mentioned'),(355,103,'14','1',700.00,700.00,'2023-10-18 05:34:39','2023-10-18 05:34:39','Not Mentioned'),(356,103,'131','1',899.00,899.00,'2023-10-18 05:34:39','2023-10-18 05:34:39','Not Mentioned'),(357,104,'3','1',1800.00,1800.00,'2023-10-18 06:23:28','2023-10-18 06:23:28','Not Mentioned'),(358,104,'7','1',2600.00,2600.00,'2023-10-18 06:23:28','2023-10-18 06:23:28','Not Mentioned'),(359,105,'7','2',NULL,NULL,'2023-10-18 07:18:18','2023-10-18 07:18:18','Not Mentioned'),(360,105,'18','2',NULL,NULL,'2023-10-18 07:18:18','2023-10-18 07:18:18','Not Mentioned'),(361,106,'7','2',NULL,NULL,'2023-10-18 07:26:03','2023-10-18 07:26:03','Not Mentioned'),(362,106,'18','2',NULL,NULL,'2023-10-18 07:26:03','2023-10-18 07:26:03','Not Mentioned'),(363,107,'52','1',700.00,700.00,'2023-10-19 05:44:17','2023-10-19 05:44:17','Not Mentioned'),(364,107,'64','1',2300.00,2300.00,'2023-10-19 05:44:17','2023-10-19 05:44:17','Not Mentioned'),(365,107,'146','1',8500.00,8500.00,'2023-10-19 05:44:17','2023-10-19 05:44:17','Not Mentioned'),(366,107,'3','1',1800.00,1800.00,'2023-10-19 05:44:17','2023-10-19 05:44:17','Not Mentioned'),(367,107,'46','1',700.00,700.00,'2023-10-19 05:44:17','2023-10-19 05:44:17','Not Mentioned'),(368,108,'226','1',NULL,NULL,'2023-10-19 07:01:43','2023-10-19 07:01:43','Not Mentioned'),(369,109,'135','3',NULL,NULL,'2023-10-21 04:58:43','2023-10-21 04:58:43','Not Mentioned'),(370,110,'77','4',34999.00,139996.00,'2023-10-21 05:51:36','2023-10-21 05:51:36','Not Mentioned'),(371,110,'76','1',35000.00,35000.00,'2023-10-21 05:51:36','2023-10-21 05:51:36','Not Mentioned'),(372,111,'34','3',NULL,NULL,'2023-10-22 11:22:49','2023-10-22 11:22:49','Not Mentioned'),(373,112,'41','1',2900.00,2900.00,'2023-10-23 06:19:19','2023-10-23 06:19:19','Not Mentioned'),(374,113,'206','2',4000.00,8000.00,'2023-10-23 06:23:01','2023-10-23 06:23:01','Not Mentioned'),(375,114,'163','2',1650.00,3300.00,'2023-10-23 07:55:12','2023-10-23 07:55:12','Not Mentioned'),(376,114,'162','1',6000.00,6000.00,'2023-10-23 07:55:13','2023-10-23 07:55:13','Not Mentioned'),(377,114,'145','1',6500.00,6500.00,'2023-10-23 07:55:13','2023-10-23 07:55:13','Not Mentioned'),(378,114,'265','1',5800.00,5800.00,'2023-10-23 07:55:13','2023-10-23 07:55:13','Not Mentioned'),(379,114,'215','1',0.00,0.00,'2023-10-23 07:55:13','2023-10-23 07:55:13','Not Mentioned'),(380,114,'146','1',8500.00,8500.00,'2023-10-23 07:55:13','2023-10-23 07:55:13','Not Mentioned'),(381,114,'260','1',3500.00,3500.00,'2023-10-23 07:55:13','2023-10-23 07:55:13','Not Mentioned'),(382,114,'280','1',0.00,0.00,'2023-10-23 07:55:13','2023-10-23 07:55:13','Not Mentioned'),(383,114,'259','1',17000.00,17000.00,'2023-10-23 07:55:13','2023-10-23 07:55:13','Not Mentioned'),(384,114,'254','1',3000.00,3000.00,'2023-10-23 07:55:13','2023-10-23 07:55:13','Not Mentioned'),(385,115,'255','1',2500.00,2500.00,'2023-10-23 08:31:21','2023-10-23 08:31:21','Not Mentioned'),(386,115,'201','1',25000.00,25000.00,'2023-10-23 08:31:21','2023-10-23 08:31:21','Not Mentioned'),(387,115,'253','1',6000.00,6000.00,'2023-10-23 08:31:21','2023-10-23 08:31:21','Not Mentioned'),(388,116,'60','1',2200.00,2200.00,'2023-10-23 14:35:19','2023-10-23 14:35:19','Not Mentioned'),(389,117,'254','1',3000.00,3000.00,'2023-10-25 05:00:16','2023-10-25 05:00:16','Not Mentioned'),(390,117,'289','1',2400.00,2400.00,'2023-10-25 05:00:16','2023-10-25 05:00:16','Not Mentioned'),(391,118,'254','1',3000.00,3000.00,'2023-10-25 05:00:18','2023-10-25 05:00:18','Not Mentioned'),(392,118,'289','1',2400.00,2400.00,'2023-10-25 05:00:18','2023-10-25 05:00:18','Not Mentioned'),(393,119,'197','1',7500.00,7500.00,'2023-10-25 05:11:46','2023-10-25 05:11:46','Not Mentioned'),(394,120,'89','1',25000.00,25000.00,'2023-10-25 06:03:37','2023-10-25 06:03:37','Not Mentioned'),(395,121,'159','2',NULL,NULL,'2023-10-25 06:19:26','2023-10-25 06:19:26','Not Mentioned'),(396,121,'149','6',NULL,NULL,'2023-10-25 06:19:26','2023-10-25 06:19:26','Not Mentioned'),(397,122,'7','2',2600.00,5200.00,'2023-10-25 07:18:16','2023-10-25 07:18:16','Not Mentioned'),(398,122,'18','2',700.00,1400.00,'2023-10-25 07:18:16','2023-10-25 07:18:16','Not Mentioned'),(399,122,'144','2',2900.00,5800.00,'2023-10-25 07:18:16','2023-10-25 07:18:16','Not Mentioned'),(400,122,'72','1',20999.00,20999.00,'2023-10-25 07:18:16','2023-10-25 07:18:16','Not Mentioned'),(401,122,'74','1',18000.00,18000.00,'2023-10-25 07:18:16','2023-10-25 07:18:16','Not Mentioned'),(402,123,'7','2',NULL,NULL,'2023-10-25 12:02:56','2023-10-25 12:02:56','Not Mentioned'),(403,123,'18','2',NULL,NULL,'2023-10-25 12:02:56','2023-10-25 12:02:56','Not Mentioned'),(404,123,'144','2',NULL,NULL,'2023-10-25 12:02:56','2023-10-25 12:02:56','Not Mentioned'),(405,123,'74','2',NULL,NULL,'2023-10-25 12:02:56','2023-10-25 12:02:56','Not Mentioned'),(406,124,'130','1',1400.00,1400.00,'2023-10-30 05:13:37','2023-10-30 05:13:37','Not Mentioned'),(407,124,'157','1',1400.00,1400.00,'2023-10-30 05:13:37','2023-10-30 05:13:37','Not Mentioned'),(408,124,'153','1',1300.00,1300.00,'2023-10-30 05:13:37','2023-10-30 05:13:37','Not Mentioned'),(409,125,'163','1',1650.00,1650.00,'2023-10-30 05:20:14','2023-10-30 05:20:14','Not Mentioned'),(410,126,'7','1',NULL,NULL,'2023-10-30 05:25:11','2023-10-30 05:25:11','Not Mentioned'),(411,126,'50','1',NULL,NULL,'2023-10-30 05:25:11','2023-10-30 05:25:11','Not Mentioned'),(412,127,'224','3',700.00,2100.00,'2023-10-30 06:33:23','2023-10-30 06:33:23','Not Mentioned'),(413,127,'288','3',2400.00,7200.00,'2023-10-30 06:33:23','2023-10-30 06:33:23','Not Mentioned'),(414,128,'146','2',8500.00,17000.00,'2023-10-30 06:57:36','2023-10-30 06:57:36','Not Mentioned'),(415,128,'18','2',700.00,1400.00,'2023-10-30 06:57:36','2023-10-30 06:57:36','Not Mentioned'),(416,128,'7','2',2600.00,5200.00,'2023-10-30 06:57:36','2023-10-30 06:57:36','Not Mentioned'),(417,129,'44','1',NULL,NULL,'2023-10-30 07:14:17','2023-10-30 07:14:17','Not Mentioned'),(418,129,'55','1',NULL,NULL,'2023-10-30 07:14:17','2023-10-30 07:14:17','Not Mentioned'),(419,129,'115','1',NULL,NULL,'2023-10-30 07:14:17','2023-10-30 07:14:17','Not Mentioned'),(420,129,'121','1',NULL,NULL,'2023-10-30 07:14:17','2023-10-30 07:14:17','Not Mentioned'),(421,129,'118','1',NULL,NULL,'2023-10-30 07:14:17','2023-10-30 07:14:17','Not Mentioned'),(422,129,'3','1',NULL,NULL,'2023-10-30 07:14:17','2023-10-30 07:14:17','Not Mentioned'),(423,129,'14','1',NULL,NULL,'2023-10-30 07:14:17','2023-10-30 07:14:17','Not Mentioned'),(424,130,'188','1',NULL,NULL,'2023-10-30 08:01:30','2023-10-30 08:01:30','Not Mentioned'),(425,131,'138','2',NULL,NULL,'2023-10-31 05:15:24','2023-10-31 05:15:24','Not Mentioned'),(426,132,'137','2',1350.00,2700.00,'2023-10-31 05:39:04','2023-10-31 05:39:04','Not Mentioned'),(427,133,'30','1',2500.00,2500.00,'2023-10-31 06:07:59','2023-10-31 06:07:59','Not Mentioned'),(428,133,'60','1',2200.00,2200.00,'2023-10-31 06:07:59','2023-10-31 06:07:59','Not Mentioned'),(429,134,'112','1',NULL,NULL,'2023-10-31 06:26:54','2023-10-31 06:26:54','Not Mentioned'),(430,135,'69','1',NULL,NULL,'2023-11-01 04:27:56','2023-11-01 04:27:56','Not Mentioned'),(431,136,'115','1',1800.00,1800.00,'2023-11-01 05:11:33','2023-11-01 05:11:33','Not Mentioned'),(432,137,'249','1',36000.00,36000.00,'2023-11-01 05:49:13','2023-11-01 05:49:13','Not Mentioned'),(433,138,'247','14',8400.00,117600.00,'2023-11-01 07:16:04','2023-11-01 07:16:04','Not Mentioned'),(434,138,'266','1',12000.00,12000.00,'2023-11-01 07:16:04','2023-11-01 07:16:04','Not Mentioned'),(435,138,'267','1',13850.00,13850.00,'2023-11-01 07:16:04','2023-11-01 07:16:04','Not Mentioned'),(436,138,'339','2',1500.00,3000.00,'2023-11-01 07:16:04','2023-11-01 07:16:04','Not Mentioned'),(437,138,'44','2',700.00,1400.00,'2023-11-01 07:16:04','2023-11-01 07:16:04','Not Mentioned'),(438,139,'3','1',1800.00,1800.00,'2023-11-01 07:46:06','2023-11-01 07:46:06','Not Mentioned'),(439,139,'45','1',700.00,700.00,'2023-11-01 07:46:06','2023-11-01 07:46:06','Not Mentioned'),(440,139,'33','1',3300.00,3300.00,'2023-11-01 07:46:06','2023-11-01 07:46:06','Not Mentioned'),(441,140,'43','1',700.00,700.00,'2023-11-02 06:03:40','2023-11-02 06:03:40','Not Mentioned'),(442,140,'46','1',700.00,700.00,'2023-11-02 06:03:40','2023-11-02 06:03:40','Not Mentioned'),(443,140,'60','1',2200.00,2200.00,'2023-11-02 06:03:40','2023-11-02 06:03:40','Not Mentioned'),(444,140,'47','1',500.00,500.00,'2023-11-02 06:03:40','2023-11-02 06:03:40','Not Mentioned'),(445,140,'50','1',700.00,700.00,'2023-11-02 06:03:40','2023-11-02 06:03:40','Not Mentioned'),(446,140,'207','1',700.00,700.00,'2023-11-02 06:03:41','2023-11-02 06:03:41','Not Mentioned'),(447,140,'112','1',1800.00,1800.00,'2023-11-02 06:03:41','2023-11-02 06:03:41','Not Mentioned'),(448,141,'89','1',NULL,NULL,'2023-11-02 06:29:00','2023-11-02 06:29:00','Not Mentioned'),(449,142,'19','1',700.00,700.00,'2023-11-02 06:31:28','2023-11-02 06:31:28','Not Mentioned'),(450,142,'3','1',1800.00,1800.00,'2023-11-02 06:31:28','2023-11-02 06:31:28','Not Mentioned'),(451,142,'14','1',700.00,700.00,'2023-11-02 06:31:28','2023-11-02 06:31:28','Not Mentioned'),(452,142,'47','1',500.00,500.00,'2023-11-02 06:31:28','2023-11-02 06:31:28','Not Mentioned'),(453,142,'50','1',700.00,700.00,'2023-11-02 06:31:28','2023-11-02 06:31:28','Not Mentioned'),(454,142,'207','1',700.00,700.00,'2023-11-02 06:31:28','2023-11-02 06:31:28','Not Mentioned'),(455,142,'149','1',1800.00,1800.00,'2023-11-02 06:31:28','2023-11-02 06:31:28','Not Mentioned'),(456,143,'76','1',35000.00,35000.00,'2023-11-02 10:26:49','2023-11-02 10:26:49','Not Mentioned'),(457,143,'79','1',44000.00,44000.00,'2023-11-02 10:26:49','2023-11-02 10:26:49','Not Mentioned'),(458,144,'49','1',700.00,700.00,'2023-11-05 05:08:02','2023-11-05 05:08:02','Not Mentioned'),(459,144,'189','1',2600.00,2600.00,'2023-11-05 05:08:02','2023-11-05 05:08:02','Not Mentioned'),(460,144,'51','1',700.00,700.00,'2023-11-05 05:08:02','2023-11-05 05:08:02','Not Mentioned'),(461,144,'64','1',2300.00,2300.00,'2023-11-05 05:08:02','2023-11-05 05:08:02','Not Mentioned'),(462,145,'165','1',NULL,NULL,'2023-11-05 12:47:02','2023-11-05 12:47:02','Not Mentioned'),(463,146,'118','1',1700.00,1700.00,'2023-11-06 05:27:56','2023-11-06 05:27:56','Not Mentioned'),(464,147,'275','1',1500.00,1500.00,'2023-11-06 05:48:11','2023-11-06 05:48:11','Not Mentioned'),(465,147,'249','1',36000.00,36000.00,'2023-11-06 05:48:11','2023-11-06 05:48:11','Not Mentioned'),(466,148,'74','1',18000.00,18000.00,'2023-11-06 08:27:49','2023-11-06 08:27:49','Not Mentioned'),(467,148,'75','1',18999.00,18999.00,'2023-11-06 08:27:49','2023-11-06 08:27:49','Not Mentioned'),(468,149,'203','2',3300.00,6600.00,'2023-11-06 09:46:49','2023-11-06 09:46:49','Not Mentioned'),(469,150,'71','1',27000.00,27000.00,'2023-11-06 10:06:40','2023-11-06 10:06:40','Not Mentioned'),(470,150,'78','1',34999.00,34999.00,'2023-11-06 10:06:40','2023-11-06 10:06:40','Not Mentioned'),(471,151,'198','1',NULL,NULL,'2023-11-06 10:54:17','2023-11-06 10:54:17','Not Mentioned'),(472,152,'144','2',2900.00,5800.00,'2023-11-07 06:12:11','2023-11-07 06:12:11','Not Mentioned'),(473,153,'89','1',NULL,NULL,'2023-11-08 05:13:59','2023-11-08 05:13:59','Not Mentioned'),(474,154,'69','1',25000.00,25000.00,'2023-11-08 06:55:04','2023-11-08 06:55:04','Not Mentioned'),(475,154,'72','1',20999.00,20999.00,'2023-11-08 06:55:04','2023-11-08 06:55:04','Not Mentioned'),(476,154,'67','1',27999.00,27999.00,'2023-11-08 06:55:04','2023-11-08 06:55:04','Not Mentioned'),(477,155,'70','1',25000.00,25000.00,'2023-11-08 07:25:52','2023-11-08 07:25:52','Not Mentioned'),(478,156,'99','10',NULL,NULL,'2023-11-08 11:21:16','2023-11-08 11:21:16','Not Mentioned'),(479,156,'67','1',NULL,NULL,'2023-11-08 11:21:16','2023-11-08 11:21:16','Not Mentioned'),(480,156,'228','1',NULL,NULL,'2023-11-08 11:21:16','2023-11-08 11:21:16','Not Mentioned'),(481,157,'203','4',NULL,NULL,'2023-11-08 13:09:29','2023-11-08 13:09:29','Not Mentioned'),(482,158,'219','1',NULL,NULL,'2023-11-09 04:43:58','2023-11-09 04:43:58','Not Mentioned'),(483,159,'67','1',NULL,NULL,'2023-11-09 05:16:11','2023-11-09 05:16:11','Not Mentioned'),(484,165,'112','2',1800.00,3600.00,'2023-11-11 05:22:23','2023-11-11 05:22:23','Not Mentioned'),(485,165,'10','1',3000.00,3000.00,'2023-11-11 05:22:23','2023-11-11 05:22:23','Not Mentioned'),(486,165,'46','1',700.00,700.00,'2023-11-11 05:22:23','2023-11-11 05:22:23','Not Mentioned'),(487,165,'3','1',1800.00,1800.00,'2023-11-11 05:22:23','2023-11-11 05:22:23','Not Mentioned'),(488,165,'48','1',700.00,700.00,'2023-11-11 05:22:23','2023-11-11 05:22:23','Not Mentioned'),(489,165,'60','1',2200.00,2200.00,'2023-11-11 05:22:23','2023-11-11 05:22:23','Not Mentioned'),(490,165,'153','2',1300.00,2600.00,'2023-11-11 05:22:23','2023-11-11 05:22:23','Not Mentioned'),(491,166,'61','1',NULL,NULL,'2023-11-11 12:03:19','2023-11-11 12:03:19','Not Mentioned'),(492,166,'340','1',NULL,NULL,'2023-11-11 12:03:19','2023-11-11 12:03:19','Not Mentioned'),(493,166,'111','8',NULL,NULL,'2023-11-11 12:03:19','2023-11-11 12:03:19','Not Mentioned'),(494,166,'114','2',NULL,NULL,'2023-11-11 12:03:19','2023-11-11 12:03:19','Not Mentioned'),(495,166,'105','1',NULL,NULL,'2023-11-11 12:03:19','2023-11-11 12:03:19','Not Mentioned'),(496,166,'37','1',NULL,NULL,'2023-11-11 12:03:19','2023-11-11 12:03:19','Not Mentioned'),(497,166,'152','1',NULL,NULL,'2023-11-11 12:03:19','2023-11-11 12:03:19','Not Mentioned'),(498,167,'61','3',NULL,NULL,'2023-11-11 12:17:22','2023-11-11 12:17:22','Not Mentioned'),(499,167,'49','3',NULL,NULL,'2023-11-11 12:17:22','2023-11-11 12:17:22','Not Mentioned'),(500,167,'340','1',NULL,NULL,'2023-11-11 12:17:22','2023-11-11 12:17:22','Not Mentioned'),(501,167,'111','8',NULL,NULL,'2023-11-11 12:17:22','2023-11-11 12:17:22','Not Mentioned'),(502,167,'105','1',NULL,NULL,'2023-11-11 12:17:22','2023-11-11 12:17:22','Not Mentioned'),(503,167,'114','2',NULL,NULL,'2023-11-11 12:17:22','2023-11-11 12:17:22','Not Mentioned'),(504,167,'37','1',NULL,NULL,'2023-11-11 12:17:22','2023-11-11 12:17:22','Not Mentioned'),(505,167,'117','1',NULL,NULL,'2023-11-11 12:17:22','2023-11-11 12:17:22','Not Mentioned'),(506,168,'131','1',899.00,899.00,'2023-11-11 12:39:09','2023-11-11 12:39:09','Not Mentioned'),(507,168,'133','1',999.00,999.00,'2023-11-11 12:39:09','2023-11-11 12:39:09','Not Mentioned'),(508,168,'135','2',1150.00,2300.00,'2023-11-11 12:39:09','2023-11-11 12:39:09','Not Mentioned'),(509,168,'137','1',1350.00,1350.00,'2023-11-11 12:39:09','2023-11-11 12:39:09','Not Mentioned'),(510,168,'148','1',1800.00,1800.00,'2023-11-11 12:39:09','2023-11-11 12:39:09','Not Mentioned'),(511,168,'152','1',1300.00,1300.00,'2023-11-11 12:39:09','2023-11-11 12:39:09','Not Mentioned'),(512,168,'156','1',1400.00,1400.00,'2023-11-11 12:39:09','2023-11-11 12:39:09','Not Mentioned'),(513,168,'158','1',1500.00,1500.00,'2023-11-11 12:39:09','2023-11-11 12:39:09','Not Mentioned'),(514,168,'129','1',1400.00,1400.00,'2023-11-11 12:39:09','2023-11-11 12:39:09','Not Mentioned'),(515,168,'160','1',1500.00,1500.00,'2023-11-11 12:39:09','2023-11-11 12:39:09','Not Mentioned'),(516,169,'3','1',NULL,NULL,'2023-11-12 05:30:29','2023-11-12 05:30:29','Not Mentioned'),(517,169,'45','1',NULL,NULL,'2023-11-12 05:30:29','2023-11-12 05:30:29','Not Mentioned'),(518,169,'7','1',NULL,NULL,'2023-11-12 05:30:29','2023-11-12 05:30:29','Not Mentioned'),(519,169,'49','1',NULL,NULL,'2023-11-12 05:30:29','2023-11-12 05:30:29','Not Mentioned'),(520,170,'203','2',NULL,NULL,'2023-11-12 06:03:16','2023-11-12 06:03:16','Not Mentioned'),(521,171,'274','31',12500.00,387500.00,'2023-11-12 10:56:07','2023-11-12 10:56:07','Not Mentioned'),(522,172,'58','5',1800.00,9000.00,'2023-11-12 14:18:15','2023-11-12 14:18:15','Not Mentioned'),(523,172,'45','5',700.00,3500.00,'2023-11-12 14:18:15','2023-11-12 14:18:15','Not Mentioned'),(524,172,'5','21',2200.00,46200.00,'2023-11-12 14:18:15','2023-11-12 14:18:15','Not Mentioned'),(525,172,'47','10',500.00,5000.00,'2023-11-12 14:18:15','2023-11-12 14:18:15','Not Mentioned'),(526,172,'61','13',2600.00,33800.00,'2023-11-12 14:18:15','2023-11-12 14:18:15','Not Mentioned'),(527,172,'49','13',700.00,9100.00,'2023-11-12 14:18:15','2023-11-12 14:18:15','Not Mentioned'),(528,173,'1','1',NULL,NULL,'2023-11-13 10:44:08','2023-11-13 10:44:08','Not Mentioned'),(529,173,'12','1',NULL,NULL,'2023-11-13 10:44:08','2023-11-13 10:44:08','Not Mentioned'),(530,173,'25','2',NULL,NULL,'2023-11-13 10:44:08','2023-11-13 10:44:08','Not Mentioned'),(531,173,'208','2',NULL,NULL,'2023-11-13 10:44:08','2023-11-13 10:44:08','Not Mentioned'),(532,174,'9','2',NULL,NULL,'2023-11-13 10:46:01','2023-11-13 10:46:01','Not Mentioned'),(533,174,'20','2',NULL,NULL,'2023-11-13 10:46:01','2023-11-13 10:46:01','Not Mentioned'),(534,174,'270','2',NULL,NULL,'2023-11-13 10:46:01','2023-11-13 10:46:01','Not Mentioned'),(535,174,'7','2',NULL,NULL,'2023-11-13 10:46:01','2023-11-13 10:46:01','Not Mentioned'),(536,174,'18','2',NULL,NULL,'2023-11-13 10:46:02','2023-11-13 10:46:02','Not Mentioned'),(537,174,'16','1',NULL,NULL,'2023-11-13 10:46:02','2023-11-13 10:46:02','Not Mentioned'),(538,174,'5','1',NULL,NULL,'2023-11-13 10:46:02','2023-11-13 10:46:02','Not Mentioned'),(539,174,'112','4',NULL,NULL,'2023-11-13 10:46:02','2023-11-13 10:46:02','Not Mentioned'),(540,174,'22','2',NULL,NULL,'2023-11-13 10:46:02','2023-11-13 10:46:02','Not Mentioned'),(541,175,'208','1',NULL,NULL,'2023-11-13 10:52:52','2023-11-13 10:52:52','Not Mentioned'),(542,175,'25','1',NULL,NULL,'2023-11-13 10:52:52','2023-11-13 10:52:52','Not Mentioned'),(543,175,'12','1',NULL,NULL,'2023-11-13 10:52:52','2023-11-13 10:52:52','Not Mentioned'),(544,175,'1','1',NULL,NULL,'2023-11-13 10:52:52','2023-11-13 10:52:52','Not Mentioned'),(547,178,'5','1',2200.00,2200.00,'2023-11-13 11:29:14','2023-11-13 11:29:14','Not Mentioned'),(548,178,'16','1',700.00,700.00,'2023-11-13 11:29:14','2023-11-13 11:29:14','Not Mentioned'),(549,179,'55','3',NULL,NULL,'2023-11-14 05:22:41','2023-11-14 05:22:41','Not Mentioned'),(550,179,'43','3',NULL,NULL,'2023-11-14 05:22:41','2023-11-14 05:22:41','Not Mentioned'),(551,179,'3','3',NULL,NULL,'2023-11-14 05:22:41','2023-11-14 05:22:41','Not Mentioned'),(552,179,'13','3',NULL,NULL,'2023-11-14 05:22:41','2023-11-14 05:22:41','Not Mentioned'),(553,179,'5','1',NULL,NULL,'2023-11-14 05:22:41','2023-11-14 05:22:41','Not Mentioned'),(554,179,'15','1',NULL,NULL,'2023-11-14 05:22:41','2023-11-14 05:22:41','Not Mentioned'),(555,179,'66','1',NULL,NULL,'2023-11-14 05:22:41','2023-11-14 05:22:41','Not Mentioned'),(556,179,'53','1',NULL,NULL,'2023-11-14 05:22:41','2023-11-14 05:22:41','Not Mentioned'),(557,179,'111','4',NULL,NULL,'2023-11-14 05:22:41','2023-11-14 05:22:41','Not Mentioned'),(558,180,'55','3',1500.00,4500.00,'2023-11-14 06:37:41','2023-11-14 06:37:41','Not Mentioned'),(559,180,'43','3',700.00,2100.00,'2023-11-14 06:37:41','2023-11-14 06:37:41','Not Mentioned'),(560,180,'3','3',1800.00,5400.00,'2023-11-14 06:37:41','2023-11-14 06:37:41','Not Mentioned'),(561,180,'13','3',700.00,2100.00,'2023-11-14 06:37:41','2023-11-14 06:37:41','Not Mentioned'),(562,180,'5','1',2200.00,2200.00,'2023-11-14 06:37:41','2023-11-14 06:37:41','Not Mentioned'),(563,180,'15','1',700.00,700.00,'2023-11-14 06:37:41','2023-11-14 06:37:41','Not Mentioned'),(564,180,'37','1',2900.00,2900.00,'2023-11-14 06:37:41','2023-11-14 06:37:41','Not Mentioned'),(565,180,'53','1',700.00,700.00,'2023-11-14 06:37:41','2023-11-14 06:37:41','Not Mentioned'),(566,180,'148','4',1800.00,7200.00,'2023-11-14 06:37:41','2023-11-14 06:37:41','Not Mentioned'),(567,181,'45','1',700.00,700.00,'2023-11-14 10:11:16','2023-11-14 10:11:16','Not Mentioned'),(568,182,'3','1',1800.00,1800.00,'2023-11-14 12:40:41','2023-11-14 12:40:41','Not Mentioned'),(569,182,'13','28',700.00,19600.00,'2023-11-14 12:40:41','2023-11-14 12:40:41','Not Mentioned'),(570,182,'174','20',1900.00,38000.00,'2023-11-14 12:40:41','2023-11-14 12:40:41','Not Mentioned'),(571,182,'15','20',700.00,14000.00,'2023-11-14 12:40:41','2023-11-14 12:40:41','Not Mentioned'),(572,182,'17','34',700.00,23800.00,'2023-11-14 12:40:41','2023-11-14 12:40:41','Not Mentioned'),(573,182,'111','68',1800.00,122400.00,'2023-11-14 12:40:41','2023-11-14 12:40:41','Not Mentioned'),(574,182,'19','7',700.00,4900.00,'2023-11-14 12:40:41','2023-11-14 12:40:41','Not Mentioned'),(575,182,'41','4',2900.00,11600.00,'2023-11-14 12:40:41','2023-11-14 12:40:41','Not Mentioned'),(576,182,'77','2',34999.00,69998.00,'2023-11-14 12:40:41','2023-11-14 12:40:41','Not Mentioned'),(577,182,'274','28',12500.00,350000.00,'2023-11-14 12:40:41','2023-11-14 12:40:41','Not Mentioned'),(578,182,'342','2',12500.00,25000.00,'2023-11-14 12:40:41','2023-11-14 12:40:41','Not Mentioned'),(579,183,'78','2',34999.00,69998.00,'2023-11-14 13:45:46','2023-11-14 13:45:46','Not Mentioned'),(580,184,'44','2',700.00,1400.00,'2023-11-15 04:03:50','2023-11-15 04:03:50','Not Mentioned'),(581,185,'13','1',700.00,700.00,'2023-11-15 04:27:58','2023-11-15 04:27:58','Not Mentioned'),(582,185,'3','1',1800.00,1800.00,'2023-11-15 04:27:59','2023-11-15 04:27:59','Not Mentioned'),(583,186,'165','1',NULL,NULL,'2023-11-15 09:09:53','2023-11-15 09:09:53','Not Mentioned'),(584,186,'44','1',NULL,NULL,'2023-11-15 09:09:53','2023-11-15 09:09:53','Not Mentioned'),(585,187,'75','1',NULL,NULL,'2023-11-15 12:17:50','2023-11-15 12:17:50','Not Mentioned'),(586,188,'15','20',700.00,14000.00,'2023-11-15 12:42:40','2023-11-15 12:42:40','qty'),(587,189,'77','1',34999.00,34999.00,'2023-11-18 03:33:57','2023-11-18 03:33:57','qty'),(588,190,'48','1',NULL,NULL,'2023-11-18 05:41:54','2023-11-18 05:41:54','Not Mentioned'),(589,190,'60','1',NULL,NULL,'2023-11-18 05:41:54','2023-11-18 05:41:54','Not Mentioned'),(590,191,'175','5',2600.00,13000.00,'2023-11-18 06:01:54','2023-11-18 06:01:54','qty'),(591,191,'49','3',700.00,2100.00,'2023-11-18 06:01:54','2023-11-18 06:01:54','qty'),(592,191,'50','2',700.00,1400.00,'2023-11-18 06:01:54','2023-11-18 06:01:54','qty'),(593,191,'280','1',3300.00,3300.00,'2023-11-18 06:01:54','2023-11-18 06:01:54','qty'),(594,192,'131','1',899.00,899.00,'2023-11-18 06:17:23','2023-11-18 06:17:23','qty'),(595,192,'133','1',999.00,999.00,'2023-11-18 06:17:23','2023-11-18 06:17:23','qty'),(596,192,'136','1',1150.00,1150.00,'2023-11-18 06:17:23','2023-11-18 06:17:23','qty'),(597,192,'138','1',1350.00,1350.00,'2023-11-18 06:17:23','2023-11-18 06:17:23','qty'),(598,193,'20','1',NULL,NULL,'2023-11-18 06:24:44','2023-11-18 06:24:44','Not Mentioned'),(599,193,'177','1',NULL,NULL,'2023-11-18 06:24:44','2023-11-18 06:24:44','Not Mentioned'),(600,194,'61','4',NULL,NULL,'2023-11-18 07:55:10','2023-11-18 07:55:10','Not Mentioned'),(601,194,'49','4',NULL,NULL,'2023-11-18 07:55:10','2023-11-18 07:55:10','Not Mentioned'),(602,195,'80','1',42500.00,42500.00,'2023-11-19 04:33:31','2023-11-19 04:33:31','qty'),(603,196,'84','2',15999.00,31998.00,'2023-11-20 04:44:51','2023-11-20 04:44:51','qty'),(604,197,'249','6',36000.00,216000.00,'2023-11-20 06:40:00','2023-11-20 06:40:00','qty'),(605,197,'264','9',2000.00,18000.00,'2023-11-20 06:40:00','2023-11-20 06:40:00','qty'),(606,198,'249','3',36000.00,108000.00,'2023-11-20 06:55:08','2023-11-20 06:55:08','qty'),(607,199,'3','5',1800.00,9000.00,'2023-11-20 11:34:55','2023-11-20 11:34:55','stock_b'),(608,199,'13','5',700.00,3500.00,'2023-11-20 11:34:55','2023-11-20 11:34:55','qty'),(609,199,'174','21',1900.00,39900.00,'2023-11-20 11:34:55','2023-11-20 11:34:55','stock_b'),(610,199,'15','21',700.00,14700.00,'2023-11-20 11:34:55','2023-11-20 11:34:55','qty'),(611,199,'175','13',2600.00,33800.00,'2023-11-20 11:34:55','2023-11-20 11:34:55','stock_b'),(612,199,'17','13',700.00,9100.00,'2023-11-20 11:34:55','2023-11-20 11:34:55','qty'),(613,199,'148','12',1800.00,21600.00,'2023-11-20 11:34:55','2023-11-20 11:34:55','qty'),(614,199,'177','19',2300.00,43700.00,'2023-11-20 11:34:55','2023-11-20 11:34:55','qty'),(615,199,'19','19',700.00,13300.00,'2023-11-20 11:34:55','2023-11-20 11:34:55','qty'),(616,200,'348','1',19999.00,19999.00,'2023-11-22 05:25:17','2023-11-22 05:25:17','qty'),(617,200,'349','1',19999.00,19999.00,'2023-11-22 05:25:17','2023-11-22 05:25:17','qty'),(618,201,'35','1',3000.00,3000.00,'2023-11-22 05:50:00','2023-11-22 05:50:00','qty'),(619,202,'44','1',700.00,700.00,'2023-11-22 05:58:05','2023-11-22 05:58:05','qty'),(620,202,'1','1',1500.00,1500.00,'2023-11-22 05:58:05','2023-11-22 05:58:05','stock_b'),(621,203,'131','1',899.00,899.00,'2023-11-22 06:09:35','2023-11-22 06:09:35','qty'),(622,204,'69','1',25000.00,25000.00,'2023-11-22 08:11:33','2023-11-22 08:11:33','qty'),(623,205,'65','13',2200.00,28600.00,'2023-11-22 08:27:14','2023-11-22 08:27:14','qty'),(624,205,'53','13',700.00,9100.00,'2023-11-22 08:27:14','2023-11-22 08:27:14','qty'),(625,206,'69','1',25000.00,25000.00,'2023-11-22 08:38:04','2023-11-22 08:38:04','qty'),(626,207,'348','5',NULL,NULL,'2023-11-22 11:25:23','2023-11-22 11:25:23','Not Mentioned'),(627,208,'75','1',NULL,NULL,'2023-11-22 12:00:23','2023-11-22 12:00:23','Not Mentioned'),(628,209,'74','1',18000.00,18000.00,'2023-11-22 12:06:07','2023-11-22 12:06:07','qty'),(629,210,'327','1',3300.00,3300.00,'2023-11-23 05:25:26','2023-11-23 05:25:26','qty'),(630,211,'12','1',700.00,700.00,'2023-11-23 05:32:22','2023-11-23 05:32:22','qty'),(631,211,'1','1',1500.00,1500.00,'2023-11-23 05:32:22','2023-11-23 05:32:22','stock_b'),(632,212,'1','1',1500.00,1500.00,'2023-11-26 05:59:18','2023-11-26 05:59:18','stock_b'),(633,212,'12','1',700.00,700.00,'2023-11-26 05:59:18','2023-11-26 05:59:18','qty'),(634,212,'173','1',1800.00,1800.00,'2023-11-26 05:59:18','2023-11-26 05:59:18','stock_b'),(635,212,'14','1',700.00,700.00,'2023-11-26 05:59:18','2023-11-26 05:59:18','qty'),(636,212,'175','1',2600.00,2600.00,'2023-11-26 05:59:18','2023-11-26 05:59:18','qty'),(637,212,'17','1',700.00,700.00,'2023-11-26 05:59:18','2023-11-26 05:59:18','qty'),(638,213,'349','1',19999.00,19999.00,'2023-11-27 05:34:55','2023-11-27 05:34:55','qty'),(639,214,'80','1',42500.00,42500.00,'2023-11-27 05:49:42','2023-11-27 05:49:42','qty'),(640,215,'111','12',1800.00,21600.00,'2023-11-27 06:42:29','2023-11-27 06:42:29','qty'),(641,216,'137','8',NULL,NULL,'2023-11-28 07:33:29','2023-11-28 07:33:29','Not Mentioned'),(642,216,'133','2',NULL,NULL,'2023-11-28 07:33:29','2023-11-28 07:33:29','Not Mentioned'),(643,216,'131','1',NULL,NULL,'2023-11-28 07:33:29','2023-11-28 07:33:29','Not Mentioned'),(644,216,'148','5',NULL,NULL,'2023-11-28 07:33:29','2023-11-28 07:33:29','Not Mentioned'),(645,217,'111','20',1800.00,36000.00,'2023-11-28 07:53:55','2023-11-28 07:53:55','qty'),(646,218,'49','2',NULL,NULL,'2023-11-28 11:03:03','2023-11-28 11:03:03','Not Mentioned'),(647,218,'61','2',NULL,NULL,'2023-11-28 11:03:03','2023-11-28 11:03:03','Not Mentioned'),(648,218,'22','1',NULL,NULL,'2023-11-28 11:03:03','2023-11-28 11:03:03','Not Mentioned'),(649,218,'111','1',NULL,NULL,'2023-11-28 11:03:03','2023-11-28 11:03:03','Not Mentioned'),(650,218,'112','1',NULL,NULL,'2023-11-28 11:03:03','2023-11-28 11:03:03','Not Mentioned'),(651,219,'67','1',NULL,NULL,'2023-11-28 11:43:22','2023-11-28 11:43:22','Not Mentioned'),(652,220,'67','1',NULL,NULL,'2023-11-29 06:47:23','2023-11-29 06:47:23','Not Mentioned'),(653,221,'41','1',2900.00,2900.00,'2023-11-29 07:30:17','2023-11-29 07:30:17','qty'),(654,222,'75','1',18000.00,18000.00,'2023-11-29 09:08:02','2023-11-29 09:08:02','qty'),(655,223,'346','1',NULL,NULL,'2023-11-30 06:29:03','2023-11-30 06:29:03','Not Mentioned'),(656,224,'356','1',NULL,NULL,'2023-11-30 10:39:06','2023-11-30 10:39:06','Not Mentioned'),(657,224,'364','1',NULL,NULL,'2023-11-30 10:39:06','2023-11-30 10:39:06','Not Mentioned'),(658,224,'362','1',NULL,NULL,'2023-11-30 10:39:06','2023-11-30 10:39:06','Not Mentioned'),(659,224,'232','1',NULL,NULL,'2023-11-30 10:39:06','2023-11-30 10:39:06','Not Mentioned'),(660,225,'135','4',1150.00,4600.00,'2023-12-02 05:25:25','2023-12-02 05:25:25','qty'),(661,226,'79','1',NULL,NULL,'2023-12-02 05:32:26','2023-12-02 05:32:26','Not Mentioned'),(662,226,'12','1',NULL,NULL,'2023-12-02 05:32:26','2023-12-02 05:32:26','Not Mentioned'),(663,226,'1','1',NULL,NULL,'2023-12-02 05:32:26','2023-12-02 05:32:26','Not Mentioned'),(664,227,'175','4',2600.00,10400.00,'2023-12-02 06:17:11','2023-12-02 06:17:11','qty'),(665,227,'17','4',700.00,2800.00,'2023-12-02 06:17:11','2023-12-02 06:17:11','qty'),(666,228,'137','1',NULL,NULL,'2023-12-02 07:34:27','2023-12-02 07:34:27','Not Mentioned'),(667,228,'135','1',NULL,NULL,'2023-12-02 07:34:27','2023-12-02 07:34:27','Not Mentioned'),(668,228,'129','2',NULL,NULL,'2023-12-02 07:34:27','2023-12-02 07:34:27','Not Mentioned'),(669,228,'160','1',NULL,NULL,'2023-12-02 07:34:27','2023-12-02 07:34:27','Not Mentioned'),(670,228,'148','1',NULL,NULL,'2023-12-02 07:34:27','2023-12-02 07:34:27','Not Mentioned'),(671,229,'99','2',NULL,NULL,'2023-12-02 10:27:21','2023-12-02 10:27:21','Not Mentioned'),(672,230,'353','1',155.00,155.00,'2023-12-02 11:41:26','2023-12-02 11:41:26','stock_b'),(673,230,'354','1',250.00,250.00,'2023-12-02 11:41:26','2023-12-02 11:41:26','stock_b'),(674,230,'355','1',330.00,330.00,'2023-12-02 11:41:26','2023-12-02 11:41:26','stock_b'),(675,230,'356','1',380.00,380.00,'2023-12-02 11:41:26','2023-12-02 11:41:26','stock_b'),(676,230,'364','1',785.00,785.00,'2023-12-02 11:41:26','2023-12-02 11:41:26','stock_b'),(677,230,'362','1',480.00,480.00,'2023-12-02 11:41:26','2023-12-02 11:41:26','stock_b'),(678,230,'361','1',340.00,340.00,'2023-12-02 11:41:26','2023-12-02 11:41:26','stock_b'),(679,230,'360','1',665.00,665.00,'2023-12-02 11:41:26','2023-12-02 11:41:26','stock_b'),(680,230,'363','1',335.00,335.00,'2023-12-02 11:41:26','2023-12-02 11:41:26','stock_b'),(681,230,'357','1',335.00,335.00,'2023-12-02 11:41:26','2023-12-02 11:41:26','stock_b'),(682,230,'358','1',335.00,335.00,'2023-12-02 11:41:26','2023-12-02 11:41:26','stock_b'),(683,230,'366','1',480.00,480.00,'2023-12-02 11:41:26','2023-12-02 11:41:26','stock_b'),(684,231,'353','1',155.00,155.00,'2023-12-02 11:46:56','2023-12-02 11:46:56','stock_b'),(685,231,'354','1',250.00,250.00,'2023-12-02 11:46:56','2023-12-02 11:46:56','stock_b'),(686,231,'355','1',330.00,330.00,'2023-12-02 11:46:56','2023-12-02 11:46:56','stock_b'),(687,231,'356','1',380.00,380.00,'2023-12-02 11:46:56','2023-12-02 11:46:56','stock_b'),(688,231,'364','1',785.00,785.00,'2023-12-02 11:46:56','2023-12-02 11:46:56','stock_b'),(689,231,'366','1',480.00,480.00,'2023-12-02 11:46:56','2023-12-02 11:46:56','stock_b'),(690,231,'361','1',340.00,340.00,'2023-12-02 11:46:56','2023-12-02 11:46:56','stock_b'),(691,231,'362','1',480.00,480.00,'2023-12-02 11:46:56','2023-12-02 11:46:56','stock_b'),(692,231,'361','1',340.00,340.00,'2023-12-02 11:46:56','2023-12-02 11:46:56','stock_b'),(693,231,'363','1',335.00,335.00,'2023-12-02 11:46:56','2023-12-02 11:46:56','stock_b'),(694,231,'357','1',335.00,335.00,'2023-12-02 11:46:56','2023-12-02 11:46:56','stock_b'),(695,231,'358','1',335.00,335.00,'2023-12-02 11:46:56','2023-12-02 11:46:56','stock_b'),(696,232,'177','1',2300.00,2300.00,'2023-12-03 06:29:20','2023-12-03 06:29:20','qty'),(697,232,'19','1',700.00,700.00,'2023-12-03 06:29:20','2023-12-03 06:29:20','qty'),(698,233,'77','1',34999.00,34999.00,'2023-12-03 07:05:59','2023-12-03 07:05:59','qty'),(699,234,'203','1',3300.00,3300.00,'2023-12-03 08:11:44','2023-12-03 08:11:44','qty'),(700,235,'79','1',NULL,NULL,'2023-12-03 08:52:01','2023-12-03 08:52:01','qty'),(701,235,'203','1',NULL,NULL,'2023-12-03 08:52:01','2023-12-03 08:52:01','qty'),(702,235,'99','2',NULL,NULL,'2023-12-03 08:52:01','2023-12-03 08:52:01','qty'),(703,236,'137','3',NULL,NULL,'2023-12-03 10:06:26','2023-12-03 10:06:26','qty'),(704,236,'129','3',NULL,NULL,'2023-12-03 10:06:26','2023-12-03 10:06:26','qty'),(705,236,'148','2',NULL,NULL,'2023-12-03 10:06:26','2023-12-03 10:06:26','qty'),(706,237,'353','1',155.00,155.00,'2023-12-03 10:18:57','2023-12-03 10:18:57','stock_b'),(707,237,'356','1',380.00,380.00,'2023-12-03 10:18:57','2023-12-03 10:18:57','stock_b'),(708,237,'363','1',335.00,335.00,'2023-12-03 10:18:57','2023-12-03 10:18:57','stock_b'),(709,237,'362','1',480.00,480.00,'2023-12-03 10:18:57','2023-12-03 10:18:57','stock_b'),(710,237,'364','1',785.00,785.00,'2023-12-03 10:18:57','2023-12-03 10:18:57','stock_b'),(711,237,'361','1',340.00,340.00,'2023-12-03 10:18:57','2023-12-03 10:18:57','stock_b'),(712,238,'135','3',NULL,NULL,'2023-12-04 06:20:39','2023-12-04 06:20:39','qty'),(713,238,'129','1',NULL,NULL,'2023-12-04 06:20:39','2023-12-04 06:20:39','qty'),(714,238,'160','1',NULL,NULL,'2023-12-04 06:20:39','2023-12-04 06:20:39','qty'),(715,239,'68','1',NULL,NULL,'2023-12-04 09:44:11','2023-12-04 09:44:11','qty'),(716,239,'231','1',NULL,NULL,'2023-12-04 09:44:11','2023-12-04 09:44:11','qty'),(717,240,'353','2',155.00,310.00,'2023-12-06 06:02:49','2023-12-06 06:02:49','stock_b'),(718,240,'354','2',250.00,500.00,'2023-12-06 06:02:49','2023-12-06 06:02:49','stock_b'),(719,240,'355','2',330.00,660.00,'2023-12-06 06:02:49','2023-12-06 06:02:49','stock_b'),(720,240,'356','2',380.00,760.00,'2023-12-06 06:02:49','2023-12-06 06:02:49','stock_b'),(721,240,'363','2',335.00,670.00,'2023-12-06 06:02:49','2023-12-06 06:02:49','stock_b'),(722,240,'364','2',785.00,1570.00,'2023-12-06 06:02:49','2023-12-06 06:02:49','stock_b'),(723,242,'175','1',2600.00,2600.00,'2023-12-06 06:11:28','2023-12-06 06:11:28','qty'),(724,242,'49','1',700.00,700.00,'2023-12-06 06:11:28','2023-12-06 06:11:28','qty');
/*!40000 ALTER TABLE `chalan_items` ENABLE KEYS */;
UNLOCK TABLES;

--
-- Table structure for table `chalans`
--

DROP TABLE IF EXISTS `chalans`;
/*!40101 SET @saved_cs_client     = @@character_set_client */;
/*!50503 SET character_set_client = utf8mb4 */;
CREATE TABLE `chalans` (
  `id` bigint unsigned NOT NULL AUTO_INCREMENT,
  `customer_id` bigint unsigned NOT NULL,
  `chalan_date` date NOT NULL,
  `chalan_no` varchar(20) CHARACTER SET utf8mb4 COLLATE utf8mb4_unicode_ci DEFAULT NULL,
  `user_id` varchar(20) CHARACTER SET utf8mb4 COLLATE utf8mb4_unicode_ci DEFAULT NULL,
  `details` text CHARACTER SET utf8mb4 COLLATE utf8mb4_unicode_ci,
  `purpose` varchar(50) CHARACTER SET utf8mb4 COLLATE utf8mb4_unicode_ci DEFAULT NULL,
  `invoice_number` varchar(50) CHARACTER SET utf8mb4 COLLATE utf8mb4_unicode_ci DEFAULT NULL,
  `created_at` timestamp NULL DEFAULT NULL,
  `updated_at` timestamp NULL DEFAULT NULL,
  PRIMARY KEY (`id`)
) ENGINE=InnoDB AUTO_INCREMENT=243 DEFAULT CHARSET=utf8mb4 COLLATE=utf8mb4_unicode_ci;
/*!40101 SET character_set_client = @saved_cs_client */;

--
-- Dumping data for table `chalans`
--

LOCK TABLES `chalans` WRITE;
/*!40000 ALTER TABLE `chalans` DISABLE KEYS */;
INSERT INTO `chalans` VALUES (6,352,'2023-06-22','STAC202391368','52',NULL,'Sales',NULL,'2023-06-22 13:00:49',NULL),(7,703,'2023-06-26','STAC202356157','52',NULL,'Sales',NULL,'2023-06-26 14:31:22',NULL),(9,703,'2023-07-08','STAC202320390','1',NULL,'Sales',NULL,'2023-07-08 11:36:21',NULL),(10,708,'2023-07-08','STAC202319652','56',NULL,'Sample',NULL,'2023-07-08 12:16:14',NULL),(11,703,'2023-07-10','STAC202334913','52',NULL,'Sales',NULL,'2023-07-10 10:35:41',NULL),(12,703,'2023-07-10','STAC202395528','52','5 Years Free Replacement Warranty and 10 Years of Service Warranty','Sales',NULL,'2023-07-10 14:44:55',NULL),(13,716,'2023-07-11','STAC202337524','42',NULL,'Replacement',NULL,'2023-07-11 14:24:29',NULL),(14,725,'2023-07-19','STAC202355327','42','Chalan forwarded before','Sales','567','2023-07-26 14:32:23',NULL),(15,725,'2023-07-19','STAC202390075','42','Chalan forwarded before','Sales','567','2023-07-26 14:32:23',NULL),(17,620,'2023-08-01','STAC202379078','52',NULL,'Sales','571','2023-08-01 15:24:12',NULL),(18,729,'2023-08-02','STAC202337229','42','Sample for new architect .','Sample',NULL,'2023-08-02 10:22:42',NULL),(19,730,'2023-08-05','STAC202373496','52',NULL,'Sales','572','2023-08-05 11:18:26',NULL),(20,733,'2023-08-06','STAC202335350','52',NULL,'Sales','575','2023-08-06 12:25:51',NULL),(21,734,'2023-08-07','STAC202375528','52',NULL,'Sales','576','2023-08-07 11:12:02',NULL),(22,734,'2023-08-07','STAC202340229','52',NULL,'Sales','576','2023-08-07 11:24:49',NULL),(23,81,'2023-08-08','STAC202388848','41',NULL,'Sample',NULL,'2023-08-08 10:14:44',NULL),(24,735,'2023-08-08','STAC202347938','52',NULL,'Sales','577','2023-08-08 11:39:05',NULL),(25,735,'2023-08-08','STAC202391718','52',NULL,'Sales','577','2023-08-08 11:55:15',NULL),(26,352,'2023-08-17','STAC202366153','52','Product Delivery','Sample',NULL,'2023-08-17 13:41:58',NULL),(27,583,'2023-08-21','STAC202350701','1',NULL,'Sales','585','2023-08-23 09:44:20',NULL),(28,583,'2023-08-21','STAC202363371','1',NULL,'Sales','583','2023-08-23 09:45:12',NULL),(29,616,'2023-08-24','STAC202313292','1','DWL Architects','Sample',NULL,'2023-08-24 10:53:18',NULL),(30,668,'2023-08-28','STAC202325419','52',NULL,'Sales','591','2023-08-28 10:29:06',NULL),(31,741,'2023-08-29','STAC202320151','52',NULL,'Sales','592','2023-08-29 05:38:22',NULL),(32,729,'2023-08-29','STAC202334558','52',NULL,'Sample',NULL,'2023-08-29 06:17:04',NULL),(33,742,'2023-08-29','STAC202333347','52',NULL,'Sales','593','2023-08-29 06:41:57',NULL),(34,651,'2023-08-27','STAC202384444','52',NULL,'Sales','589','2023-08-30 05:19:31',NULL),(35,583,'2023-08-30','STAC202320902','52',NULL,'Dealership',NULL,'2023-08-30 07:40:32',NULL),(36,340,'2023-08-30','STAC202346976','1',NULL,'Sample',NULL,'2023-08-30 07:44:49',NULL),(37,743,'2023-09-03','STAC202358421','1',NULL,'Sales','596','2023-09-03 06:53:44',NULL),(38,743,'2023-09-02','STAC202389406','1',NULL,'Sales','595','2023-09-03 06:54:07',NULL),(39,340,'2023-09-04','STAC202329818','44',NULL,'Sample',NULL,'2023-09-04 06:20:21',NULL),(40,744,'2023-09-05','STAC202379108','52',NULL,'Sample',NULL,'2023-09-05 05:38:13',NULL),(41,745,'2023-09-07','STAC202373748','52',NULL,'Sales','598','2023-09-07 04:36:29',NULL),(42,746,'2023-09-07','STAC202354350','54',NULL,'Sales','599','2023-09-07 08:20:51',NULL),(43,743,'2023-09-07','STAC202341156','54',NULL,'Sales','601','2023-09-07 11:19:39',NULL),(44,748,'2023-09-07','STAC202349295','54',NULL,'Sales','604','2023-09-07 13:33:39',NULL),(45,296,'2023-09-08','STAC202395174','54',NULL,'Sales','605','2023-09-08 09:22:29',NULL),(46,735,'2023-09-13','STAC202335953','54',NULL,'Sales','611','2023-09-13 07:05:17',NULL),(47,509,'2023-09-14','STAC202386764','54',NULL,'Sales','612','2023-09-14 07:59:46',NULL),(48,753,'2023-09-19','STAC202370208','41','Previous display board replacement.','Dealership',NULL,'2023-09-19 05:11:14',NULL),(49,754,'2023-09-20','STAC202359969','42',NULL,'Sample',NULL,'2023-09-20 04:37:36',NULL),(50,755,'2023-09-20','STAC202398537','52',NULL,'Sales','616','2023-09-20 09:04:44',NULL),(51,742,'2023-09-24','STAC202351152','41',NULL,'Sample',NULL,'2023-09-24 04:41:00',NULL),(52,756,'2023-09-25','STAC202341111','54',NULL,'Sales','617','2023-09-25 04:45:31',NULL),(53,352,'2023-09-25','STAC202388376','42','Materials for fireplace','Sample',NULL,'2023-09-25 04:52:54',NULL),(54,735,'2023-09-25','STAC202353000','54',NULL,'Sales','618','2023-09-25 04:59:08',NULL),(55,757,'2023-09-25','STAC202365547','42',NULL,'Sample',NULL,'2023-09-25 06:11:42',NULL),(56,509,'2023-09-27','STAC202397513','54',NULL,'Sales','620','2023-09-27 06:34:44',NULL),(57,340,'2023-09-30','STAC202338141','44',NULL,'Dealership',NULL,'2023-09-30 08:16:36',NULL),(58,703,'2023-09-30','STAC202395871','41',NULL,'Sample',NULL,'2023-09-30 09:11:27',NULL),(59,759,'2023-10-01','STAC202356936','41',NULL,'Sample',NULL,'2023-10-01 05:29:03',NULL),(60,340,'2023-10-01','STAC202345302','44',NULL,'Sample',NULL,'2023-10-01 06:10:59',NULL),(61,651,'2023-10-02','STAC202343940','41',NULL,'Dealership',NULL,'2023-10-02 04:58:00',NULL),(62,651,'2023-10-02','STAC202342748','41',NULL,'Sample',NULL,'2023-10-02 05:04:51',NULL),(63,625,'2023-10-02','STAC202373680','52','Smart PDLC Sample','Sample',NULL,'2023-10-02 05:20:01',NULL),(64,763,'2023-10-03','STAC202383401','41','It will be return today.','Sample',NULL,'2023-10-03 05:25:29',NULL),(66,715,'2023-10-03','STAC202391782','41',NULL,'Sales','626','2023-10-03 09:08:03',NULL),(67,315,'2023-10-05','STAC202318135','45',NULL,'Sales','629','2023-10-05 06:40:20',NULL),(68,764,'2023-10-05','STAC202393443','54',NULL,'Sales','630','2023-10-05 09:26:34',NULL),(69,365,'2023-10-08','STAC202369980','42',NULL,'Sales','631','2023-10-08 04:58:12',NULL),(70,598,'2023-10-09','STAC202398951','44',NULL,'Sample',NULL,'2023-10-09 06:23:22',NULL),(71,766,'2023-10-10','STAC202332850','44',NULL,'Sample',NULL,'2023-10-10 06:06:01',NULL),(72,766,'2023-10-10','STAC202327900','50',NULL,'Sales','633','2023-10-10 06:37:05',NULL),(73,768,'2023-10-11','STAC202332114','1','Showroom','STATA Lifestyle',NULL,'2023-10-11 04:47:30',NULL),(74,767,'2023-10-11','STAC202333014','42',NULL,'Sample',NULL,'2023-10-11 04:47:56',NULL),(75,461,'2023-10-11','STAC202373489','42',NULL,'Sample',NULL,'2023-10-11 05:15:40',NULL),(76,768,'2023-10-11','STAC202352279','44',NULL,'STATA Lifestyle',NULL,'2023-10-11 05:20:40',NULL),(77,770,'2023-10-12','STAC202366528','52','APT D-02','Sales','636','2023-10-11 13:25:10',NULL),(78,768,'2023-10-12','STAC202335071','44','for Showroom','STATA Lifestyle',NULL,'2023-10-12 05:51:56',NULL),(79,770,'2023-10-12','STAC202333642','52','APT D-02','Sale',NULL,'2023-10-12 06:12:40',NULL),(80,770,'2023-10-12','STAC202318376','52','APT E-04','Sale',NULL,'2023-10-12 06:21:48',NULL),(81,771,'2023-10-12','STAC202391870','50','Shoot','Digital Team',NULL,'2023-10-12 06:49:35',NULL),(82,651,'2023-10-14','STAC202352426','41',NULL,'Sales','638','2023-10-14 03:40:10',NULL),(83,651,'2023-10-14','STAC202385037','41',NULL,'Sales','639','2023-10-14 03:56:22',NULL),(84,651,'2023-10-14','STAC202326442','41',NULL,'Sales','640','2023-10-14 04:03:03',NULL),(85,651,'2023-10-14','STAC202329819','41',NULL,'Sample',NULL,'2023-10-14 04:16:20',NULL),(86,418,'2023-10-14','STAC202321990','45',NULL,'Sales','641','2023-10-14 05:17:00',NULL),(87,418,'2023-10-14','STAC202350322','45',NULL,'Sales','641','2023-10-14 05:19:32',NULL),(88,771,'2023-10-14','STAC202326043','52',NULL,'Sample',NULL,'2023-10-14 06:45:45',NULL),(89,340,'2023-10-14','STAC202345251','44',NULL,'Sample',NULL,'2023-10-14 09:16:23',NULL),(90,672,'2023-10-14','STAC202326896','52',NULL,'Sample',NULL,'2023-10-14 09:16:49',NULL),(91,772,'2023-10-14','STAC202317413','52',NULL,'Sample',NULL,'2023-10-14 09:51:42',NULL),(92,772,'2023-10-14','STAC202393690','41',NULL,'Sales','642','2023-10-14 09:53:01',NULL),(93,340,'2023-10-14','STAC202376855','44',NULL,'Sales','643','2023-10-14 11:33:10',NULL),(94,643,'2023-10-15','STAC202336089','45',NULL,'Sales','644','2023-10-15 04:24:58',NULL),(95,703,'2023-10-15','STAC202336435','54',NULL,'Sample',NULL,'2023-10-15 06:43:36',NULL),(96,768,'2023-10-15','STAC202371015','54',NULL,'Sample',NULL,'2023-10-15 06:46:14',NULL),(97,768,'2023-10-15','STAC202391639','54','Showroom','Sample',NULL,'2023-10-15 07:55:12',NULL),(98,773,'2023-10-16','STAC202351542','54',NULL,'Sales','645','2023-10-16 08:27:38',NULL),(99,773,'2023-10-17','STAC202366301','52',NULL,'Sale',NULL,'2023-10-17 07:20:40',NULL),(100,651,'2023-10-14','STAC202316443','52',NULL,'Sample',NULL,'2023-10-17 07:38:28',NULL),(101,774,'2023-10-17','STAC202311613','50',NULL,'Sales','647','2023-10-18 05:15:52',NULL),(102,774,'2023-10-17','STAC202341685','50',NULL,'Sales','647','2023-10-18 05:18:38',NULL),(103,775,'2023-10-18','STAC202389197','41','It Will be must return in 3 working days.','Sample',NULL,'2023-10-18 05:34:39',NULL),(104,771,'2023-10-18','STAC202352883','52',NULL,'Digital Team',NULL,'2023-10-18 06:23:28',NULL),(105,735,'2023-10-18','STAC202320867','54',NULL,'Sales','648','2023-10-18 07:18:18',NULL),(106,735,'2023-10-18','STAC202311126','44',NULL,'Sales','648','2023-10-18 07:26:03',NULL),(107,771,'2023-10-19','STAC202315523','50',NULL,'Digital Team',NULL,'2023-10-19 05:44:17',NULL),(108,776,'2023-10-19','STAC202341929','54',NULL,'Sales','651','2023-10-19 07:01:43',NULL),(109,651,'2023-10-21','STAC202342012','41',NULL,'Sales','652','2023-10-21 04:58:43',NULL),(110,672,'2023-10-21','STAC202398723','41',NULL,'Sample',NULL,'2023-10-21 05:51:36',NULL),(111,631,'2023-10-22','STAC202361187','52',NULL,'Sales','654','2023-10-22 11:22:49',NULL),(112,768,'2023-10-23','STAC202325040','44',NULL,'STATA Lifestyle',NULL,'2023-10-23 06:19:19',NULL),(113,768,'2023-10-23','STAC202371530','44',NULL,'STATA Lifestyle',NULL,'2023-10-23 06:23:01',NULL),(114,768,'2023-10-23','STAC202370255','44',NULL,'STATA Lifestyle',NULL,'2023-10-23 07:55:12',NULL),(115,768,'2023-10-23','STAC202383105','44',NULL,'STATA Lifestyle',NULL,'2023-10-23 08:31:21',NULL),(116,631,'2023-10-23','STAC202399095','44',NULL,'Replacement',NULL,'2023-10-23 14:35:19',NULL),(117,768,'2023-10-25','STAC202338673','56',NULL,'STATA Lifestyle',NULL,'2023-10-25 05:00:16',NULL),(118,768,'2023-10-25','STAC202339005','56',NULL,'STATA Lifestyle',NULL,'2023-10-25 05:00:18',NULL),(119,768,'2023-10-25','STAC202359774','56',NULL,'STATA Lifestyle',NULL,'2023-10-25 05:11:46',NULL),(120,363,'2023-10-25','STAC202335273','39',NULL,'Sample',NULL,'2023-10-25 06:03:37',NULL),(121,81,'2023-10-25','STAC202350432','41',NULL,'Sales','655','2023-10-25 06:19:26',NULL),(122,363,'2023-10-25','STAC202325726','44',NULL,'Sample',NULL,'2023-10-25 07:18:16',NULL),(123,779,'2023-10-25','STAC202328313','44',NULL,'Sales','656','2023-10-25 12:02:56',NULL),(124,617,'2023-10-30','STAC202365616','52',NULL,'Sample',NULL,'2023-10-30 05:13:37',NULL),(125,768,'2023-10-30','STAC202385416','52',NULL,'Sample',NULL,'2023-10-30 05:20:14',NULL),(126,418,'2023-10-30','STAC202322015','45',NULL,'Sales','657','2023-10-30 05:25:11',NULL),(127,509,'2023-10-30','STAC202398243','44','Replace','Replacement',NULL,'2023-10-30 06:33:23',NULL),(128,704,'2023-11-11','STAC202343860','52',NULL,'Sale',NULL,'2023-10-30 06:57:36',NULL),(129,764,'2023-10-30','STAC202398662','52',NULL,'Sales','658','2023-10-30 07:14:17',NULL),(130,81,'2023-10-30','STAC202326132','45',NULL,'Sales','659','2023-10-30 08:01:30',NULL),(131,781,'2023-10-31','STAC202363536','54',NULL,'Sales','660','2023-10-31 05:15:24',NULL),(132,781,'2023-10-31','STAC202324870','54',NULL,'Sample',NULL,'2023-10-31 05:39:04',NULL),(133,768,'2023-10-31','STAC202392754','44',NULL,'STATA Lifestyle',NULL,'2023-10-31 06:07:59',NULL),(134,764,'2023-10-31','STAC202366793','52',NULL,'Sales','661','2023-10-31 06:26:54',NULL),(135,782,'2023-11-01','STAC202357644','54',NULL,'Sales','663','2023-11-01 04:27:56',NULL),(136,764,'2023-11-01','STAC202367061','54',NULL,'Sale',NULL,'2023-11-01 05:11:33',NULL),(137,121,'2023-11-01','STAC202316072','42',NULL,'Sample',NULL,'2023-11-01 05:49:13',NULL),(138,769,'2023-11-01','STAC202314594','1',NULL,'Sale',NULL,'2023-11-01 07:16:04',NULL),(139,598,'2023-11-01','STAC202388660','44',NULL,'Dealership',NULL,'2023-11-01 07:46:06',NULL),(140,768,'2023-11-02','STAC202328620','44',NULL,'Dealership',NULL,'2023-11-02 06:03:40',NULL),(141,713,'2023-11-02','STAC202397401','54',NULL,'Sales','665','2023-11-02 06:29:00',NULL),(142,768,'2023-11-02','STAC202357884','44',NULL,'Dealership',NULL,'2023-11-02 06:31:28',NULL),(143,738,'2023-11-02','STAC202381992','42',NULL,'Sample',NULL,'2023-11-02 10:26:49',NULL),(144,363,'2023-11-05','STAC202368131','42',NULL,'Sample',NULL,'2023-11-05 05:08:02',NULL),(145,783,'2023-11-05','STAC202364923','44',NULL,'Sales','666','2023-11-05 12:47:02',NULL),(146,616,'2023-11-06','STAC202331929','44',NULL,'Sample',NULL,'2023-11-06 05:27:56',NULL),(147,616,'2023-11-06','STAC202361064','44',NULL,'Sample',NULL,'2023-11-06 05:48:11',NULL),(148,363,'2023-11-06','STAC202341195','41',NULL,'Sample',NULL,'2023-11-06 08:27:49',NULL),(149,725,'2023-11-06','STAC202336739','42',NULL,'Replacement',NULL,'2023-11-06 09:46:49',NULL),(150,771,'2023-11-06','STAC202371731','54',NULL,'Sample',NULL,'2023-11-06 10:06:40',NULL),(151,784,'2023-11-06','STAC202319223','54',NULL,'Sales','667','2023-11-06 10:54:17',NULL),(152,785,'2023-11-07','STAC202386047','52',NULL,'Sale',NULL,'2023-11-07 06:12:11',NULL),(153,682,'2023-11-08','STAC202313279','41',NULL,'Sales','668','2023-11-08 05:13:59',NULL),(154,771,'2023-11-08','STAC202324948','54',NULL,'Sample',NULL,'2023-11-08 06:55:04',NULL),(155,771,'2023-11-08','STAC202347313','54',NULL,'Sample',NULL,'2023-11-08 07:25:52',NULL),(156,786,'2023-11-08','STAC202353868','54',NULL,'Sales','669','2023-11-08 11:21:16',NULL),(157,787,'2023-11-08','STAC202332046','44',NULL,'Sales','670','2023-11-08 13:09:29',NULL),(158,682,'2023-11-09','STAC202348135','41',NULL,'Sales','671','2023-11-09 04:43:58',NULL),(159,789,'2023-11-09','STAC202361544','54',NULL,'Sales','672','2023-11-09 05:16:11',NULL),(160,750,'2023-11-11','STAC202341788','50',NULL,'Sale',NULL,'2023-11-11 05:20:00',NULL),(161,750,'2023-11-11','STAC202397536','50',NULL,'Sale',NULL,'2023-11-11 05:20:09',NULL),(162,750,'2023-11-11','STAC202390648','50',NULL,'Sale',NULL,'2023-11-11 05:20:15',NULL),(163,750,'2023-11-11','STAC202311669','50',NULL,'Sale',NULL,'2023-11-11 05:20:21',NULL),(164,750,'2023-11-11','STAC202341075','50',NULL,'Sale',NULL,'2023-11-11 05:21:05',NULL),(165,750,'2023-11-11','STAC202365195','50',NULL,'Sale',NULL,'2023-11-11 05:22:23',NULL),(166,791,'2023-11-11','STAC202385052','54',NULL,'Sales','674','2023-11-11 12:03:19',NULL),(167,791,'2023-11-11','STAC202340846','54',NULL,'Sales','675','2023-11-11 12:17:22',NULL),(168,715,'2023-11-12','STAC202387100','41','A complete series of MIB Glacier white switches for Stock.','Dealership',NULL,'2023-11-11 12:39:09',NULL),(169,742,'2023-11-12','STAC202382985','44',NULL,'Sales','676','2023-11-12 05:30:29',NULL),(170,787,'2023-11-12','STAC202370338','54',NULL,'Sales','677','2023-11-12 06:03:16',NULL),(171,352,'2023-11-12','STAC202387532','42',NULL,'Sale',NULL,'2023-11-12 10:56:07',NULL),(172,583,'2023-11-12','STAC202312156','44',NULL,'Dealership',NULL,'2023-11-12 14:18:15',NULL),(173,793,'2023-11-13','STAC202382356','54',NULL,'Sales','680','2023-11-13 10:44:08',NULL),(174,793,'2023-11-13','STAC202380432','54',NULL,'Sales','679','2023-11-13 10:46:01',NULL),(175,793,'2023-11-13','STAC202361987','54',NULL,'Sales','681','2023-11-13 10:52:52',NULL),(178,145,'2023-11-13','STAC202389675','1',NULL,'Replacement',NULL,'2023-11-13 11:29:14',NULL),(179,81,'2023-11-14','STAC202367553','41',NULL,'Sales','682','2023-11-14 05:22:41',NULL),(180,81,'2023-11-14','STAC202384438','41',NULL,'Sale',NULL,'2023-11-14 06:37:41',NULL),(181,139,'2023-11-14','STAC202399987','52',NULL,'Replacement',NULL,'2023-11-14 10:11:16',NULL),(182,352,'2023-11-15','STAC202355355','52',NULL,'Sale',NULL,'2023-11-14 12:40:41',NULL),(183,352,'2023-11-15','STAC202361463','52',NULL,'Sample',NULL,'2023-11-14 13:45:46',NULL),(184,81,'2023-11-15','STAC202339671','41',NULL,'Replacement',NULL,'2023-11-15 04:03:50',NULL),(185,742,'2023-11-15','STAC202330981','41',NULL,'Replacement',NULL,'2023-11-15 04:27:58',NULL),(186,774,'2023-11-15','STAC202359440','50',NULL,'Sales','683','2023-11-15 09:09:53',NULL),(187,796,'2023-11-15','STAC202346079','54',NULL,'Sales','684','2023-11-15 12:17:50',NULL),(188,352,'2023-11-15','STAC202374953','44',NULL,'Sale',NULL,'2023-11-15 12:42:40',NULL),(189,708,'2023-11-18','STAC202319606','44',NULL,'Replacement',NULL,'2023-11-18 03:33:57',NULL),(190,640,'2023-11-18','STAC202340037','50',NULL,'Sales','685','2023-11-18 05:41:54',NULL),(191,725,'2023-11-18','STAC202376602','39',NULL,'Sale',NULL,'2023-11-18 06:01:54',NULL),(192,771,'2023-11-18','STAC202384838','54',NULL,'Sample',NULL,'2023-11-18 06:17:23',NULL),(193,797,'2023-11-16','STAC202365616','54',NULL,'Sales','687','2023-11-18 06:24:44',NULL),(194,598,'2023-11-18','STAC202371902','44',NULL,'Sales','689','2023-11-18 07:55:10',NULL),(195,340,'2023-11-19','STAC202343300','44',NULL,'Dealership',NULL,'2023-11-19 04:33:31',NULL),(196,756,'2023-11-20','STAC202339590','44',NULL,'Replacement',NULL,'2023-11-20 04:44:51',NULL),(197,352,'2023-11-20','STAC202317743','1',NULL,'Sale',NULL,'2023-11-20 06:40:00',NULL),(198,352,'2023-11-20','STAC202389222','1',NULL,'Sale',NULL,'2023-11-20 06:55:08',NULL),(199,340,'2023-11-20','STAC202353208','44',NULL,'Sale',NULL,'2023-11-20 11:34:55',NULL),(200,771,'2023-11-22','STAC202322639','50',NULL,'Digital Team',NULL,'2023-11-22 05:25:17',NULL),(201,719,'2023-11-22','STAC202360416','41','from mohakhali showroom','Replacement',NULL,'2023-11-22 05:50:00',NULL),(202,759,'2023-11-22','STAC202315767','39',NULL,'Sample',NULL,'2023-11-22 05:58:04',NULL),(203,616,'2023-11-22','STAC202311890','52',NULL,'Sample',NULL,'2023-11-22 06:09:35',NULL),(204,719,'2023-11-22','STAC202396070','52',NULL,'Replacement',NULL,'2023-11-22 08:11:33',NULL),(205,340,'2023-11-22','STAC202368281','44',NULL,'Sale',NULL,'2023-11-22 08:27:14',NULL),(206,682,'2023-11-22','STAC202385396','45',NULL,'Replacement',NULL,'2023-11-22 08:38:04',NULL),(207,794,'2023-11-22','STAC202377698','54',NULL,'Sales','693','2023-11-22 11:25:23',NULL),(208,799,'2023-11-22','STAC202336738','54',NULL,'Sales','694','2023-11-22 12:00:23',NULL),(209,799,'2023-11-22','STAC202321091','54',NULL,'Sample',NULL,'2023-11-22 12:06:07',NULL),(210,800,'2023-11-23','STAC202349159','65',NULL,'Sample',NULL,'2023-11-23 05:25:26',NULL),(211,759,'2023-11-23','STAC202349738','42',NULL,'Sale',NULL,'2023-11-23 05:32:22',NULL),(212,618,'2023-11-26','STAC202317990','44',NULL,'Sample',NULL,'2023-11-26 05:59:18',NULL),(213,771,'2023-11-27','STAC202363897','63',NULL,'Digital Team',NULL,'2023-11-27 05:34:55',NULL),(214,801,'2023-11-27','STAC202355043','52',NULL,'Replacement',NULL,'2023-11-27 05:49:42',NULL),(215,340,'2023-11-22','STAC202314811','44',NULL,'Sale',NULL,'2023-11-27 06:42:29',NULL),(216,802,'2023-11-28','STAC202398773','52',NULL,'Sales','696','2023-11-28 07:33:29',NULL),(217,352,'2023-11-28','STAC202367152','52',NULL,'Sale',NULL,'2023-11-28 07:53:55',NULL),(218,803,'2023-11-28','STAC202345254','50',NULL,'Sales','697','2023-11-28 11:03:03',NULL),(219,317,'2023-11-28','STAC202394528','54',NULL,'Sales','698','2023-11-28 11:43:22',NULL),(220,766,'2023-11-29','STAC202398202','54',NULL,'Sales','699','2023-11-29 06:47:23',NULL),(221,746,'2023-11-29','STAC202333105','52',NULL,'Sample',NULL,'2023-11-29 07:30:17',NULL),(222,804,'2023-11-29','STAC202367028','54',NULL,'Sample',NULL,'2023-11-29 09:08:02',NULL),(223,317,'2023-11-30','STAC202370976','54',NULL,'Sales','700','2023-11-30 06:29:03',NULL),(224,806,'2023-11-30','STAC202346568','50',NULL,'Sales','701','2023-11-30 10:39:06',NULL),(225,598,'2023-12-02','STAC202355723','44',NULL,'Sample',NULL,'2023-12-02 05:25:25',NULL),(226,789,'2023-12-02','STAC202372416','54',NULL,'Sales','702','2023-12-02 05:32:26',NULL),(227,352,'2023-12-02','STAC202367132','51',NULL,'Sale',NULL,'2023-12-02 06:17:10',NULL),(228,715,'2023-12-02','STAC202318242','41',NULL,'Sales','703','2023-12-02 07:34:27',NULL),(229,789,'2023-12-02','STAC202382017','52',NULL,'Sales','705','2023-12-02 10:27:21',NULL),(230,807,'2023-12-02','STAC202327292','44',NULL,'Sample',NULL,'2023-12-02 11:41:26',NULL),(231,808,'2023-12-02','STAC202351665','44',NULL,'Sample',NULL,'2023-12-02 11:46:56',NULL),(232,768,'2023-12-03','STAC202320681','51',NULL,'STATA Lifestyle',NULL,'2023-12-03 06:29:20',NULL),(233,618,'2023-12-03','STAC202336678','41',NULL,'Sample',NULL,'2023-12-03 07:05:59',NULL),(234,618,'2023-12-03','STAC202367354','41',NULL,'Sample',NULL,'2023-12-03 08:11:44',NULL),(235,809,'2023-12-03','STAC202383429','41',NULL,'Sales','706','2023-12-03 08:52:01',NULL),(236,715,'2023-12-03','STAC202399295','41',NULL,'Sales','707','2023-12-03 10:06:26',NULL),(237,616,'2023-12-03','STAC202337829','1',NULL,'Sample',NULL,'2023-12-03 10:18:57',NULL),(238,802,'2023-12-04','STAC202361630','52',NULL,'Sales','708','2023-12-04 06:20:39',NULL),(239,810,'2023-12-04','STAC202355806','50',NULL,'Sales','709','2023-12-04 09:44:11',NULL),(240,703,'2023-12-06','STAC202340284','52',NULL,'Sample',NULL,'2023-12-06 06:02:49',NULL),(241,811,'2023-12-06','STAC202343769','46',NULL,'Sales','710','2023-12-06 06:08:51',NULL),(242,811,'2023-12-06','STAC202315172','63',NULL,'Sale',NULL,'2023-12-06 06:11:28',NULL);
/*!40000 ALTER TABLE `chalans` ENABLE KEYS */;
UNLOCK TABLES;

--
-- Table structure for table `conveyance_items`
--

DROP TABLE IF EXISTS `conveyance_items`;
/*!40101 SET @saved_cs_client     = @@character_set_client */;
/*!50503 SET character_set_client = utf8mb4 */;
CREATE TABLE `conveyance_items` (
  `id` bigint unsigned NOT NULL AUTO_INCREMENT,
  `conveyance_id` bigint unsigned NOT NULL,
  `from` varchar(255) CHARACTER SET utf8mb4 COLLATE utf8mb4_unicode_ci NOT NULL,
  `to` varchar(255) CHARACTER SET utf8mb4 COLLATE utf8mb4_unicode_ci NOT NULL,
  `purpose` varchar(255) CHARACTER SET utf8mb4 COLLATE utf8mb4_unicode_ci NOT NULL,
  `transport` varchar(255) CHARACTER SET utf8mb4 COLLATE utf8mb4_unicode_ci NOT NULL,
  `amount` double(8,2) NOT NULL,
  `created_at` timestamp NULL DEFAULT NULL,
  `updated_at` timestamp NULL DEFAULT NULL,
  PRIMARY KEY (`id`),
  KEY `conveyance_items_conveyance_id_foreign` (`conveyance_id`),
  CONSTRAINT `conveyance_items_conveyance_id_foreign` FOREIGN KEY (`conveyance_id`) REFERENCES `conveyances` (`id`) ON DELETE CASCADE
) ENGINE=InnoDB AUTO_INCREMENT=1152 DEFAULT CHARSET=utf8mb4 COLLATE=utf8mb4_unicode_ci;
/*!40101 SET character_set_client = @saved_cs_client */;

--
-- Dumping data for table `conveyance_items`
--

LOCK TABLES `conveyance_items` WRITE;
/*!40000 ALTER TABLE `conveyance_items` DISABLE KEYS */;
INSERT INTO `conveyance_items` VALUES (7,12,'Office','Uttara','Dealership','Bus',70.00,'2023-06-17 11:11:47','2023-06-17 11:11:47'),(8,12,'Uttara','Office','Visit','Bus',70.00,'2023-06-17 11:11:47','2023-06-17 11:11:47'),(9,13,'office','Gulshan','meeting','Bus',100.00,'2023-08-07 11:50:03','2023-08-07 11:50:03'),(10,13,'gulshan','office','meeting','Rickshaw',120.00,'2023-08-07 11:50:03','2023-08-07 11:50:03'),(11,14,'Office','Gulshan','Meeting','Bus',80.00,'2023-08-07 14:09:27','2023-08-07 14:09:27'),(12,14,'Gulshan','Palton','Meeting','Rickshaw',100.00,'2023-08-07 14:09:27','2023-08-07 14:09:27'),(17,16,'office','mohakhali','1.meeting Homely interior','Bus',60.00,'2023-08-08 14:07:16','2023-08-08 14:07:16'),(18,16,'mohakhali buss stand','mohakhali Dosh lane -9,h.456','2.office vendor search','Rickshaw',80.00,'2023-08-08 14:07:16','2023-08-08 14:07:16'),(19,16,'DoSh','Chairman bari','3.SA Interior meeting','Rickshaw',80.00,'2023-08-08 14:07:16','2023-08-08 14:07:16'),(20,16,'chairman bari','office','20*3','Bus',60.00,'2023-08-08 14:07:16','2023-08-08 14:07:16'),(21,17,'Office','Mirpur Kalshi','Dealership visit','Bus',30.00,'2023-08-09 15:59:22','2023-08-09 15:59:22'),(22,17,'Mirpur kalshi','Mirpur 10','Dealership visit','Bus',20.00,'2023-08-09 15:59:22','2023-08-09 15:59:22'),(23,17,'Mirpur 10','Mirpur 1','Dealership visit','Rickshaw',40.00,'2023-08-09 15:59:22','2023-08-09 15:59:22'),(24,17,'Mirpur 1','Office','Return Office','Bus',50.00,'2023-08-09 15:59:22','2023-08-09 15:59:22'),(25,18,'Office','Bashundhara','Lock  service','Rickshaw',50.00,'2023-08-12 15:33:10','2023-08-12 15:33:10'),(28,21,'Office','Uttara','Dealership visit and sell Push','Bus',40.00,'2023-08-12 15:56:07','2023-08-12 15:56:07'),(29,21,'uttara','Office','Office Return','Bus',80.00,'2023-08-12 15:56:07','2023-08-12 15:56:07'),(30,22,'office','Bashundhara G Block','service','Rickshaw',80.00,'2023-08-13 09:54:16','2023-08-13 09:54:16'),(31,22,'Bashundhara','office','service','Rickshaw',80.00,'2023-08-13 09:54:16','2023-08-13 09:54:16'),(32,23,'Office','Bashundhara','service','Rickshaw',150.00,'2023-08-16 10:05:03','2023-08-16 10:05:03'),(33,23,'Bashundhara','office','service','Rickshaw',150.00,'2023-08-16 10:05:03','2023-08-16 10:05:03'),(56,28,'Office','Gulshan 1','Dealership visit and sell Push','Rickshaw',40.00,'2023-08-16 12:06:09','2023-08-16 12:06:09'),(57,28,'Gulshan1','Shamoly','Dealership visit and sell Push','Bus',30.00,'2023-08-16 12:06:09','2023-08-16 12:06:09'),(58,28,'Shamoly','Town Hall','Dealership visit and sell Push','Bus',20.00,'2023-08-16 12:06:09','2023-08-16 12:06:09'),(59,28,'Town Hall','Bosila','New Dealership and  sale Push','Rickshaw',40.00,'2023-08-16 12:06:09','2023-08-16 12:06:09'),(60,28,'Bosila','Mohhamadpur Bus Stand','office Return','Rickshaw',30.00,'2023-08-16 12:06:09','2023-08-16 12:06:09'),(61,28,'Mohhamadpur','Office','Office Return','Bus',50.00,'2023-08-16 12:06:09','2023-08-16 12:06:09'),(66,33,'Office','Palton','Customer meeting','Bus',30.00,'2023-08-17 10:47:15','2023-08-17 10:47:15'),(67,33,'Palton','Office','Office Work','Bus',30.00,'2023-08-17 10:47:15','2023-08-17 10:47:15'),(68,34,'Office','Uttara','Dealer Visit','Bus',30.00,'2023-08-17 12:24:02','2023-08-17 12:24:02'),(69,34,'Uttara','Office','Office','Bus',30.00,'2023-08-17 12:24:02','2023-08-17 12:24:02'),(72,35,'Office','Laalmatia , Mohammadpur Townhall','Solution Provider Meetup and discussion regarding the build','Private Vehicle',130.00,'2023-08-17 15:32:10','2023-08-17 15:32:10'),(73,35,'Laalmatia , Mohammadpur Townhall','Rampura','Solution Provider Meetup and discussion regarding the build','Private Vehicle',130.00,'2023-08-17 15:32:10','2023-08-17 15:32:10'),(74,36,'Office','Palton','Bill Collect','Bus',30.00,'2023-08-19 15:09:29','2023-08-19 15:09:29'),(75,36,'Palton','Office','Office Work','Bus',30.00,'2023-08-19 15:09:29','2023-08-19 15:09:29'),(76,37,'Office','Mirpur Kalshi','Dealership visit and sell Push','Bus',30.00,'2023-08-19 15:52:15','2023-08-19 15:52:15'),(77,37,'kalshi','Mirpur 10','Dealership visit and sell Push','Bus',20.00,'2023-08-19 15:52:15','2023-08-19 15:52:15'),(78,37,'Mirpur 10','Mirpur 1','Dealership visit and sell Push','Rickshaw',40.00,'2023-08-19 15:52:15','2023-08-19 15:52:15'),(79,37,'Mirpur 1','Office','Office Return','Bus',50.00,'2023-08-19 15:52:15','2023-08-19 15:52:15'),(80,38,'Office','Eastern Green road','Lock Service','Bus',50.00,'2023-08-19 16:12:46','2023-08-19 16:12:46'),(81,38,'Eastern Green Road','Customer Residence','Lock Service','Rickshaw',40.00,'2023-08-19 16:12:46','2023-08-19 16:12:46'),(82,38,'Customer Residence','Eastern Green Road','Lock Service','Rickshaw',40.00,'2023-08-19 16:12:46','2023-08-19 16:12:46'),(83,38,'Eastern Green Road','Office','Lock Service','Bus',50.00,'2023-08-19 16:12:46','2023-08-19 16:12:46'),(84,39,'Office','Fixit  ( Gulshan 2 )','Dealer Visit','Rickshaw',60.00,'2023-08-20 15:49:00','2023-08-20 15:49:00'),(85,39,'Fixit','Banani (designage)','Dealer Visit','Rickshaw',60.00,'2023-08-20 15:49:00','2023-08-20 15:49:00'),(86,39,'Designage','Office','Office Work','Bus',40.00,'2023-08-20 15:49:00','2023-08-20 15:49:00'),(87,40,'Office','Gulshan','Rancon','Rickshaw',200.00,'2023-08-20 16:06:42','2023-08-20 16:06:42'),(88,40,'Gulshan','Office','Rancon','Rickshaw',200.00,'2023-08-20 16:06:42','2023-08-20 16:06:42'),(89,41,'Office','Gulshan','Rancon','Private Vehicle',220.00,'2023-08-20 16:08:03','2023-08-20 16:08:03'),(90,41,'Gulshan','Office','Rancon','Rickshaw',140.00,'2023-08-20 16:08:03','2023-08-20 16:08:03'),(91,42,'Office','Gulshan-2','Installation','Rickshaw',70.00,'2023-08-20 16:10:06','2023-08-20 16:10:06'),(92,42,'Gulshan-2','Rancon','Installation','Rickshaw',40.00,'2023-08-20 16:10:06','2023-08-20 16:10:06'),(93,42,'Rancon','Office','Installation','Rickshaw',110.00,'2023-08-20 16:10:06','2023-08-20 16:10:06'),(96,44,'Office','gulshan2','switch rdelivery','Rickshaw',60.00,'2023-08-21 12:34:15','2023-08-21 12:34:15'),(97,44,'gulshan2','kormitola','switch replace','Rickshaw',80.00,'2023-08-21 12:34:15','2023-08-21 12:34:15'),(98,45,'Office','Uttara','Dealer Visit','Bus',30.00,'2023-08-21 14:46:11','2023-08-21 14:46:11'),(99,45,'Uttara','Office','Office Work','Bus',30.00,'2023-08-21 14:46:11','2023-08-21 14:46:11'),(100,46,'office','Mirpur cantonment road-11,house958','1.meeting western Architect','Private Vehicle',150.00,'2023-08-21 15:09:29','2023-08-21 15:09:29'),(101,46,'mirpur cantonment','dosh lane-9','2.formet design','Private Vehicle',30.00,'2023-08-21 15:09:29','2023-08-21 15:09:29'),(102,46,'dosh lane -9','lane-38','3.Bonna Architect','Private Vehicle',30.00,'2023-08-21 15:09:29','2023-08-21 15:09:29'),(103,46,'lane-9 bonna architect','office','meeting purpose','Private Vehicle',150.00,'2023-08-21 15:09:29','2023-08-21 15:09:29'),(105,48,'Office','gulshan2','switch rdelivery','Rickshaw',60.00,'2023-08-21 15:40:22','2023-08-21 15:40:22'),(106,49,'Office','gulshan2','Dealers bill collect','Rickshaw',60.00,'2023-08-22 12:29:52','2023-08-22 12:29:52'),(107,49,'gulshan2','office','Dealers bill collect','Rickshaw',60.00,'2023-08-22 12:29:52','2023-08-22 12:29:52'),(108,50,'Office','Kuril','Lock Service','Bus',20.00,'2023-08-22 16:45:04','2023-08-22 16:45:04'),(109,50,'Kuril','Office','Lock Service','Bus',20.00,'2023-08-22 16:45:04','2023-08-22 16:45:04'),(110,51,'Office','Gudaraghat','Showroom','Rickshaw',40.00,'2023-08-22 16:46:53','2023-08-22 16:46:53'),(111,51,'Mohakhali','Office','Showroom','Bus',30.00,'2023-08-22 16:46:53','2023-08-22 16:46:53'),(112,52,'Office','Gulshan , Road 59, Rancon Project','Meeting with mr.sohel for project update','Rickshaw',220.00,'2023-08-23 09:43:49','2023-08-23 09:43:49'),(113,53,'office','gulshan-1','1.visit Gulshan-1 Delphi visit','Rickshaw',30.00,'2023-08-23 11:02:46','2023-08-23 11:02:46'),(114,53,'gulshan -1','aftabnagor','2.meeting hotel p. muntahataha','Bus',20.00,'2023-08-23 11:02:46','2023-08-23 11:02:46'),(115,53,'aftabnagor','lohar bridge','meeting perpose','Rickshaw',50.00,'2023-08-23 11:02:46','2023-08-23 11:02:46'),(116,53,'lohar bridhe','aftabnagor gate','meeting','Rickshaw',50.00,'2023-08-23 11:02:46','2023-08-23 11:02:46'),(117,53,'aftabnagor','home','...','Bus',30.00,'2023-08-23 11:02:46','2023-08-23 11:02:46'),(118,54,'Office','Rancon','Installation','Rickshaw',110.00,'2023-08-23 11:42:49','2023-08-23 11:42:49'),(119,54,'Rancon','Gulshan-2','Lunch up-down','Rickshaw',80.00,'2023-08-23 11:42:49','2023-08-23 11:42:49'),(120,54,'Rancon','Office','Installation','Rickshaw',110.00,'2023-08-23 11:42:49','2023-08-23 11:42:49'),(121,55,'Office','Gulshan , Road 59, Rancon Project','Meeting with mr.sohel for project update','Rickshaw',220.00,'2023-08-23 15:19:23','2023-08-23 15:19:23'),(122,55,'Gulshan , Road 59, Rancon Project','Mohakhali showroom','Product price survey and space management','Rickshaw',80.00,'2023-08-23 15:19:23','2023-08-23 15:19:23'),(123,55,'Mohakhali showroom','office','returning','Bus',80.00,'2023-08-23 15:19:23','2023-08-23 15:19:23'),(124,56,'Office','Palton','Dealer Visit','Bus',30.00,'2023-08-24 09:43:24','2023-08-24 09:43:24'),(125,56,'palton','office','Office Work ( Ac Bus )','Bus',90.00,'2023-08-24 09:43:24','2023-08-24 09:43:24'),(126,57,'office','Gulshan lack','1.Meeting DWL Architect','Rickshaw',30.00,'2023-08-24 15:52:31','2023-08-24 15:52:31'),(127,57,'Gulshan lack','Gulshan 2 circle','meeting','Rickshaw',30.00,'2023-08-24 15:52:31','2023-08-24 15:52:31'),(128,57,'gulshan 2','DWL Architect Office','meeting','Rickshaw',30.00,'2023-08-24 15:52:31','2023-08-24 15:52:31'),(129,57,'DWL Gulshan -2 road,49','Banani kacha bazar','2.Meeting LIana Architect','Rickshaw',40.00,'2023-08-24 15:52:31','2023-08-24 15:52:31'),(130,57,'Banani kacha bazar','Gulshan 2','meeting','Rickshaw',50.00,'2023-08-24 15:52:31','2023-08-24 15:52:31'),(131,57,'gulshan2 circle','gulshan lack','...','Rickshaw',40.00,'2023-08-24 15:52:31','2023-08-24 15:52:31'),(132,57,'gulshan lack','office','come offfice','Rickshaw',30.00,'2023-08-24 15:52:31','2023-08-24 15:52:31'),(133,58,'Office','Palton','Dealer Visit','Bus',30.00,'2023-08-24 16:24:34','2023-08-24 16:24:34'),(134,58,'Palton','Nobabpur','Dealer Visit','Rickshaw',30.00,'2023-08-24 16:24:34','2023-08-24 16:24:34'),(135,58,'Nobabpur','Office','Office work ac bus','Bus',90.00,'2023-08-24 16:24:34','2023-08-24 16:24:34'),(136,59,'Rancon','Office','Product Check','Rickshaw',110.00,'2023-08-26 10:32:07','2023-08-26 10:32:07'),(137,60,'Office','Rancon','Installation','Rickshaw',110.00,'2023-08-26 10:34:26','2023-08-26 10:34:26'),(138,60,'Rancon','Office','Installation','Rickshaw',110.00,'2023-08-26 10:34:26','2023-08-26 10:34:26'),(139,61,'Office','Mohakhali','Showroom','Bus',30.00,'2023-08-26 10:37:07','2023-08-26 10:37:07'),(140,61,'Mohakhali','Office','Showroom','Bus',30.00,'2023-08-26 10:37:07','2023-08-26 10:37:07'),(141,62,'Office','Kuril','Lock Service','Bus',20.00,'2023-08-26 10:38:47','2023-08-26 10:38:47'),(142,62,'Kuril','Office','Lock Service','Bus',20.00,'2023-08-26 10:38:47','2023-08-26 10:38:47'),(143,63,'Office','Gulshan-2','Product Delivery','Rickshaw',60.00,'2023-08-26 10:40:19','2023-08-26 10:40:19'),(144,63,'Gulshan-2','Office','Product Delivery','Rickshaw',60.00,'2023-08-26 10:40:19','2023-08-26 10:40:19'),(145,64,'Office','Gulshan-2','Product Delivery','Rickshaw',60.00,'2023-08-26 10:40:19','2023-08-26 10:40:19'),(146,64,'Gulshan-2','Office','Product Delivery','Rickshaw',60.00,'2023-08-26 10:40:19','2023-08-26 10:40:19'),(147,65,'Office','Uttara 11 sector road 19','Product delivery  bus + riksha','Bus',80.00,'2023-08-26 12:34:33','2023-08-26 12:34:33'),(148,65,'Uttara 11 sector road 19','Office','Product delivery   riksha + bus','Bus',80.00,'2023-08-26 12:34:33','2023-08-26 12:34:33'),(149,66,'Office','Mirpur Kalshi','Dealership visit','Bus',30.00,'2023-08-26 15:58:31','2023-08-26 15:58:31'),(150,66,'Kalshi','Mirpur 10','Dealership visit','Bus',20.00,'2023-08-26 15:58:31','2023-08-26 15:58:31'),(151,66,'Mirpur 10','Mirpur 1','Dealership visit','Rickshaw',40.00,'2023-08-26 15:58:31','2023-08-26 15:58:31'),(152,66,'Mirpur1','Office','Office Return','Bus',50.00,'2023-08-26 15:58:31','2023-08-26 15:58:31'),(153,67,'office','House building','1.Meeting Task Design & Consyltancy','Bus',90.00,'2023-08-27 10:03:53','2023-08-27 10:03:53'),(154,67,'house building','sector -11,road-5E','..','Rickshaw',40.00,'2023-08-27 10:03:53','2023-08-27 10:03:53'),(155,67,'sector 11,Road-5E','Sector 15,road -14,House-56/A','2.meetingNorth star interior Design','Rickshaw',30.00,'2023-08-27 10:03:53','2023-08-27 10:03:53'),(156,67,'sector 15,','Sector 12','..','Rickshaw',30.00,'2023-08-27 10:03:53','2023-08-27 10:03:53'),(157,67,'sector 12','office','back office','Bus',90.00,'2023-08-27 10:03:53','2023-08-27 10:03:53'),(158,68,'Office','tejgaon','service','Private Vehicle',100.00,'2023-08-27 15:54:58','2023-08-27 15:54:58'),(159,68,'tejgaon','office','service','Private Vehicle',100.00,'2023-08-27 15:54:58','2023-08-27 15:54:58'),(160,69,'Office','Farmgate','Dealership Hunting','Bus',40.00,'2023-08-28 09:29:37','2023-08-28 09:29:37'),(161,69,'Farmgate','Krawan Bazar','Dealership Hunting','Rickshaw',20.00,'2023-08-28 09:29:37','2023-08-28 09:29:37'),(162,69,'karwan Bazar','Link Road','Office Return','Bus',50.00,'2023-08-28 09:29:37','2023-08-28 09:29:37'),(163,70,'Office','Design and Decor, Banani','Sample display and discussion regarding tokeyo project','Uber',380.00,'2023-08-28 09:51:01','2023-08-28 09:51:01'),(164,70,'Banani','office','Returned from design n Decor arround 8 pm','Rickshaw',90.00,'2023-08-28 09:51:01','2023-08-28 09:51:01'),(165,71,'Office','Uttara','Product delivery  bus + riksha','Bus',80.00,'2023-08-28 10:30:21','2023-08-28 10:30:21'),(166,71,'Uttara','Office','Office work  bus + riksha','Bus',80.00,'2023-08-28 10:30:22','2023-08-28 10:30:22'),(167,72,'Office','Uttara','Dealership Hunting','Bus',80.00,'2023-08-29 04:47:49','2023-08-29 04:47:49'),(168,72,'Uttara','Office','Return Office','Bus',40.00,'2023-08-29 04:47:49','2023-08-29 04:47:49'),(169,73,'Office','gulshan2','switch rdelivery (replace)','Rickshaw',60.00,'2023-08-29 07:16:03','2023-08-29 07:16:03'),(170,73,'Gulshan2','office','switch rdelivery (replace)','Rickshaw',60.00,'2023-08-29 07:16:03','2023-08-29 07:16:03'),(171,74,'office','Banani kacha bazar road-2,house -14/A','1.Banani Extreme Interior','Private Vehicle',100.00,'2023-08-29 07:17:52','2023-08-29 07:17:52'),(172,74,'banani kachabazar','100 fit shopno builders','2.Shopno Builders','Private Vehicle',100.00,'2023-08-29 07:17:52','2023-08-29 07:17:52'),(173,74,'100 fit','offce','...','Private Vehicle',30.00,'2023-08-29 07:17:52','2023-08-29 07:17:52'),(174,75,'Office','Kuril','Sale Push','Bus',15.00,'2023-08-30 04:27:37','2023-08-30 04:27:37'),(175,75,'Boshundhora Gate','Office','Office Return','Bus',15.00,'2023-08-30 04:27:37','2023-08-30 04:27:37'),(176,76,'Office','Bashundhara','Lock Configure','Bus',90.00,'2023-08-30 04:40:36','2023-08-30 04:40:36'),(177,76,'Bashundhara','Office','Lock Configuration','Bus',90.00,'2023-08-30 04:40:36','2023-08-30 04:40:36'),(178,77,'Office','Elephant Road','Product Receive','Bus',110.00,'2023-08-30 04:42:28','2023-08-30 04:42:28'),(179,77,'Elephant Road','Office','Product Receive','Bus',350.00,'2023-08-30 04:42:28','2023-08-30 04:42:28'),(180,78,'Office','Nobabpur','Product delivery  bus + riksha','Bus',60.00,'2023-08-30 04:42:34','2023-08-30 04:42:34'),(181,78,'Nobabpur','Link road','Work done ac bus','Bus',90.00,'2023-08-30 04:42:34','2023-08-30 04:42:34'),(182,79,'Office','Uttara Sector-13','Lock & Switch Installation','Bus',140.00,'2023-08-30 04:44:46','2023-08-30 04:44:46'),(183,79,'Uttara Sector-13','Office','Lock & Switch Installation','Bus',140.00,'2023-08-30 04:44:46','2023-08-30 04:44:46'),(184,80,'Office','Delphi','Dealer Visit','Rickshaw',30.00,'2023-08-30 04:49:27','2023-08-30 04:49:27'),(185,80,'Delphi','Muntaha','Give update hotel lock clint','Rickshaw',60.00,'2023-08-30 04:49:27','2023-08-30 04:49:27'),(186,80,'Muntaha','Office','Rikshaw + bus','Bus',40.00,'2023-08-30 04:49:27','2023-08-30 04:49:27'),(187,81,'Office','Jamtola Mor','Product Receive','Rickshaw',40.00,'2023-08-30 04:50:38','2023-08-30 04:50:38'),(188,81,'Jamtola Mor','Office','Product Receive','Rickshaw',40.00,'2023-08-30 04:50:38','2023-08-30 04:50:38'),(189,82,'office','nikunjo road-9,house-45','1.Meeting Graphic Iland','Private Vehicle',100.00,'2023-08-30 04:51:22','2023-08-30 04:51:22'),(190,82,'Nikunjo','Khilkhet nama para','2.Interior Square','Private Vehicle',30.00,'2023-08-30 04:51:22','2023-08-30 04:51:22'),(191,82,'khilkhet','office','...','Private Vehicle',100.00,'2023-08-30 04:51:22','2023-08-30 04:51:22'),(192,83,'Office','Narayanganj','Switch Delivery','Private Vehicle',250.00,'2023-08-30 04:52:51','2023-08-30 04:52:51'),(193,83,'Narayanganj','Office','Switch Delivery','Bus',160.00,'2023-08-30 04:52:51','2023-08-30 04:52:51'),(194,84,'Office','Rancon','Installation','Rickshaw',110.00,'2023-08-30 04:55:53','2023-08-30 04:55:53'),(195,84,'Rancon','Office','Installation','Rickshaw',110.00,'2023-08-30 04:55:53','2023-08-30 04:55:53'),(196,85,'Office','Gulshan-2','Installation','Rickshaw',150.00,'2023-08-30 04:59:10','2023-08-30 04:59:10'),(197,85,'Gulshan-2','Office','Installation','Rickshaw',150.00,'2023-08-30 04:59:10','2023-08-30 04:59:10'),(198,86,'Office','Rancon','Installation','Rickshaw',220.00,'2023-08-30 05:06:03','2023-08-30 05:06:03'),(199,86,'Rancon','Office','Installation','Rickshaw',220.00,'2023-08-30 05:06:03','2023-08-30 05:06:03'),(200,87,'Office','Rancon','Site Visit','Rickshaw',100.00,'2023-08-30 05:30:16','2023-08-30 05:30:16'),(201,87,'Rancon','Office','Site Visit','Rickshaw',100.00,'2023-08-30 05:30:16','2023-08-30 05:30:16'),(202,32,'office','Dhanmondi 8/A road-16,house','payment perpose','Private Vehicle',0.00,'2023-08-30 05:56:24','2023-08-30 05:56:24'),(204,88,'Office','Gulsh','Sell','Rickshaw',120.00,'2023-08-30 06:11:53','2023-08-30 06:11:53'),(205,89,'office','Rancon Gulshan2','meeting rancon','Private Vehicle',100.00,'2023-08-30 11:32:36','2023-08-30 11:32:36'),(206,89,'rancon ,road -59','Office','..','Private Vehicle',100.00,'2023-08-30 11:32:36','2023-08-30 11:32:36'),(207,90,'Office','Gulshan 1','Dealership visit','Rickshaw',40.00,'2023-08-31 04:42:12','2023-08-31 04:42:12'),(208,90,'Gulshan 1','Shamoly','Dealership visit','Bus',30.00,'2023-08-31 04:42:12','2023-08-31 04:42:12'),(209,90,'Shamoly','Town Hall','Dealership visit','Bus',20.00,'2023-08-31 04:42:12','2023-08-31 04:42:12'),(210,90,'Town Hall','Bosila','Dealership visit','Rickshaw',40.00,'2023-08-31 04:42:12','2023-08-31 04:42:12'),(211,90,'Bosila','Mohhamadpur Bus stand','Office Return','Rickshaw',30.00,'2023-08-31 04:42:12','2023-08-31 04:42:12'),(212,90,'Mohhamadpur Bus stand','Link Road','Office Return','Bus',50.00,'2023-08-31 04:42:12','2023-08-31 04:42:12'),(213,91,'Office','Import Park','Product Receive','Rickshaw',40.00,'2023-08-31 04:46:49','2023-08-31 04:46:49'),(214,91,'Import Park','Office','Product Receive','Rickshaw',40.00,'2023-08-31 04:46:49','2023-08-31 04:46:49'),(215,92,'Office','Nawabpur','Factory','Bus',110.00,'2023-08-31 04:47:49','2023-08-31 04:47:49'),(217,93,'Nobabpur','Office','Factory','Bus',0.00,'2023-08-31 04:53:13','2023-08-31 04:53:13'),(218,94,'Office','baridhara','meeting and switch rdelivery','Rickshaw',30.00,'2023-08-31 06:38:41','2023-08-31 06:38:41'),(219,94,'baridhara','gulshan2','switch rdelivery','Rickshaw',30.00,'2023-08-31 06:38:41','2023-08-31 06:38:41'),(220,94,'gulshan 2','office','Dealer Visit','Rickshaw',60.00,'2023-08-31 06:38:41','2023-08-31 06:38:41'),(221,95,'office','Suprio Angon - Gulshan. Road 117, House 36-a','New Meeting And Product Display','Rickshaw',150.00,'2023-08-31 11:26:50','2023-08-31 11:26:50'),(222,95,'Suprio Angon - Gulshan. Road 117, House 36-a','Dhaka Designer - Banani Road- 1 , Block- F','New Meeting And Product Display','Rickshaw',80.00,'2023-08-31 11:26:50','2023-08-31 11:26:50'),(223,95,'Banani F Block','Office','Return from meeting','Bus',120.00,'2023-08-31 11:26:50','2023-08-31 11:26:50'),(224,96,'Office','Uttara','Dealer Visit','Bus',30.00,'2023-08-31 11:30:59','2023-08-31 11:31:00'),(225,96,'Uttara','Office','office work','Bus',30.00,'2023-08-31 11:31:00','2023-08-31 11:31:00'),(226,97,'Office','Mirpur Kalshi','Mokka Hradware Sale Push','Bus',30.00,'2023-09-02 04:49:39','2023-09-02 04:49:39'),(227,97,'Klashi','Mirpur 10','Dealership visit','Bus',20.00,'2023-09-02 04:49:39','2023-09-02 04:49:39'),(228,97,'Mirpur 10','Mirpur 1','Dealership visit','Rickshaw',30.00,'2023-09-02 04:49:39','2023-09-02 04:49:39'),(229,97,'Mirpur 1','Office','office Return','Bus',50.00,'2023-09-02 04:49:39','2023-09-02 04:49:39'),(230,98,'Office','mohakhali bus stop','sa paribahan','Private Vehicle',80.00,'2023-09-02 09:09:52','2023-09-02 09:09:52'),(231,98,'mohakhali bus stop','mohakhali amtoli','sa paribahan','Rickshaw',220.00,'2023-09-02 09:09:52','2023-09-02 09:09:52'),(232,98,'mohakhali','office','sa paribahan','Private Vehicle',40.00,'2023-09-02 09:09:52','2023-09-02 09:09:52'),(233,99,'Office','gulshan2','switch rdelivery (replace)','Private Vehicle',60.00,'2023-09-02 09:11:29','2023-09-02 09:11:29'),(234,99,'gulshan2','office','switch rdelivery (replace)','Private Vehicle',60.00,'2023-09-02 09:11:29','2023-09-02 09:11:29'),(235,100,'Office','Uttara','New Dealership sale push','Bus',40.00,'2023-09-02 11:42:14','2023-09-02 11:42:14'),(236,100,'Uttara','Office','office Return','Bus',80.00,'2023-09-02 11:42:14','2023-09-02 11:42:14'),(239,101,'office','Rancon Project','Site Visit And project Update','Private Vehicle',200.00,'2023-09-03 08:53:55','2023-09-03 08:53:55'),(240,101,'Rancon Project','office','Site Visit And project Update','Private Vehicle',170.00,'2023-09-03 08:53:55','2023-09-03 08:53:55'),(241,102,'office','Baridhara dosh','1.Meeting Peristyle Architect','Private Vehicle',100.00,'2023-09-04 05:34:18','2023-09-04 05:34:18'),(242,102,'Baridhara Dosh','Banani Block -E,road-12','2.Meeting interior studio','Private Vehicle',90.00,'2023-09-04 05:34:18','2023-09-04 05:34:18'),(243,102,'Banani','office','..','Private Vehicle',30.00,'2023-09-04 05:34:18','2023-09-04 05:34:18'),(244,103,'Office','polton','factory for colour','Private Vehicle',120.00,'2023-09-04 11:25:04','2023-09-04 11:25:04'),(245,103,'polton','office','factory for colour','Private Vehicle',120.00,'2023-09-04 11:25:04','2023-09-04 11:25:04'),(246,104,'Office','Uttara','Bill Collect','Bus',30.00,'2023-09-05 04:42:04','2023-09-05 04:42:04'),(247,104,'Uttara','Office','office','Bus',30.00,'2023-09-05 04:42:04','2023-09-05 04:42:04'),(248,105,'Office','mohakhali','showroom','Private Vehicle',60.00,'2023-09-05 08:50:07','2023-09-05 08:50:07'),(249,105,'mohakhali','gulshan2','Dealers bill collect','Private Vehicle',70.00,'2023-09-05 08:50:07','2023-09-05 08:50:07'),(250,105,'gulshan 2','office','Dealers bill collect','Private Vehicle',60.00,'2023-09-05 08:50:07','2023-09-05 08:50:07'),(251,106,'office','post office goli','Cah Deposit','Bus',10.00,'2023-09-05 09:07:13','2023-09-05 09:07:13'),(252,106,'post office goli','office','Cash deposit','Bus',10.00,'2023-09-05 09:07:13','2023-09-05 09:07:13'),(253,107,'office','Future park gate','money exchange','Bus',10.00,'2023-09-05 09:12:41','2023-09-05 09:12:41'),(254,107,'Future park Gate','MD sir Home','money exchange','Rickshaw',60.00,'2023-09-05 09:12:41','2023-09-05 09:12:41'),(255,107,'MD sir Home','Future park Gate','money exchange','Rickshaw',60.00,'2023-09-05 09:12:41','2023-09-05 09:12:41'),(256,107,'Future park Gate','office','money exchange','Bus',10.00,'2023-09-05 09:12:41','2023-09-05 09:12:41'),(257,108,'office','Gulshan lack','servey PDLC BTI','Rickshaw',30.00,'2023-09-07 04:25:29','2023-09-07 04:25:29'),(258,108,'lack','Azad mosjid .Bti','..','Rickshaw',30.00,'2023-09-07 04:25:29','2023-09-07 04:25:29'),(259,108,'Azad mosjid','lack','...','Rickshaw',40.00,'2023-09-07 04:25:29','2023-09-07 04:25:29'),(260,108,'lack','office','..','Rickshaw',30.00,'2023-09-07 04:25:29','2023-09-07 04:25:29'),(261,109,'Office','Mirpur Kalshi','Dealership visit','Bus',30.00,'2023-09-07 05:30:31','2023-09-07 05:30:31'),(262,109,'Mirpur Kalshi','Mirpur 10','Sale Push','Bus',20.00,'2023-09-07 05:30:31','2023-09-07 05:30:31'),(263,109,'Mirpur 10','Mirpur 1','Sale Push','Rickshaw',30.00,'2023-09-07 05:30:31','2023-09-07 05:30:31'),(264,109,'Mirpur 1','office','Office Return','Bus',50.00,'2023-09-07 05:30:31','2023-09-07 05:30:31'),(265,110,'Office','Mohakhali','Showroom','Bus',30.00,'2023-09-07 06:00:50','2023-09-07 06:00:50'),(266,110,'Mohakhali','7 Tala','Carpenter','Rickshaw',20.00,'2023-09-07 06:00:50','2023-09-07 06:00:50'),(267,110,'7 Tala','Mohakhali','Carpenter','Rickshaw',20.00,'2023-09-07 06:00:50','2023-09-07 06:00:50'),(268,110,'Mohakhali','Office','Showroom','Bus',30.00,'2023-09-07 06:00:50','2023-09-07 06:00:50'),(269,111,'Office','Elephant Road','Aftersale & Product Receive','Bus',130.00,'2023-09-07 06:06:20','2023-09-07 06:06:20'),(270,111,'Elephant Road','Office','Curtain Receive','Rickshaw',350.00,'2023-09-07 06:06:20','2023-09-07 06:06:20'),(271,112,'Office','Import Park','Product Return','Rickshaw',40.00,'2023-09-07 06:07:52','2023-09-07 06:07:52'),(272,112,'Import Park','Office','Product Return','Rickshaw',40.00,'2023-09-07 06:07:52','2023-09-07 06:07:52'),(273,113,'Office','Rancon','Survey','Rickshaw',110.00,'2023-09-07 06:08:41','2023-09-07 06:08:41'),(274,114,'Rancon','Office','Survey','Rickshaw',110.00,'2023-09-07 06:09:39','2023-09-07 06:09:39'),(275,115,'Office','Bashundhara','Switch Replace','Bus',60.00,'2023-09-07 06:12:45','2023-09-07 06:12:45'),(276,115,'Bashundhara','Office','Switch Replace','Bus',60.00,'2023-09-07 06:12:45','2023-09-07 06:12:45'),(277,116,'Office','Gulshan-2','Parcel Delivery','Rickshaw',60.00,'2023-09-07 06:22:13','2023-09-07 06:22:13'),(278,116,'Gulshan-2','Office','Parcel Delivery','Rickshaw',60.00,'2023-09-07 06:22:13','2023-09-07 06:22:13'),(279,116,'Office','Hossain Market','Parcel Water','Rickshaw',20.00,'2023-09-07 06:22:13','2023-09-07 06:22:13'),(280,117,'Office','Gulshan-1','Coffee Cup','Bus',20.00,'2023-09-07 06:28:00','2023-09-07 06:28:00'),(281,117,'Gulshan-1','Bus','Coffee Cup Sample','Bus',20.00,'2023-09-07 06:28:00','2023-09-07 06:28:00'),(282,118,'Office','Gulshan-1','Coffee Cup','Bus',10.00,'2023-09-07 06:30:32','2023-09-07 06:30:32'),(283,118,'Gulshan-1','Office','Coffee Cup','Bus',10.00,'2023-09-07 06:30:32','2023-09-07 06:30:32'),(284,119,'Office','Shanta Tower','Switch Delivery','Rickshaw',90.00,'2023-09-07 06:37:39','2023-09-07 06:37:39'),(285,119,'Shanta Tower','Office','Switch Delivery','Rickshaw',90.00,'2023-09-07 06:37:39','2023-09-07 06:37:39'),(286,120,'Rancon','Office','Check and quotation','Rickshaw',120.00,'2023-09-07 06:58:29','2023-09-07 06:58:29'),(287,121,'Office','gulshan2','bank','Private Vehicle',60.00,'2023-09-07 11:17:40','2023-09-07 11:17:40'),(288,121,'gulshan2','Bashundhara','bank','Private Vehicle',0.00,'2023-09-07 11:17:40','2023-09-07 11:17:40'),(289,122,'Office','gulshan2','cash withdraw','Private Vehicle',60.00,'2023-09-07 11:22:29','2023-09-07 11:22:29'),(290,122,'gulshan2','Bashundhara','cash delivery','Private Vehicle',100.00,'2023-09-07 11:22:29','2023-09-07 11:22:29'),(291,122,'Bashundhara','office','cash delivery','Private Vehicle',100.00,'2023-09-07 11:22:29','2023-09-07 11:22:29'),(292,123,'Office','kuril','curtain inatalattion','Rickshaw',120.00,'2023-09-07 13:08:02','2023-09-07 13:08:02'),(293,123,'kuril','Lake city','curtain inatalattion','Rickshaw',110.00,'2023-09-07 13:08:02','2023-09-07 13:08:02'),(294,123,'Lake city','office','curtain inatalattion','Rickshaw',90.00,'2023-09-07 13:08:02','2023-09-07 13:08:02'),(295,124,'Office','Banani','Switch Sample','Rickshaw',120.00,'2023-09-07 13:40:24','2023-09-07 13:40:24'),(296,124,'Banani','Office','Sample','Rickshaw',120.00,'2023-09-07 13:40:24','2023-09-07 13:40:24'),(297,124,'Office','Banani Sheraton','Product Delivery','Rickshaw',130.00,'2023-09-07 13:40:24','2023-09-07 13:40:24'),(298,124,'Sheraton','Rancon','Product Collection','Rickshaw',80.00,'2023-09-07 13:40:24','2023-09-07 13:40:24'),(299,124,'Rancon','Office','Product Collection','Rickshaw',110.00,'2023-09-07 13:40:24','2023-09-07 13:40:24'),(300,124,'Office','Import Park','Product Purchase','Rickshaw',80.00,'2023-09-07 13:40:24','2023-09-07 13:40:24'),(301,125,'Office','Wari','Lock Sale','Bus',90.00,'2023-09-07 14:40:47','2023-09-07 14:40:47'),(302,125,'Wari','Office','Lock Sale','Pathao',230.00,'2023-09-07 14:40:47','2023-09-07 14:40:47'),(303,126,'Office','kalabagan','Delivery','Bus',80.00,'2023-09-09 06:49:06','2023-09-09 06:49:06'),(304,126,'kalabagan','Kawran bazar','Delivery','Rickshaw',40.00,'2023-09-09 06:49:06','2023-09-09 06:49:06'),(305,126,'Kawran bazar','Office','Delivery','Rickshaw',60.00,'2023-09-09 06:49:06','2023-09-09 06:49:06'),(306,127,'Office','Import park','product collect','Rickshaw',40.00,'2023-09-09 06:53:02','2023-09-09 06:53:02'),(307,127,'Import park','Office','product collect','Rickshaw',40.00,'2023-09-09 06:53:02','2023-09-09 06:53:02'),(308,128,'office','Banani kacha bazar','payment Design & Decor','Private Vehicle',130.00,'2023-09-09 07:18:43','2023-09-09 07:18:43'),(309,128,'banani','khilkhet lack city','payment .Curtain','Private Vehicle',150.00,'2023-09-09 07:18:43','2023-09-09 07:18:43'),(310,128,'lack city','office','...','Private Vehicle',70.00,'2023-09-09 07:18:43','2023-09-09 07:18:43'),(311,129,'Office','Banani road 4 block a','Switch install sell','Private Vehicle',120.00,'2023-09-09 11:35:07','2023-09-09 11:35:07'),(312,129,'Banani road 4 block a','office','Switch install sell','Private Vehicle',120.00,'2023-09-09 11:35:07','2023-09-09 11:35:07'),(313,130,'office','nikunjo 2,Road','Architect Meeting & Sample provide','Private Vehicle',120.00,'2023-09-09 11:44:47','2023-09-09 11:44:47'),(314,130,'nikunjo 2','joshimuddin','2.Nexus interior','Private Vehicle',50.00,'2023-09-09 11:44:47','2023-09-09 11:44:47'),(315,130,'joshimuddin','office','..','Private Vehicle',150.00,'2023-09-09 11:44:47','2023-09-09 11:44:47'),(316,131,'Office','nordha','service (ctg)','Rickshaw',60.00,'2023-09-10 04:38:24','2023-09-10 04:38:24'),(317,131,'dhaka','Chittagong','service (ctg)','Bus',2000.00,'2023-09-10 04:38:24','2023-09-10 04:38:24'),(318,131,'dhampara','kataljoing','service (ctg)','Uber',150.00,'2023-09-10 04:38:24','2023-09-10 04:38:24'),(319,131,'kataljoing','dhampara','service (ctg)','Rickshaw',120.00,'2023-09-10 04:38:24','2023-09-10 04:38:24'),(320,131,'Chittagong','dhaka','service (ctg)','Bus',1800.00,'2023-09-10 04:38:24','2023-09-10 04:38:24'),(321,132,'Office','mohakhali','showroom','Private Vehicle',40.00,'2023-09-10 04:39:42','2023-09-10 04:39:42'),(322,132,'mohakhali','Office','showroom','Private Vehicle',40.00,'2023-09-10 04:39:42','2023-09-10 04:39:42'),(323,133,'Office','Import Park','Purchase','Rickshaw',90.00,'2023-09-10 05:26:59','2023-09-10 05:26:59'),(324,134,'Office','City Group','Delivery','Rickshaw',120.00,'2023-09-10 05:28:17','2023-09-10 05:28:17'),(325,135,'Office','Uttara','Product delivery sale push','Bus',60.00,'2023-09-10 06:52:52','2023-09-10 06:52:52'),(326,135,'Uttara','Office','office work','Bus',60.00,'2023-09-10 06:52:52','2023-09-10 06:52:52'),(327,136,'Office','Nobabpur','Sale Push & Incuiry','Bus',120.00,'2023-09-10 06:56:30','2023-09-10 06:56:30'),(328,136,'Nobabpur','Office','Office Work','Bus',0.00,'2023-09-10 06:56:30','2023-09-10 06:56:30'),(329,137,'nobabpur','office','Office Work (Ac bus )','Bus',180.00,'2023-09-10 06:58:27','2023-09-10 06:58:27'),(330,138,'Office','gulshan2','service','Rickshaw',60.00,'2023-09-10 10:57:36','2023-09-10 10:57:36'),(331,138,'gulshan2','office','service','Rickshaw',60.00,'2023-09-10 10:57:36','2023-09-10 10:57:36'),(332,139,'Office','rampura','service','Rickshaw',50.00,'2023-09-10 10:58:31','2023-09-10 10:58:31'),(333,139,'rampura','Office','service','Rickshaw',50.00,'2023-09-10 10:58:31','2023-09-10 10:58:31'),(334,140,'Office','Mirpur Kalshi','Dealership visit and sell Push','Bus',30.00,'2023-09-11 11:05:19','2023-09-11 11:05:19'),(335,140,'Mirpur Kalshi','Mirpur 10','Cash Collect','Bus',20.00,'2023-09-11 11:05:19','2023-09-11 11:05:19'),(336,140,'Mirpur 10','Mirpur 1','Sale Push','Rickshaw',40.00,'2023-09-11 11:05:19','2023-09-11 11:05:19'),(337,140,'Mirpur 1','Office','Office return','Bus',50.00,'2023-09-11 11:05:19','2023-09-11 11:05:19'),(338,141,'Office','Hossain Market','Courier','Bus',20.00,'2023-09-12 05:12:39','2023-09-12 05:12:39'),(339,142,'Office','Kalabagan','Delivery','Bus',180.00,'2023-09-12 05:13:42','2023-09-12 05:13:42'),(340,143,'office','Gulshan lack','1.meeting interior studio','Rickshaw',30.00,'2023-09-12 06:08:40','2023-09-12 06:08:40'),(341,143,'gulshan lack','gulshan-2circel','....','Rickshaw',30.00,'2023-09-12 06:08:40','2023-09-12 06:08:40'),(342,143,'gulshan 2','banani block -E,Road -12','2.desha Works Architect','Rickshaw',30.00,'2023-09-12 06:08:40','2023-09-12 06:08:40'),(343,143,'road-12,','block -S,road-5','3.meeting design &decor','Rickshaw',40.00,'2023-09-12 06:08:40','2023-09-12 06:08:40'),(344,143,'block-s','office','..buss 40*2','Bus',80.00,'2023-09-12 06:08:40','2023-09-12 06:08:40'),(345,144,'office','Gulshan-2','Vat','Rickshaw',30.00,'2023-09-12 08:02:58','2023-09-12 08:02:58'),(346,144,'Gulshan-2','Office','Vat','Rickshaw',30.00,'2023-09-12 08:02:58','2023-09-12 08:02:58'),(347,145,'Office','Uttara','HPS service','Private Vehicle',70.00,'2023-09-12 09:38:51','2023-09-12 09:38:51'),(348,145,'Uttara','office','HPS service','Private Vehicle',70.00,'2023-09-12 09:38:51','2023-09-12 09:38:51'),(349,146,'Office','Uttara','Dealership visit','Bus',40.00,'2023-09-13 04:53:28','2023-09-13 04:53:28'),(350,146,'Uttara','Office','Dealership visit','Bus',40.00,'2023-09-13 04:53:28','2023-09-13 04:53:28'),(351,147,'Office','kormitola','bill collect radisson','Private Vehicle',100.00,'2023-09-13 07:56:33','2023-09-13 07:56:33'),(352,147,'kormitola','Office','bill collect radisson','Private Vehicle',100.00,'2023-09-13 07:56:33','2023-09-13 07:56:33'),(353,148,'office','Mohakhali','Vat','Bus',15.00,'2023-09-13 08:17:53','2023-09-13 08:17:53'),(354,148,'Mohakhali','Office','Vat','Bus',15.00,'2023-09-13 08:17:53','2023-09-13 08:17:53'),(355,149,'Office','gudharagat','service','Rickshaw',40.00,'2023-09-13 08:36:34','2023-09-13 08:36:34'),(356,149,'gudharagat','Office','service','Rickshaw',40.00,'2023-09-13 08:36:34','2023-09-13 08:36:34'),(359,151,'Office','Import park','product collect','Rickshaw',40.00,'2023-09-13 08:39:21','2023-09-13 08:39:21'),(360,151,'Import park','Office','product collect','Rickshaw',40.00,'2023-09-13 08:39:21','2023-09-13 08:39:21'),(361,152,'Office','vocila','service','Bus',100.00,'2023-09-13 08:40:30','2023-09-13 08:40:30'),(362,152,'vocila','office','service','Bus',100.00,'2023-09-13 08:40:30','2023-09-13 08:40:30'),(363,153,'Office','gulshan2','switch rdelivery','Rickshaw',70.00,'2023-09-13 08:45:44','2023-09-13 08:45:44'),(364,153,'gulshan 2','office','switch rdelivery','Rickshaw',70.00,'2023-09-13 08:45:44','2023-09-13 08:45:44'),(365,154,'Office','Uttara','switch rdelivery','Bus',60.00,'2023-09-13 08:46:54','2023-09-13 08:46:54'),(366,154,'Uttara','Office','switch rdelivery','Bus',60.00,'2023-09-13 08:46:54','2023-09-13 08:46:54'),(367,155,'Office','polton','panel delivery','Bus',60.00,'2023-09-13 08:48:47','2023-09-13 08:48:47'),(368,155,'polton','Office','panel delivery','Bus',60.00,'2023-09-13 08:48:47','2023-09-13 08:48:47'),(369,156,'Office','gulshan1','Lock  service','Rickshaw',80.00,'2023-09-13 08:50:25','2023-09-13 08:50:25'),(370,156,'gulshan1','Office','Lock  service','Rickshaw',80.00,'2023-09-13 08:50:25','2023-09-13 08:50:25'),(371,157,'uttur badda','house','service','Rickshaw',140.00,'2023-09-14 05:54:42','2023-09-14 05:54:42'),(372,158,'Office','banani','switch rdelivery','Rickshaw',120.00,'2023-09-14 05:55:44','2023-09-14 05:55:44'),(373,158,'banani','office','switch rdelivery','Rickshaw',120.00,'2023-09-14 05:55:44','2023-09-14 05:55:44'),(374,159,'Office','Mirpur 1','Sample Lock Showing try to sell','Bus',50.00,'2023-09-16 04:33:24','2023-09-16 04:33:24'),(375,159,'Mirpur 1','Dokkhin Bisil','Sample Lock Showing try to sell','Rickshaw',30.00,'2023-09-16 04:33:24','2023-09-16 04:33:24'),(376,159,'Dokkhin Bisil','Mirpur 1','Office Return','Rickshaw',30.00,'2023-09-16 04:33:24','2023-09-16 04:33:24'),(377,159,'Mirpur 1','office','Office Return','Bus',50.00,'2023-09-16 04:33:24','2023-09-16 04:33:24'),(378,160,'Office','Housebuilding','lock survice','Bus',60.00,'2023-09-16 04:53:37','2023-09-16 04:53:37'),(379,160,'Housebuilding','Sector 7','lock survice','Rickshaw',30.00,'2023-09-16 04:53:37','2023-09-16 04:53:37'),(380,160,'Sector 7','Office','lock survice','Bus',90.00,'2023-09-16 04:53:37','2023-09-16 04:53:37'),(381,161,'Office','City Group','Delivery','Rickshaw',120.00,'2023-09-16 08:34:14','2023-09-16 08:34:14'),(382,162,'Office','Kakrail Zom Zom Hotel','Pitch for their new hotel','Private Vehicle',130.00,'2023-09-16 09:33:16','2023-09-16 09:33:16'),(383,162,'Kakrail Zom Zom Hotel','office','return to office','Private Vehicle',130.00,'2023-09-16 09:33:16','2023-09-16 09:33:16'),(384,163,'Office','Palton','Dealer Visit','Bus',30.00,'2023-09-16 09:56:31','2023-09-16 09:56:31'),(385,163,'Palton','Office','Office Work (Ac bus )','Bus',60.00,'2023-09-16 09:56:31','2023-09-16 09:56:31'),(386,164,'Office','Kuril','Dealership visit','Bus',15.00,'2023-09-17 04:35:14','2023-09-17 04:35:14'),(387,164,'Kuril','Office','Office return','Bus',15.00,'2023-09-17 04:35:14','2023-09-17 04:35:14'),(388,165,'Office','Rancon','Curtain Packing','Rickshaw',110.00,'2023-09-17 09:42:42','2023-09-17 09:42:42'),(389,165,'Rancon','Office','Curtain Packing','Rickshaw',110.00,'2023-09-17 09:42:42','2023-09-17 09:42:42'),(390,166,'Office','Mirpur Kalshi','Dealership visit','Bus',30.00,'2023-09-18 04:42:39','2023-09-18 04:42:39'),(391,166,'Mirpur Kalshi','Mirpur 10','Dealership visit','Bus',20.00,'2023-09-18 04:42:39','2023-09-18 04:42:39'),(392,166,'Mirpur 10','Mirpur 1','Meeting with Client for Switch','Rickshaw',40.00,'2023-09-18 04:42:39','2023-09-18 04:42:39'),(393,166,'Mirpur 1','office','office Return','Bus',50.00,'2023-09-18 04:42:39','2023-09-18 04:42:39'),(394,167,'Gulshan-2','Jheelpaar','Clearing Cheaque deposit','Rickshaw',30.00,'2023-09-18 05:19:19','2023-09-18 05:19:19'),(395,167,'Jheelpaar','Office','Clearing Cheque deposit','Rickshaw',30.00,'2023-09-18 05:19:19','2023-09-18 05:19:19'),(396,168,'office','Bashundhara','Meeting','Bus',40.00,'2023-09-18 06:04:43','2023-09-18 06:04:43'),(397,168,'Bashundhara','Block F,House 528','Meeting','Rickshaw',40.00,'2023-09-18 06:04:43','2023-09-18 06:04:43'),(398,168,'Bock F','Bashundhara','Meeting','Rickshaw',40.00,'2023-09-18 06:04:43','2023-09-18 06:04:43'),(399,168,'Norda','Baridhara','Meeting','Rickshaw',60.00,'2023-09-18 06:04:43','2023-09-18 06:04:43'),(400,168,'Baridhara','Norda','Meeting','Rickshaw',60.00,'2023-09-18 06:04:43','2023-09-18 06:04:43'),(401,168,'Norda','Office','Meeting','Bus',20.00,'2023-09-18 06:04:43','2023-09-18 06:04:43'),(402,169,'Office','gulshan2','Dealership','Private Vehicle',60.00,'2023-09-19 09:54:49','2023-09-19 09:54:49'),(403,169,'gulshan2','office','Dealership','Private Vehicle',60.00,'2023-09-19 09:54:49','2023-09-19 09:54:49'),(404,170,'Office','motijiaheel','office','Uber',180.00,'2023-09-19 09:56:13','2023-09-19 09:56:13'),(405,170,'motijiaheel','office','office','Bus',60.00,'2023-09-19 09:56:13','2023-09-19 09:56:13'),(406,171,'Office','gulshan2','service','Rickshaw',60.00,'2023-09-19 09:56:59','2023-09-19 09:56:59'),(407,171,'gulshan2','officee','service','Rickshaw',60.00,'2023-09-19 09:56:59','2023-09-19 09:56:59'),(408,172,'Office','Palton','Old display board replacement','Bus',30.00,'2023-09-20 05:24:57','2023-09-20 05:24:57'),(409,172,'palton','office','office','Bus',30.00,'2023-09-20 05:24:57','2023-09-20 05:24:57'),(410,173,'Office','Uttara','Dealership visit All Dealer and sale push','Bus',40.00,'2023-09-20 06:16:56','2023-09-20 06:16:56'),(411,173,'Uttara','Office','Office Return','Bus',40.00,'2023-09-20 06:16:56','2023-09-20 06:16:56'),(412,174,'office','east monipur  13.5km','1.scape Development Eng.','Private Vehicle',150.00,'2023-09-20 10:30:08','2023-09-20 10:30:08'),(413,174,'east monipur','mirpur -1 (1.8km)','2.Shellmark Development','Private Vehicle',30.00,'2023-09-20 10:30:08','2023-09-20 10:30:08'),(414,174,'mirpur -1,','mirpur -2','3.Revival Architrct','Private Vehicle',20.00,'2023-09-20 10:30:08','2023-09-20 10:30:08'),(415,174,'mirpur -2','0ffice','..','Private Vehicle',130.00,'2023-09-20 10:30:08','2023-09-20 10:30:08'),(416,175,'office','east monipur  13.5km','1.scape Development Eng.','Private Vehicle',150.00,'2023-09-20 10:30:08','2023-09-20 10:30:08'),(417,175,'east monipur','mirpur -1 (1.8km)','2.Shellmark Development','Private Vehicle',30.00,'2023-09-20 10:30:08','2023-09-20 10:30:08'),(418,175,'mirpur -1,','mirpur -2','3.Revival Architrct','Private Vehicle',20.00,'2023-09-20 10:30:08','2023-09-20 10:30:08'),(419,175,'mirpur -2','0ffice','..','Private Vehicle',130.00,'2023-09-20 10:30:08','2023-09-20 10:30:08'),(420,176,'Office','Nobabpur','Dealer Visit and notice given','Bus',60.00,'2023-09-20 11:46:05','2023-09-20 11:46:05'),(421,176,'nobab','Office','Office Work (Ac bus )','Bus',90.00,'2023-09-20 11:46:05','2023-09-20 11:46:05'),(422,177,'Office','Gulistan mazar','Product delivery','Bus',25.00,'2023-09-21 04:32:04','2023-09-21 04:32:04'),(423,177,'Gulistan mazar','nobabpur','Product delivery','Rickshaw',50.00,'2023-09-21 04:32:04','2023-09-21 04:32:04'),(424,177,'nobabpur','office','Product delivery','Bus',75.00,'2023-09-21 04:32:04','2023-09-21 04:32:04'),(425,178,'Office','Gulshan 1','Dealership visit','Rickshaw',30.00,'2023-09-21 07:01:28','2023-09-21 07:01:28'),(426,178,'Gulshan 1','shamoly','Dealership visit','Bus',30.00,'2023-09-21 07:01:28','2023-09-21 07:01:28'),(427,178,'shamoly','Mohammadpur Town hall','Dealership visit and 4g Light visit','Bus',20.00,'2023-09-21 07:01:28','2023-09-21 07:01:28'),(428,178,'Mohammadpur Town hall','Bosila','Dealership visit and sun Lihting Visit and push','Rickshaw',40.00,'2023-09-21 07:01:28','2023-09-21 07:01:28'),(429,178,'Bosila','Mohammadpur Bus Stand','Office Return','Rickshaw',40.00,'2023-09-21 07:01:28','2023-09-21 07:01:28'),(430,178,'Mohammadpur Bus Stand','Office','Office Return','Bus',50.00,'2023-09-21 07:01:28','2023-09-21 07:01:28'),(431,179,'Office','polton','showroom','Private Vehicle',100.00,'2023-09-23 05:33:49','2023-09-23 05:33:49'),(432,179,'polton','office','showroom','Private Vehicle',100.00,'2023-09-23 05:33:49','2023-09-23 05:33:49'),(433,180,'office','Dhanmondi road-7/A','1.Meeting intregral design studio','Private Vehicle',130.00,'2023-09-23 07:05:59','2023-09-23 07:05:59'),(434,180,'dhanmondi road 7-/A','dhanmondi 27','2.studio Dhaka limited','Private Vehicle',20.00,'2023-09-23 07:05:59','2023-09-23 07:05:59'),(435,180,'dhanmondi-27','elephant road','3.Radica interior','Private Vehicle',30.00,'2023-09-23 07:05:59','2023-09-23 07:05:59'),(436,180,'elephant road','office','..','Private Vehicle',130.00,'2023-09-23 07:05:59','2023-09-23 07:05:59'),(437,181,'Office','Kuril','Dealership visit','Bus',20.00,'2023-09-24 04:45:21','2023-09-24 04:45:21'),(438,181,'Kuril','Office','Office returned','Bus',20.00,'2023-09-24 04:45:21','2023-09-24 04:45:21'),(439,182,'office','gulshan lack','1.servey mirpur -1,Rupayan project','Rickshaw',30.00,'2023-09-24 07:18:04','2023-09-24 07:18:04'),(440,182,'gulshan lack','banani','..','Rickshaw',30.00,'2023-09-24 07:18:04','2023-09-24 07:18:04'),(441,182,'banani','mirpur-1','3person','Bus',140.00,'2023-09-24 07:18:04','2023-09-24 07:18:04'),(442,182,'mirpur -1','shajadpur','3person','Bus',150.00,'2023-09-24 07:18:04','2023-09-24 07:18:04'),(443,183,'Office','Uttara','Al dealers visit','Bus',40.00,'2023-09-24 10:44:41','2023-09-24 10:44:41'),(444,183,'Uttara','Office','Office returned','Bus',40.00,'2023-09-24 10:44:41','2023-09-24 10:44:41'),(445,184,'Office','jasimuddin road','lock configure','Bus',30.00,'2023-09-24 10:50:59','2023-09-24 10:50:59'),(446,184,'jasimuddin road','priyanka runway city','lock configure','Rickshaw',80.00,'2023-09-24 10:50:59','2023-09-24 10:50:59'),(447,184,'priyanka runway city','Office','lock configure','Rickshaw',110.00,'2023-09-24 10:50:59','2023-09-24 10:50:59'),(448,185,'Office','mohakhali','showroom','Bus',45.00,'2023-09-25 05:15:14','2023-09-25 05:15:14'),(449,185,'mohakhali','office','showroom','Bus',45.00,'2023-09-25 05:15:14','2023-09-25 05:15:14'),(450,186,'Office','mohakhali','showroom','Private Vehicle',30.00,'2023-09-25 05:23:09','2023-09-25 05:23:09'),(451,186,'mohakhali','tarminal','showroom','Private Vehicle',30.00,'2023-09-25 05:23:09','2023-09-25 05:23:09'),(452,186,'mohakhali','office','showroom','Private Vehicle',30.00,'2023-09-25 05:23:09','2023-09-25 05:23:09'),(453,187,'office','Bashundhara D Block','Meeting with Mr.Amanullah','Private Vehicle',100.00,'2023-09-25 05:25:41','2023-09-25 05:25:41'),(454,187,'Bashundhara D Block','Office','return','Private Vehicle',100.00,'2023-09-25 05:25:41','2023-09-25 05:25:41'),(455,188,'Office','Delphi','Dealer Visit and Hint about notice','Rickshaw',30.00,'2023-09-25 06:03:54','2023-09-25 06:03:54'),(456,188,'Delphi','Muntaha','Dealer Visit and Hint about notice','Rickshaw',50.00,'2023-09-25 06:03:54','2023-09-25 06:03:54'),(457,189,'Office','Uttara','Client Meeting','Bus',60.00,'2023-09-25 08:25:35','2023-09-25 08:25:35'),(458,189,'Uttara','Office','Client Meeting','Bus',60.00,'2023-09-25 08:25:35','2023-09-25 08:25:35'),(459,190,'office','Bashundhara Bolock I','Client Meeting','Rickshaw',130.00,'2023-09-25 08:29:58','2023-09-25 08:29:58'),(460,190,'Bashundhara','Office','Client Meeting','Rickshaw',110.00,'2023-09-25 08:29:58','2023-09-25 08:29:58'),(461,191,'office','Rancon','Switch Instalation','Rickshaw',110.00,'2023-09-25 10:46:20','2023-09-25 10:46:20'),(462,191,'Rancon','office','Switch Instalation','Rickshaw',110.00,'2023-09-25 10:46:20','2023-09-25 10:46:20'),(463,192,'Office','mohakhali','showroom','Private Vehicle',30.00,'2023-09-25 10:46:29','2023-09-25 10:46:29'),(464,192,'mohakhali','office','showroom','Private Vehicle',30.00,'2023-09-25 10:46:29','2023-09-25 10:46:29'),(465,193,'office','Rancon','Servey','Rickshaw',110.00,'2023-09-25 10:47:57','2023-09-25 10:47:57'),(466,193,'Rancon','office','Servey','Rickshaw',110.00,'2023-09-25 10:47:57','2023-09-25 10:47:57'),(467,194,'office','Gulshan-2','Delivery','Rickshaw',60.00,'2023-09-25 10:49:12','2023-09-25 10:49:12'),(468,194,'Gulshan-2','office','Delivery','Rickshaw',60.00,'2023-09-25 10:49:12','2023-09-25 10:49:12'),(469,195,'Office','wari','Lock  service','Bus',105.00,'2023-09-26 06:11:08','2023-09-26 06:11:08'),(470,195,'wari','Office','Lock  service','Bus',105.00,'2023-09-26 06:11:08','2023-09-26 06:11:08'),(471,196,'Office','Gulshan 2','Aslam Lighting meeting and Fixit Meeting','Rickshaw',60.00,'2023-09-26 06:12:49','2023-09-26 06:12:49'),(472,196,'Gulshan 2','Office','Office Work','Rickshaw',60.00,'2023-09-26 06:12:49','2023-09-26 06:12:49'),(473,197,'office','Gulshan lack','1.clients Meeting Gulshnan 2','Rickshaw',40.00,'2023-09-27 05:19:21','2023-09-27 05:19:21'),(474,197,'gulshan lack','Azad mosjid','..','Rickshaw',40.00,'2023-09-27 05:19:21','2023-09-27 05:19:21'),(475,197,'azad mosjid','gulshan -2,road 39 house 27','..','Rickshaw',30.00,'2023-09-27 05:19:21','2023-09-27 05:19:21'),(476,197,'gulshan-2','office','..','Private Vehicle',120.00,'2023-09-27 05:19:21','2023-09-27 05:19:21'),(477,198,'Office','City college','Replace','Bus',30.00,'2023-09-27 10:31:44','2023-09-27 10:31:44'),(478,198,'City college','Jigatola','Replace','Rickshaw',70.00,'2023-09-27 10:31:44','2023-09-27 10:31:44'),(479,198,'Jigatola','Office','Replace','Rickshaw',100.00,'2023-09-27 10:31:44','2023-09-27 10:31:44'),(480,199,'Office','gulshan2','SQ Group','Rickshaw',60.00,'2023-09-27 10:32:35','2023-09-27 10:32:35'),(481,199,'gulshan2','Office','SQ Group','Rickshaw',60.00,'2023-09-27 10:32:35','2023-09-27 10:32:35'),(482,200,'Office','Uttara (sector-11)','Client Meeting','Bus',60.00,'2023-09-30 05:53:30','2023-09-30 05:53:30'),(483,200,'Uttara (sector-11)','Office','Client Meeting','Bus',60.00,'2023-09-30 05:53:30','2023-09-30 05:53:30'),(484,201,'office','Bashundhara','money exchange','Bus',10.00,'2023-09-30 07:43:06','2023-09-30 07:43:06'),(485,201,'Bashundhara','Office','money exchange','Bus',10.00,'2023-09-30 07:43:06','2023-09-30 07:43:06'),(486,202,'Office','gulshan2','switch delivery','Rickshaw',60.00,'2023-09-30 11:26:11','2023-09-30 11:26:11'),(487,202,'gulshan2','office','switch delivery','Rickshaw',60.00,'2023-09-30 11:26:11','2023-09-30 11:26:11'),(488,203,'Office','banasreey','switch replace','Bus',60.00,'2023-09-30 11:28:11','2023-09-30 11:28:11'),(489,203,'banasreey','office','switch replace','Bus',60.00,'2023-09-30 11:28:11','2023-09-30 11:28:11'),(490,204,'Office','gulshan2','office work','Rickshaw',60.00,'2023-09-30 11:29:48','2023-09-30 11:29:48'),(491,204,'gulshan2','office','office work','Rickshaw',60.00,'2023-09-30 11:29:48','2023-09-30 11:29:48'),(492,205,'Office','Mirpur Kalshi','Visit to al dealers and push','Bus',30.00,'2023-10-01 04:56:13','2023-10-01 04:56:13'),(493,205,'Mirpur Kalshi','Mirpur 10','Visit to al dealers and push','Bus',20.00,'2023-10-01 04:56:13','2023-10-01 04:56:13'),(494,205,'Mirpur 10','Mirpur 1','Visit to al dealers and push','Rickshaw',40.00,'2023-10-01 04:56:13','2023-10-01 04:56:13'),(495,205,'Mirpur 1','Office','return office','Bus',50.00,'2023-10-01 04:56:13','2023-10-01 04:56:13'),(496,206,'Office','gulshan2','switch rdelivery','Private Vehicle',60.00,'2023-10-01 05:05:10','2023-10-01 05:05:10'),(497,206,'gulshan2','office','switch rdelivery','Private Vehicle',60.00,'2023-10-01 05:05:10','2023-10-01 05:05:10'),(498,207,'Office','gulshan2','switch rdelivery','Private Vehicle',60.00,'2023-10-01 08:30:09','2023-10-01 08:30:09'),(499,207,'GULSHAN2','OFFICE','switch rdelivery','Private Vehicle',60.00,'2023-10-01 08:30:09','2023-10-01 08:30:09'),(500,208,'Office','rampura','camera  service','Bus',20.00,'2023-10-01 10:29:04','2023-10-01 10:29:04'),(501,208,'rampura','office','camera service','Bus',20.00,'2023-10-01 10:29:04','2023-10-01 10:29:04'),(502,209,'Office','Celebration point','Client Meeting','Rickshaw',30.00,'2023-10-01 11:07:04','2023-10-01 11:07:04'),(503,209,'Celebration Point','Office','Client Meeting','Rickshaw',30.00,'2023-10-01 11:07:04','2023-10-01 11:07:04'),(504,210,'Office','jamtola','product collect','Rickshaw',40.00,'2023-10-02 06:22:07','2023-10-02 06:22:07'),(505,210,'jamtola','office','product collect','Rickshaw',40.00,'2023-10-02 06:22:07','2023-10-02 06:22:07'),(506,211,'Office','hosenmarket','rdelivery','Bus',10.00,'2023-10-02 06:23:29','2023-10-02 06:23:29'),(507,211,'hosenmarket','Office','rdelivery','Bus',10.00,'2023-10-02 06:23:29','2023-10-02 06:23:29'),(508,212,'office','Gulshan lack','1.clients meeting for project','Rickshaw',30.00,'2023-10-02 07:26:55','2023-10-02 07:26:55'),(509,212,'lack','gulshan -2 azad mosjid','..','Rickshaw',40.00,'2023-10-02 07:26:55','2023-10-02 07:26:55'),(510,212,'gulshan 2','lack','..','Rickshaw',40.00,'2023-10-02 07:26:55','2023-10-02 07:26:55'),(511,212,'lack','office','..','Rickshaw',30.00,'2023-10-02 07:26:55','2023-10-02 07:26:55'),(512,213,'office','motijhil dil khusha','1.payment for Rancon project','Private Vehicle',170.00,'2023-10-02 07:28:32','2023-10-02 07:28:32'),(513,213,'motijhil','office','..','Private Vehicle',170.00,'2023-10-02 07:28:32','2023-10-02 07:28:32'),(514,214,'office','gulshan-2 Azad mosjid','1.servey','Private Vehicle',80.00,'2023-10-02 09:34:33','2023-10-02 09:34:33'),(515,214,'Azad mosjid','office','..','Private Vehicle',80.00,'2023-10-02 09:34:33','2023-10-02 09:34:33'),(516,215,'Office','Uttara','Product delivery','Bus',60.00,'2023-10-02 09:40:26','2023-10-02 09:40:26'),(517,215,'Uttara','office','Office','Bus',60.00,'2023-10-02 09:40:26','2023-10-02 09:40:26'),(518,216,'office','Uttara (sector-3)','Bill Received','Bus',30.00,'2023-10-02 11:59:07','2023-10-02 11:59:07'),(519,216,'Uttara (sector)','Office','Bill Received','Bus',30.00,'2023-10-02 11:59:07','2023-10-02 11:59:07'),(520,217,'Office','kuril and Boshundhora','Visit Dealers and talk about termination','Bus',20.00,'2023-10-03 04:27:31','2023-10-03 04:27:31'),(521,217,'Boshundhora','Office','Office','Bus',20.00,'2023-10-03 04:27:31','2023-10-03 04:27:31'),(522,218,'Mohakhali','Office','Showroom','Rickshaw',100.00,'2023-10-03 06:08:14','2023-10-03 06:08:14'),(523,219,'Office','mohakhali','showroom','Private Vehicle',50.00,'2023-10-03 09:50:46','2023-10-03 09:50:46'),(524,219,'mohakhali','gulshan2','rankon','Private Vehicle',80.00,'2023-10-03 09:50:46','2023-10-03 09:50:46'),(525,219,'gulshan2','mohakhali','showroom','Private Vehicle',80.00,'2023-10-03 09:50:46','2023-10-03 09:50:46'),(526,219,'mohakhali','office','showroom','Private Vehicle',50.00,'2023-10-03 09:50:46','2023-10-03 09:50:46'),(527,220,'Office','Gulshan 2','Asset dev. meeting','Rickshaw',60.00,'2023-10-03 11:02:18','2023-10-03 11:02:18'),(528,220,'Gulshan 2','office','Office Work','Rickshaw',60.00,'2023-10-03 11:02:19','2023-10-03 11:02:19'),(529,221,'office','gulshan 2 Azad mosjid','1.Product Delivery','Private Vehicle',80.00,'2023-10-03 11:07:35','2023-10-03 11:07:35'),(530,221,'G-2,Azad mosjid','banani thana road-19,h-33','2.payment perpose','Private Vehicle',80.00,'2023-10-03 11:07:35','2023-10-03 11:07:35'),(531,221,'banani','office','..','Private Vehicle',100.00,'2023-10-03 11:07:35','2023-10-03 11:07:35'),(532,222,'Office','gulshan2','showroom','Rickshaw',60.00,'2023-10-03 11:32:10','2023-10-03 11:32:10'),(533,222,'polton','santinogor','showroom','Rickshaw',30.00,'2023-10-03 11:32:10','2023-10-03 11:32:10'),(534,223,'Office','polton','factory','Bus',40.00,'2023-10-03 11:35:32','2023-10-03 11:35:32'),(535,223,'polton','squremarket','factory','Rickshaw',60.00,'2023-10-03 11:35:32','2023-10-03 11:35:32'),(536,223,'squremarket','polton','factory','Rickshaw',60.00,'2023-10-03 11:35:32','2023-10-03 11:35:32'),(537,223,'polton','Office','factory','Bus',40.00,'2023-10-03 11:35:32','2023-10-03 11:35:32'),(538,224,'Office','gulshan2','curtain inatalattion','Rickshaw',110.00,'2023-10-03 11:36:57','2023-10-03 11:36:57'),(539,224,'gulshan2','office','curtain inatalattion','Rickshaw',140.00,'2023-10-03 11:36:57','2023-10-03 11:36:57'),(540,225,'Shantinagar','Office','Factory','Pathao',180.00,'2023-10-03 12:27:00','2023-10-03 12:27:00'),(541,226,'Office','polton','switch rdelivery','Bus',20.00,'2023-10-04 06:48:59','2023-10-04 06:48:59'),(542,226,'polton','Office','switch rdelivery','Bus',20.00,'2023-10-04 06:48:59','2023-10-04 06:48:59'),(543,227,'Office','gulshan2','switch rdelivery','Rickshaw',70.00,'2023-10-04 06:50:02','2023-10-04 06:50:02'),(544,227,'gulshan2','Office','switch rdelivery','Rickshaw',70.00,'2023-10-04 06:50:02','2023-10-04 06:50:02'),(545,228,'office','Uttara','Meeting','Bus',60.00,'2023-10-04 08:15:46','2023-10-04 08:15:46'),(546,228,'Uttara','Office','Meeting','Bus',60.00,'2023-10-04 08:15:46','2023-10-04 08:15:46'),(547,229,'Office','Uttara','Meeting','Bus',30.00,'2023-10-04 08:18:18','2023-10-04 08:18:18'),(548,229,'Uttara','Office','Meeting','Bus',30.00,'2023-10-04 08:18:18','2023-10-04 08:18:18'),(549,230,'office','Uttara','Cash Collection','Bus',30.00,'2023-10-04 08:19:44','2023-10-04 08:19:44'),(550,230,'Uttara','Office','Cash Collection','Bus',30.00,'2023-10-04 08:19:44','2023-10-04 08:19:44'),(551,231,'Office','mohakhali','showroom','Bus',60.00,'2023-10-05 05:38:05','2023-10-05 05:38:05'),(552,231,'mohakhali','office','showroom','Rickshaw',90.00,'2023-10-05 05:38:05','2023-10-05 05:38:05'),(553,232,'office','dhanmondi','Cash Collection','Private Vehicle',200.00,'2023-10-05 12:30:41','2023-10-05 12:30:41'),(554,232,'dhanmondi','office','Cash Collection','Private Vehicle',200.00,'2023-10-05 12:30:41','2023-10-05 12:30:41'),(555,233,'Office','polton','showroom','Private Vehicle',50.00,'2023-10-07 06:36:36','2023-10-07 06:36:36'),(556,233,'polton','Office','showroom','Private Vehicle',50.00,'2023-10-07 06:36:36','2023-10-07 06:36:36'),(557,234,'Office','badda','showroom','Rickshaw',30.00,'2023-10-07 06:38:18','2023-10-07 06:38:18'),(558,234,'badda','office','showroom','Rickshaw',30.00,'2023-10-07 06:38:18','2023-10-07 06:38:18'),(559,235,'Office','mohakhali','showroom','Rickshaw',120.00,'2023-10-07 06:40:15','2023-10-07 06:40:15'),(560,235,'mohakhali','Office','showroom','Bus',60.00,'2023-10-07 06:40:15','2023-10-07 06:40:15'),(561,236,'Office','Dhanmondi 27','Delivery','Bus',30.00,'2023-10-07 06:44:30','2023-10-07 06:44:30'),(562,236,'Dhanmondi 27','Road 14/A','Delivery','Rickshaw',60.00,'2023-10-07 06:44:30','2023-10-07 06:44:30'),(563,236,'Road 14/A','Office','Delivery','Rickshaw',180.00,'2023-10-07 06:44:30','2023-10-07 06:44:30'),(564,237,'Office','fartory','uv mesine','Bus',1500.00,'2023-10-08 04:07:40','2023-10-08 04:07:40'),(565,237,'fartory','kanaipur','uv mesine','Rickshaw',40.00,'2023-10-08 04:07:40','2023-10-08 04:07:40'),(566,237,'fartory','foridpur','sa paribahan','Rickshaw',120.00,'2023-10-08 04:07:40','2023-10-08 04:07:40'),(567,237,'fartory','office','uv mesine','Bus',1360.00,'2023-10-08 04:07:40','2023-10-08 04:07:40'),(568,238,'Office','polton','showroom','Bus',50.00,'2023-10-08 04:11:38','2023-10-08 04:11:38'),(569,238,'polton','mohakhali','showroom','Rickshaw',900.00,'2023-10-08 04:11:38','2023-10-08 04:11:38'),(570,238,'mohakhali','office','showroom','Uber',150.00,'2023-10-08 04:11:38','2023-10-08 04:11:38'),(571,239,'Office','badda','showroom','Rickshaw',20.00,'2023-10-08 04:22:11','2023-10-08 04:22:11'),(572,240,'Office','mohakhali','showroom','Bus',30.00,'2023-10-08 05:51:00','2023-10-08 05:51:00'),(573,240,'mohakhali','Office','showroom','Bus',30.00,'2023-10-08 05:51:00','2023-10-08 05:51:00'),(576,242,'Office','mohakhali','showroom','Pathao',150.00,'2023-10-09 05:09:26','2023-10-09 05:09:26'),(577,243,'Office','Showroom','Curtain Installation','Bus',40.00,'2023-10-10 05:02:32','2023-10-10 05:02:32'),(578,243,'Showroom','Office','Curtain Installation','Bus',40.00,'2023-10-10 05:02:32','2023-10-10 05:02:32'),(579,244,'Office','Shobji Goli','PDLC Installation','Rickshaw',60.00,'2023-10-10 05:03:37','2023-10-10 05:03:37'),(580,245,'Office','Import park','product collect','Rickshaw',40.00,'2023-10-10 06:22:17','2023-10-10 06:22:17'),(581,245,'IMPORT PARK','OFFICE','product collect','Rickshaw',40.00,'2023-10-10 06:22:17','2023-10-10 06:22:17'),(582,246,'Office','MUGDHA','product collect','Bus',30.00,'2023-10-10 06:23:38','2023-10-10 06:23:38'),(583,246,'MUGDHA','OFFICE','product collect','Uber',410.00,'2023-10-10 06:23:38','2023-10-10 06:23:38'),(584,247,'mohakhali','office','showroom','Bus',45.00,'2023-10-10 08:32:39','2023-10-10 08:32:39'),(585,248,'Office','Bashundhara','switch rdelivery','Rickshaw',100.00,'2023-10-10 14:51:00','2023-10-10 14:51:00'),(586,248,'bashundhara','office','switch rdelivery','Uber',140.00,'2023-10-10 14:51:00','2023-10-10 14:51:00'),(587,249,'mohakhali','office','showroom','Rickshaw',170.00,'2023-10-11 04:50:48','2023-10-11 04:50:48'),(588,250,'office','Import Park','Product Purchase','Rickshaw',30.00,'2023-10-11 08:58:27','2023-10-11 08:58:27'),(589,250,'Import park','Office','Product Purchase','Rickshaw',30.00,'2023-10-11 08:58:27','2023-10-11 08:58:27'),(590,251,'Office','santinagor','sample bord delivery','Bus',60.00,'2023-10-11 14:40:48','2023-10-11 14:40:48'),(591,251,'santinogor','elephant road','product collect','Pathao',180.00,'2023-10-11 14:40:49','2023-10-11 14:40:49'),(592,251,'elephant road','office','product collect','Bus',110.00,'2023-10-11 14:40:49','2023-10-11 14:40:49'),(593,252,'Office','mohakhali','showroom','Rickshaw',80.00,'2023-10-12 04:17:06','2023-10-12 04:17:06'),(594,252,'mohakhali','office','showroom','Rickshaw',110.00,'2023-10-12 04:17:06','2023-10-12 04:17:06'),(595,253,'Office','mohakhali','showroom','Uber',160.00,'2023-10-12 05:12:24','2023-10-12 05:12:24'),(596,253,'mohakhali','office','showroom','Bus',10.00,'2023-10-12 05:12:24','2023-10-12 05:12:24'),(597,254,'Office','mohakhali','showroom','Rickshaw',110.00,'2023-10-14 05:06:32','2023-10-14 05:06:32'),(598,254,'mohakhali','office','showroom','Rickshaw',130.00,'2023-10-14 05:06:32','2023-10-14 05:06:32'),(599,255,'office','Gulshan-2','Showroom Metarials Purchase','Rickshaw',60.00,'2023-10-14 06:00:31','2023-10-14 06:00:31'),(600,255,'Gulshan-2','Mohakhali','Showroom Metarials Purchase','Rickshaw',100.00,'2023-10-14 06:00:31','2023-10-14 06:00:31'),(601,255,'Mohakhali','Office','Return Office','Bus',40.00,'2023-10-14 06:00:31','2023-10-14 06:00:31'),(602,256,'mohakhali amtoli','mohakhali bus stop','product collect','Rickshaw',30.00,'2023-10-14 06:45:02','2023-10-14 06:45:02'),(603,256,'mohakhali bus stop','mohakhali amtoli','product collect','Rickshaw',30.00,'2023-10-14 06:45:03','2023-10-14 06:45:03'),(604,257,'Office','Import park','product collect','Rickshaw',40.00,'2023-10-14 06:46:08','2023-10-14 06:46:08'),(605,257,'import park','office','product collect','Rickshaw',40.00,'2023-10-14 06:46:08','2023-10-14 06:46:08'),(606,258,'Office','Banani','BICA MOU Meeting','Rickshaw',130.00,'2023-10-14 09:24:20','2023-10-14 09:24:20'),(607,258,'Banani','Office','BICA MOU Meeting','Rickshaw',50.00,'2023-10-14 09:24:20','2023-10-14 09:24:20'),(608,259,'Office','Town Hall','Switch Instalation','Bus',30.00,'2023-10-14 11:05:20','2023-10-14 11:05:20'),(609,259,'Town Hall','Tajmahal Road','Switch Instalation','Rickshaw',50.00,'2023-10-14 11:05:20','2023-10-14 11:05:20'),(610,259,'Tajmahal Road','Town Hall','Switch Instalation','Rickshaw',50.00,'2023-10-14 11:05:20','2023-10-14 11:05:20'),(611,259,'Town Hall','Office','Switch Instalation','Bus',30.00,'2023-10-14 11:05:20','2023-10-14 11:05:20'),(612,260,'Office','Bashundhara','Lock and PDLC sample','Rickshaw',80.00,'2023-10-14 12:56:01','2023-10-14 12:56:01'),(613,260,'I block','Bashundhara gate','jaoya asha','Rickshaw',120.00,'2023-10-14 12:56:01','2023-10-14 12:56:01'),(614,260,'Bashundhara','office','Lock and PDLC sample','Rickshaw',130.00,'2023-10-14 12:56:01','2023-10-14 12:56:01'),(615,261,'Office','Import park','product collect','Rickshaw',40.00,'2023-10-15 04:26:41','2023-10-15 04:26:41'),(616,261,'import park','uttur badda','product collect','Rickshaw',20.00,'2023-10-15 04:26:41','2023-10-15 04:26:41'),(617,261,'uttur badda','nawabpur','switch delivery','Pathao',130.00,'2023-10-15 04:26:41','2023-10-15 04:26:41'),(618,261,'nawabpur','office','switch delivery','Bus',30.00,'2023-10-15 04:26:41','2023-10-15 04:26:41'),(619,262,'mohakhali','badda','product collect','Rickshaw',60.00,'2023-10-15 05:07:30','2023-10-15 05:07:30'),(620,262,'badda','mohakhali','product collect','Pathao',120.00,'2023-10-15 05:07:30','2023-10-15 05:07:30'),(621,263,'Office','polton','product collect','Bus',60.00,'2023-10-15 05:08:56','2023-10-15 05:08:56'),(622,263,'polton','mohakhali','product collect','Pathao',180.00,'2023-10-15 05:08:56','2023-10-15 05:08:56'),(623,264,'Office','Uttara','switch rdelivery','Bus',60.00,'2023-10-15 06:04:16','2023-10-15 06:04:16'),(624,264,'Uttara','office','switch rdelivery','Bus',60.00,'2023-10-15 06:04:16','2023-10-15 06:04:16'),(625,265,'Office','Import park','product collect','Rickshaw',40.00,'2023-10-15 06:05:11','2023-10-15 06:05:11'),(626,265,'Import park','Office','product collect','Rickshaw',40.00,'2023-10-15 06:05:11','2023-10-15 06:05:11'),(627,266,'Office','mohakhali','showroom','Bus',40.00,'2023-10-15 06:19:48','2023-10-15 06:19:48'),(628,266,'mohakhali','office','showroom','Rickshaw',110.00,'2023-10-15 06:19:48','2023-10-15 06:19:48'),(629,267,'Office','baridhara','bus ticket','Bus',10.00,'2023-10-16 04:35:23','2023-10-16 04:35:23'),(630,267,'baridhara','office','bus ticket','Rickshaw',40.00,'2023-10-16 04:35:23','2023-10-16 04:35:23'),(631,267,'dhaka','Chattogram','switch rdelivery','Bus',1800.00,'2023-10-16 04:35:23','2023-10-16 04:35:23'),(632,267,'dhampara','katalgong','switch rdelivery','Rickshaw',150.00,'2023-10-16 04:35:23','2023-10-16 04:35:23'),(633,267,'katalgong','newmarket','invoice print','Rickshaw',30.00,'2023-10-16 04:35:23','2023-10-16 04:35:23'),(634,267,'newmarket','katalgong','invoice print','Rickshaw',20.00,'2023-10-16 04:35:23','2023-10-16 04:35:23'),(635,267,'katalgong','agrabad','survey','Uber',220.00,'2023-10-16 04:35:23','2023-10-16 04:35:23'),(636,267,'agrabad','dhampara','office return','Uber',180.00,'2023-10-16 04:35:23','2023-10-16 04:35:23'),(637,267,'Chattogram','dhaka','office return','Bus',1800.00,'2023-10-16 04:35:23','2023-10-16 04:35:23'),(638,268,'bosundhora','office','service (MD sir)','Rickshaw',60.00,'2023-10-16 05:01:42','2023-10-16 05:01:42'),(639,269,'Mohakhali','Office','Showroom','Rickshaw',130.00,'2023-10-16 05:20:54','2023-10-16 05:20:54'),(640,270,'office','Gulshan Avenue','Cash Withdraw','Rickshaw',60.00,'2023-10-16 07:25:38','2023-10-16 07:25:38'),(641,270,'Gulshan-2','Office','Cash Withdraw','Rickshaw',60.00,'2023-10-16 07:25:38','2023-10-16 07:25:38'),(642,271,'Office','Gulshan-2','Vat','Rickshaw',60.00,'2023-10-16 07:28:38','2023-10-16 07:28:38'),(643,271,'Gulshan-2','Office','Vat','Rickshaw',60.00,'2023-10-16 07:28:38','2023-10-16 07:28:38'),(646,273,'Office','Arambag','Glass print','Bus',100.00,'2023-10-16 08:00:04','2023-10-16 08:00:04'),(647,273,'Arambag','Office','Glass Print','Bus',110.00,'2023-10-16 08:00:04','2023-10-16 08:00:04'),(648,274,'Office','Banani','Meeting and product showcase','Rickshaw',80.00,'2023-10-16 11:55:27','2023-10-16 11:55:27'),(649,274,'Banani','Office','Meeting and product showcase','Rickshaw',80.00,'2023-10-16 11:55:27','2023-10-16 11:55:27'),(658,279,'Office','gulshan2','bill collect','Rickshaw',60.00,'2023-10-18 10:16:36','2023-10-18 10:16:36'),(659,279,'gulshan2','Office','bill collect','Rickshaw',60.00,'2023-10-18 10:16:36','2023-10-18 10:16:36'),(666,283,'Office','bailyroad','switch rdelivery','Bus',20.00,'2023-10-21 06:40:33','2023-10-21 06:40:33'),(667,283,'bailyroad','office','switch rdelivery','Bus',20.00,'2023-10-21 06:40:33','2023-10-21 06:40:33'),(672,286,'Office','gulshan2','service','Rickshaw',60.00,'2023-10-21 08:44:27','2023-10-21 08:44:27'),(673,286,'gulshan 2','office','service','Rickshaw',60.00,'2023-10-21 08:44:27','2023-10-21 08:44:27'),(674,287,'Office','kakrail','switch delivery','Uber',220.00,'2023-10-21 08:46:32','2023-10-21 08:46:32'),(675,287,'kakrail','office','switch delivery','Bus',60.00,'2023-10-21 08:46:32','2023-10-21 08:46:32'),(676,288,'Office','Showroom','Showroom','Bus',40.00,'2023-10-21 11:32:21','2023-10-21 11:32:21'),(677,288,'Showroom','Office','Showroom cleaning','Uber',150.00,'2023-10-21 11:32:21','2023-10-21 11:32:21'),(678,289,'Office','Dhanmondi','survey','Private Vehicle',150.00,'2023-10-22 09:11:05','2023-10-22 09:11:05'),(679,289,'Dhanmondi','office','survey','Private Vehicle',150.00,'2023-10-22 09:11:05','2023-10-22 09:11:05'),(680,290,'Office','Bashundhara','service','Private Vehicle',100.00,'2023-10-22 09:12:37','2023-10-22 09:12:37'),(681,290,'Bashundhara','office','service','Private Vehicle',100.00,'2023-10-22 09:12:37','2023-10-22 09:12:37'),(682,291,'Office','arambag','glass priting','Bus',60.00,'2023-10-22 13:27:27','2023-10-22 13:27:27'),(683,291,'arambag','nobabpur','purchase','Rickshaw',80.00,'2023-10-22 13:27:27','2023-10-22 13:27:27'),(684,291,'nobabpur','office','office return','Uber',220.00,'2023-10-22 13:27:27','2023-10-22 13:27:27'),(687,293,'Office','south dhania','switch delivery','Bus',130.00,'2023-10-23 05:07:51','2023-10-23 05:07:51'),(688,293,'south dhania','office','switch delivery','Bus',120.00,'2023-10-23 05:07:51','2023-10-23 05:07:51'),(689,294,'Office','nordha','showroom','Rickshaw',80.00,'2023-10-23 08:05:58','2023-10-23 08:05:58'),(690,294,'nordha','office','office return','Bus',10.00,'2023-10-23 08:05:58','2023-10-23 08:05:58'),(692,296,'Office','south dhania;sonirakhra','service','Bus',110.00,'2023-10-25 04:29:07','2023-10-25 04:29:07'),(693,296,'south dhania;sonirakhra','office','service','Bus',110.00,'2023-10-25 04:29:07','2023-10-25 04:29:07'),(703,300,'mohakhali','badda','product collect','Rickshaw',40.00,'2023-10-26 04:59:56','2023-10-26 04:59:56'),(704,300,'badda','mohakhali','product collect','Rickshaw',80.00,'2023-10-26 04:59:56','2023-10-26 04:59:56'),(711,303,'Office','polton','switch rdelivery','Bus',20.00,'2023-10-26 09:58:43','2023-10-26 09:58:43'),(712,303,'polton','office','switch rdelivery','Pathao',150.00,'2023-10-26 09:58:43','2023-10-26 09:58:43'),(719,302,'Office','gulshan2','product collect','Rickshaw',60.00,'2023-10-30 06:48:44','2023-10-30 06:48:44'),(720,302,'gulshan2','office','product collect','Rickshaw',60.00,'2023-10-30 06:48:44','2023-10-30 06:48:44'),(737,314,'Office','tt para','product collect','Bus',30.00,'2023-11-01 06:20:52','2023-11-01 06:20:52'),(738,314,'tt para','office','product collect','Uber',1000.00,'2023-11-01 06:20:52','2023-11-01 06:20:52'),(739,313,'Office','Dhanmondi','switch delivery','Bus',100.00,'2023-11-01 07:07:03','2023-11-01 07:07:03'),(740,313,'dhanmondi','office','switch delivery','Bus',100.00,'2023-11-01 07:07:03','2023-11-01 07:07:03'),(741,312,'Office','baridhara','showroom','Bus',20.00,'2023-11-01 07:07:48','2023-11-01 07:07:48'),(742,312,'baridhara','office','showroom','Rickshaw',80.00,'2023-11-01 07:07:48','2023-11-01 07:07:48'),(743,311,'Office','niketon','service','Rickshaw',60.00,'2023-11-01 07:08:10','2023-11-01 07:08:10'),(744,311,'niketon','office','service','Rickshaw',60.00,'2023-11-01 07:08:10','2023-11-01 07:08:10'),(745,310,'Office','mohakhali','showroom','Bus',40.00,'2023-11-01 07:08:28','2023-11-01 07:08:28'),(746,310,'mohakhali','office','showroom','Rickshaw',30.00,'2023-11-01 07:08:28','2023-11-01 07:08:28'),(747,309,'office','Mohammedpur','Product Delivery','Bus',40.00,'2023-11-01 07:08:42','2023-11-01 07:08:42'),(748,309,'Mohammedpur','Office','Product Delivery','Bus',40.00,'2023-11-01 07:08:42','2023-11-01 07:08:42'),(749,30,'office','Dhanmondi 8/A road-16,house','payment perpose','Private Vehicle',180.00,'2023-11-01 07:11:58','2023-11-01 07:11:58'),(750,308,'Office','gulshan2 agora','service','Rickshaw',60.00,'2023-11-01 07:12:21','2023-11-01 07:12:21'),(751,308,'gulshan 2 agora','office','service','Rickshaw',60.00,'2023-11-01 07:12:21','2023-11-01 07:12:21'),(752,307,'Office','city group','switch delivery','Rickshaw',60.00,'2023-11-01 17:07:01','2023-11-01 17:07:01'),(753,307,'city group','office','switch delivery','Rickshaw',60.00,'2023-11-01 17:07:01','2023-11-01 17:07:01'),(754,306,'office','mohakhali','showroom wark','Rickshaw',70.00,'2023-11-01 17:07:41','2023-11-01 17:07:41'),(755,306,'mohakhali','waerless','showroom wark','Rickshaw',30.00,'2023-11-01 17:07:41','2023-11-01 17:07:41'),(756,305,'waerless','mohakhali','showroom wark','Rickshaw',30.00,'2023-11-01 17:07:57','2023-11-01 17:07:57'),(757,305,'mohakhali','waerless','showroom wark','Rickshaw',30.00,'2023-11-01 17:07:57','2023-11-01 17:07:57'),(760,304,'Office','mohakhali','showroom wark','Rickshaw',40.00,'2023-11-01 17:08:36','2023-11-01 17:08:36'),(761,304,'mohakhali','office','showroom  wark','Rickshaw',30.00,'2023-11-01 17:08:36','2023-11-01 17:08:36'),(762,301,'Office','polton','client meeting','Bus',90.00,'2023-11-01 17:08:53','2023-11-01 17:08:53'),(763,301,'polton','office','client meeting','Bus',90.00,'2023-11-01 17:08:53','2023-11-01 17:08:53'),(764,299,'mohakhali','badda','product collect','Rickshaw',40.00,'2023-11-01 17:09:08','2023-11-01 17:09:08'),(765,299,'badda','mohakhali','product collect','Rickshaw',80.00,'2023-11-01 17:09:08','2023-11-01 17:09:08'),(768,298,'Office','rampura','service','Bus',30.00,'2023-11-01 18:08:37','2023-11-01 18:08:37'),(769,298,'rampura','office','service','Bus',30.00,'2023-11-01 18:08:37','2023-11-01 18:08:37'),(770,297,'Office','Polton','Lighting for Shwroom','Bus',40.00,'2023-11-01 18:09:01','2023-11-01 18:09:01'),(771,297,'Polton','Nobabpur','Lighting for Shwroom','Rickshaw',30.00,'2023-11-01 18:09:01','2023-11-01 18:09:01'),(772,297,'Nobabpur','Stadium market','tv for Showrrom','Rickshaw',30.00,'2023-11-01 18:09:01','2023-11-01 18:09:01'),(773,297,'Stadium market','Mohakali','tv carry showrrom','Uber',550.00,'2023-11-01 18:09:01','2023-11-01 18:09:01'),(774,297,'Mohakali','office','Return','Bus',10.00,'2023-11-01 18:09:01','2023-11-01 18:09:01'),(775,295,'mohakhali','office','showroom','Uber',150.00,'2023-11-01 18:09:18','2023-11-01 18:09:18'),(776,292,'Office','mohakhali','showroom','Uber',150.00,'2023-11-01 18:09:53','2023-11-01 18:09:53'),(777,292,'mohakhali','office','showroom','Bus',10.00,'2023-11-01 18:09:53','2023-11-01 18:09:53'),(778,285,'Office','mohakhali','showroom','Rickshaw',60.00,'2023-11-01 18:10:11','2023-11-01 18:10:11'),(779,285,'mohakhali','office','showroom','Rickshaw',60.00,'2023-11-01 18:10:11','2023-11-01 18:10:11'),(780,284,'Office','Bashundhara','lock delivery','Uber',320.00,'2023-11-01 18:10:33','2023-11-01 18:10:33'),(781,284,'bosundhora','office','lock delivery','Rickshaw',90.00,'2023-11-01 18:10:33','2023-11-01 18:10:33'),(782,282,'Office','mohakhali','showroom','Bus',10.00,'2023-11-01 18:10:52','2023-11-01 18:10:52'),(783,282,'mohakhali','office','showroom','Bus',10.00,'2023-11-01 18:10:52','2023-11-01 18:10:52'),(786,281,'Office','gulshan2','Lock  service','Rickshaw',60.00,'2023-11-01 18:11:46','2023-11-01 18:11:46'),(787,281,'gulshan 2','office','Lock  service','Rickshaw',60.00,'2023-11-01 18:11:46','2023-11-01 18:11:46'),(788,280,'Office','New Elephant Road','product collect','Rickshaw',120.00,'2023-11-01 18:12:01','2023-11-01 18:12:01'),(789,280,'New Elephant Road','office','product collect','Bus',120.00,'2023-11-01 18:12:01','2023-11-01 18:12:01'),(790,278,'Office','Import park','product collect','Rickshaw',80.00,'2023-11-01 18:12:13','2023-11-01 18:12:13'),(791,278,'import park','office','product collect','Rickshaw',40.00,'2023-11-01 18:12:13','2023-11-01 18:12:13'),(792,277,'office','Mohakhali','Address Update For BIN','Bus',10.00,'2023-11-01 18:12:53','2023-11-01 18:12:53'),(793,277,'Mohakhali','Office','Address Update For BIN','Bus',10.00,'2023-11-01 18:12:53','2023-11-01 18:12:53'),(794,276,'Office','gulshan2','service','Rickshaw',110.00,'2023-11-01 18:13:08','2023-11-01 18:13:08'),(795,276,'gulshan2','Office','service','Rickshaw',110.00,'2023-11-01 18:13:08','2023-11-01 18:13:08'),(796,275,'Office','Import park','product collect','Rickshaw',40.00,'2023-11-01 18:13:25','2023-11-01 18:13:25'),(797,275,'Import park','Office','product collect','Rickshaw',40.00,'2023-11-01 18:13:25','2023-11-01 18:13:25'),(798,272,'office','Mohakhali','Vat Returned','Bus',15.00,'2023-11-01 18:13:40','2023-11-01 18:13:40'),(799,272,'Mohakhali','Office','Vat Returned','Bus',15.00,'2023-11-01 18:13:40','2023-11-01 18:13:40'),(800,315,'Office','Dhanmondi','switch delivery','Bus',100.00,'2023-11-02 04:02:43','2023-11-02 04:02:43'),(801,315,'dhanmondi','gulshan2','pdlc installation','Pathao',220.00,'2023-11-02 04:02:43','2023-11-02 04:02:43'),(802,315,'gulshan 2','gulshan2 102 road','pdlc installation','Rickshaw',30.00,'2023-11-02 04:02:43','2023-11-02 04:02:43'),(810,317,'mohakhali','office','showroom','Rickshaw',120.00,'2023-11-02 06:29:33','2023-11-02 06:29:33'),(811,316,'Office','tejgaon','service','Rickshaw',100.00,'2023-11-02 06:29:55','2023-11-02 06:29:55'),(812,316,'tejgaon','office','service','Rickshaw',100.00,'2023-11-02 06:29:55','2023-11-02 06:29:55'),(813,319,'Office','banani','switch rdelivery','Private Vehicle',100.00,'2023-11-02 09:27:07','2023-11-02 09:27:07'),(814,319,'banani','office','switch rdelivery','Private Vehicle',100.00,'2023-11-02 09:27:07','2023-11-02 09:27:07'),(815,318,'Office','tejgaon','lock  rdelivery','Private Vehicle',80.00,'2023-11-02 09:27:23','2023-11-02 09:27:23'),(816,318,'tejgaon','office','lock  rdelivery','Private Vehicle',80.00,'2023-11-02 09:27:23','2023-11-02 09:27:23'),(817,320,'Office','kuril','lock rdelivery','Bus',10.00,'2023-11-02 10:09:00','2023-11-02 10:09:00'),(818,320,'kuril','office','lock rdelivery','Bus',10.00,'2023-11-02 10:09:00','2023-11-02 10:09:00'),(819,321,'gulshan2','office','pdlc','Rickshaw',60.00,'2023-11-02 11:25:13','2023-11-02 11:25:13'),(820,322,'Office','mohakhali','showroom','Rickshaw',60.00,'2023-11-04 06:48:49','2023-11-04 06:48:49'),(821,322,'mohakhali','office','showroom','Rickshaw',60.00,'2023-11-04 06:48:49','2023-11-04 06:48:49'),(822,323,'Gudaraghat','Office','Showroom','Rickshaw',30.00,'2023-11-04 06:52:26','2023-11-04 06:52:26'),(827,326,'Office','Dhanmondi','product collect','Bus',100.00,'2023-11-05 04:30:50','2023-11-05 04:30:50'),(828,326,'Dhanmondi','Office','product collect','Bus',100.00,'2023-11-05 04:30:50','2023-11-05 04:30:50'),(829,327,'mohakhali','office','disply bord cullect','Bus',40.00,'2023-11-06 05:32:15','2023-11-06 05:32:15'),(830,327,'Office','mohakhali','disply bord cullect','Rickshaw',40.00,'2023-11-06 05:32:15','2023-11-06 05:32:15'),(833,328,'Office','gulshan2','product sample','Rickshaw',60.00,'2023-11-06 11:37:57','2023-11-06 11:37:57'),(834,328,'gulshan2','office','product sample','Rickshaw',60.00,'2023-11-06 11:37:58','2023-11-06 11:37:58'),(840,324,'Office','gulshan2','PDLC instalation','Rickshaw',120.00,'2023-11-07 06:03:12','2023-11-07 06:03:12'),(841,324,'gulshan2','office','PDLC instalation','Rickshaw',120.00,'2023-11-07 06:03:12','2023-11-07 06:03:12'),(842,325,'Office','gulshan2','PDLC instalation','Rickshaw',120.00,'2023-11-07 06:03:24','2023-11-07 06:03:24'),(843,325,'gulshan2','Office','PDLC instalation','Rickshaw',60.00,'2023-11-07 06:03:24','2023-11-07 06:03:24'),(844,329,'Confidence tower','Jamuna','AC','Rickshaw',60.00,'2023-11-07 06:03:36','2023-11-07 06:03:36'),(845,329,'Jamuna','B block','AC','Rickshaw',40.00,'2023-11-07 06:03:36','2023-11-07 06:03:36'),(846,329,'B block','Office','AC','Rickshaw',70.00,'2023-11-07 06:03:36','2023-11-07 06:03:36'),(847,330,'mohakhali','office','showroom','Bus',40.00,'2023-11-07 06:04:04','2023-11-07 06:04:04'),(848,330,'Office','mohakhali','showroom','Rickshaw',40.00,'2023-11-07 06:04:04','2023-11-07 06:04:04'),(849,331,'Vailey Road','Office','Installation','Bus',20.00,'2023-11-07 08:57:48','2023-11-07 08:57:48'),(857,332,'Office','lalbagh','factory','Bus',110.00,'2023-11-08 06:15:30','2023-11-08 06:15:30'),(858,332,'lalbagh','islambagh','factory','Rickshaw',30.00,'2023-11-08 06:15:30','2023-11-08 06:15:30'),(859,332,'islambagh','Chawkbazar','factory','Rickshaw',30.00,'2023-11-08 06:15:30','2023-11-08 06:15:30'),(860,332,'Chawkbazar','lalbagh','factory','Rickshaw',50.00,'2023-11-08 06:15:30','2023-11-08 06:15:30'),(861,332,'lalbagh','Gulistan mazar','factory','Rickshaw',40.00,'2023-11-08 06:15:30','2023-11-08 06:15:30'),(862,332,'Gulistan mazar','lalbagh','factory','Rickshaw',40.00,'2023-11-08 06:15:30','2023-11-08 06:15:30'),(863,332,'lalbagh','office','factory','Bus',110.00,'2023-11-08 06:15:30','2023-11-08 06:15:30'),(870,336,'Office','badda','light rdelivery','Bus',10.00,'2023-11-08 11:20:26','2023-11-08 11:20:26'),(871,336,'badda','office','light rdelivery','Bus',10.00,'2023-11-08 11:20:26','2023-11-08 11:20:26'),(872,336,'Office','badda','light rdelivery','Rickshaw',150.00,'2023-11-08 11:20:26','2023-11-08 11:20:26'),(873,336,'badda','office','light rdelivery','Bus',40.00,'2023-11-08 11:20:26','2023-11-08 11:20:26'),(874,335,'Office','police plaza','lock  delivery','Rickshaw',130.00,'2023-11-08 11:28:40','2023-11-08 11:28:40'),(875,335,'police plaza','office','lock delivery','Rickshaw',130.00,'2023-11-08 11:28:40','2023-11-08 11:28:40'),(876,337,'Office','Gulisthan','Mold','Bus',60.00,'2023-11-09 04:48:43','2023-11-09 04:48:43'),(877,337,'Gulisthan','Nazimudin Road','Mold','Rickshaw',40.00,'2023-11-09 04:48:43','2023-11-09 04:48:43'),(878,337,'Nazimudin Road','Lal Bagh','Mold','Rickshaw',60.00,'2023-11-09 04:48:43','2023-11-09 04:48:43'),(879,337,'Lal Bagh','Islamabad','Mold','Rickshaw',60.00,'2023-11-09 04:48:43','2023-11-09 04:48:43'),(880,337,'Islamabad','Office','Mold','Rickshaw',130.00,'2023-11-09 04:48:43','2023-11-09 04:48:43'),(881,338,'Office','gulshan1','Lock service','Private Vehicle',40.00,'2023-11-09 09:35:46','2023-11-09 09:35:46'),(882,338,'gulshan1','gulshan2','switch collect','Private Vehicle',30.00,'2023-11-09 09:35:46','2023-11-09 09:35:46'),(883,338,'gulshan2','office','switch collect','Private Vehicle',60.00,'2023-11-09 09:35:46','2023-11-09 09:35:46'),(884,339,'office','Shamoli','Installation','Bus',50.00,'2023-11-09 10:29:01','2023-11-09 10:29:01'),(885,339,'Shamoli','Office','Installation','Bus',50.00,'2023-11-09 10:29:01','2023-11-09 10:29:01'),(886,340,'office','Gulshan-1','Cr Card Bill Payment','Rickshaw',40.00,'2023-11-09 10:31:19','2023-11-09 10:31:19'),(887,340,'Gulshan-1','Office','Cr Card Bill Pyment','Rickshaw',40.00,'2023-11-09 10:31:19','2023-11-09 10:31:19'),(892,341,'Office','Jurain','Mold','Bus',80.00,'2023-11-09 11:00:00','2023-11-09 11:00:00'),(893,341,'Jurain','Gulisthan','Mold','Rickshaw',70.00,'2023-11-09 11:00:00','2023-11-09 11:00:00'),(894,341,'Gulisthan','Nazimuddin','Mold','Rickshaw',60.00,'2023-11-09 11:00:00','2023-11-09 11:00:00'),(895,341,'Lal bagh','Office','Mold','Rickshaw',130.00,'2023-11-09 11:00:00','2023-11-09 11:00:00'),(896,342,'Office','police plaza','rfid card delivery','Rickshaw',130.00,'2023-11-11 08:47:22','2023-11-11 08:47:22'),(897,342,'police plaza','office','rfid card delivery','Rickshaw',130.00,'2023-11-11 08:47:22','2023-11-11 08:47:22'),(900,343,'mohakhali','office','Bill Collect','Bus',40.00,'2023-11-12 07:29:48','2023-11-12 07:29:48'),(901,343,'Office','mohakhali','Product delivery sale push','Rickshaw',60.00,'2023-11-12 07:29:48','2023-11-12 07:29:48'),(902,334,'mohakhali','office','Product delivery sale push','Bus',40.00,'2023-11-12 07:30:21','2023-11-12 07:30:21'),(903,334,'Office','mohakhali','Product delivery sale push','Rickshaw',60.00,'2023-11-12 07:30:21','2023-11-12 07:30:21'),(904,333,'mohakhali','office','Bill Collect','Bus',40.00,'2023-11-12 07:30:33','2023-11-12 07:30:33'),(905,333,'Office','mohakhali','Bill Collect','Rickshaw',40.00,'2023-11-12 07:30:33','2023-11-12 07:30:33'),(906,344,'Office','gulshan2','Lock  service','Rickshaw',60.00,'2023-11-12 08:06:47','2023-11-12 08:06:47'),(907,344,'gulshan2','The royal paradise','Lock  service','Rickshaw',50.00,'2023-11-12 08:06:47','2023-11-12 08:06:47'),(908,344,'The royal paradise','office','Lock  service','Rickshaw',110.00,'2023-11-12 08:06:47','2023-11-12 08:06:47'),(909,345,'Office','Dhanmondi','product collect','Private Vehicle',120.00,'2023-11-12 10:08:30','2023-11-12 10:08:30'),(910,345,'Dhanmondi','office','product collect','Private Vehicle',120.00,'2023-11-12 10:08:30','2023-11-12 10:08:30'),(911,346,'Office','Import park','product collect','Rickshaw',40.00,'2023-11-12 11:15:06','2023-11-12 11:15:06'),(912,346,'import park','office','product collect','Rickshaw',40.00,'2023-11-12 11:15:06','2023-11-12 11:15:06'),(913,347,'Office','Import park','product collect','Rickshaw',40.00,'2023-11-12 11:17:05','2023-11-12 11:17:05'),(914,347,'import park','office','product collect','Rickshaw',40.00,'2023-11-12 11:17:06','2023-11-12 11:17:06'),(915,347,'Office','uttar badda','service','Rickshaw',20.00,'2023-11-12 11:17:06','2023-11-12 11:17:06'),(916,347,'uttur badda','office','service','Rickshaw',20.00,'2023-11-12 11:17:06','2023-11-12 11:17:06'),(917,348,'Office','nowabpur','switch rdelivery','Bus',30.00,'2023-11-13 10:26:17','2023-11-13 10:26:17'),(918,348,'nowabpur','office','switch delivery','Bus',30.00,'2023-11-13 10:26:17','2023-11-13 10:26:17'),(919,349,'Office','MUGDHA','product collect','Bus',20.00,'2023-11-13 10:29:03','2023-11-13 10:29:03'),(920,349,'MUGDHA','office','product collect','Uber',700.00,'2023-11-13 10:29:03','2023-11-13 10:29:03'),(921,350,'mohakhali','office','bill collect','Bus',40.00,'2023-11-13 10:44:27','2023-11-13 10:44:27'),(922,350,'Office','mohakhali','showroom','Rickshaw',60.00,'2023-11-13 10:44:27','2023-11-13 10:44:27'),(923,351,'Office','Import park','switch riplace','Rickshaw',40.00,'2023-11-13 10:47:10','2023-11-13 10:47:10'),(924,351,'import park','office','switch riplace','Rickshaw',40.00,'2023-11-13 10:47:10','2023-11-13 10:47:10'),(925,352,'mohakhali','uttora','switch delivery','Bus',60.00,'2023-11-13 10:48:41','2023-11-13 10:48:41'),(926,352,'uttora','mohakhali','switch delivery','Bus',60.00,'2023-11-13 10:48:41','2023-11-13 10:48:41'),(927,353,'Office','gulshan2','carten','Rickshaw',220.00,'2023-11-13 11:22:05','2023-11-13 11:22:05'),(928,353,'gulshan2','office','carten','Rickshaw',220.00,'2023-11-13 11:22:05','2023-11-13 11:22:05'),(929,354,'Office','Import park','product collect','Rickshaw',40.00,'2023-11-13 14:08:08','2023-11-13 14:08:08'),(930,354,'import park','office','product collect','Rickshaw',40.00,'2023-11-13 14:08:08','2023-11-13 14:08:08'),(931,355,'Office','Gulshan 2','Lock Replace','Rickshaw',60.00,'2023-11-14 09:38:12','2023-11-14 09:38:12'),(932,355,'Gulshan 2','The Royal peradice','Lock Replace','Rickshaw',50.00,'2023-11-14 09:38:12','2023-11-14 09:38:12'),(933,355,'The Royal peradice','Office','Lock Replace','Rickshaw',110.00,'2023-11-14 09:38:12','2023-11-14 09:38:12'),(934,356,'Office','MUGDHA','product collect','Bus',30.00,'2023-11-14 11:38:45','2023-11-14 11:38:45'),(935,356,'MUGDHA','office','product collect','Rickshaw',600.00,'2023-11-14 11:38:45','2023-11-14 11:38:45'),(936,357,'Office','banasreey','Lock  service','Private Vehicle',50.00,'2023-11-14 11:46:36','2023-11-14 11:46:36'),(937,357,'banasreey','kuril','Lock  service','Private Vehicle',100.00,'2023-11-14 11:46:36','2023-11-14 11:46:36'),(938,357,'kuril','office','Lock  service','Private Vehicle',40.00,'2023-11-14 11:46:36','2023-11-14 11:46:36'),(939,358,'Office','gulshan2','switch rdelivery','Private Vehicle',60.00,'2023-11-14 11:48:26','2023-11-14 11:48:26'),(940,358,'gulshan2','office','switch rdelivery','Private Vehicle',60.00,'2023-11-14 11:48:26','2023-11-14 11:48:26'),(941,359,'Office','kuril school rood','switch riplace','Bus',60.00,'2023-11-15 04:51:31','2023-11-15 04:51:31'),(942,359,'kuril school rood','office','switch riplace','Rickshaw',60.00,'2023-11-15 04:51:31','2023-11-15 04:51:31'),(943,360,'mohakhali','office','lock delivari','Bus',40.00,'2023-11-15 04:54:12','2023-11-15 04:54:12'),(944,360,'Office','mohakhali','lock delivari','Rickshaw',40.00,'2023-11-15 04:54:12','2023-11-15 04:54:12'),(945,361,'office','Mohakhali','Vat','Rickshaw',40.00,'2023-11-15 08:30:51','2023-11-15 08:30:51'),(946,361,'Mohakhali','Office','Vat','Bus',10.00,'2023-11-15 08:30:51','2023-11-15 08:30:51'),(947,362,'Office','gulshan2','service','Private Vehicle',80.00,'2023-11-15 12:02:29','2023-11-15 12:02:29'),(948,362,'gulshan2','office','service','Private Vehicle',70.00,'2023-11-15 12:02:29','2023-11-15 12:02:29'),(949,363,'Office','noabpur','switch delivery','Bus',50.00,'2023-11-16 04:57:47','2023-11-16 04:57:47'),(950,363,'noabpur','kakrail','switch delivery','Rickshaw',60.00,'2023-11-16 04:57:47','2023-11-16 04:57:47'),(951,364,'mohakhali','gulshan2 -r/ 59','switch installtion','Rickshaw',110.00,'2023-11-16 05:01:18','2023-11-16 05:01:18'),(952,364,'gulshan2 -r/ 59','mohakhali','switch installtion','Rickshaw',110.00,'2023-11-16 05:01:18','2023-11-16 05:01:18'),(953,365,'Office','gulshan2','switch delivery','Rickshaw',220.00,'2023-11-16 09:15:15','2023-11-16 09:15:15'),(954,365,'gulshan2','office','switch delivery','Rickshaw',220.00,'2023-11-16 09:15:15','2023-11-16 09:15:15'),(955,366,'Office','gulshan2','switch delivery','Rickshaw',220.00,'2023-11-16 09:16:28','2023-11-16 09:16:28'),(956,366,'gulshan2','office','switch delivery','Rickshaw',220.00,'2023-11-16 09:16:28','2023-11-16 09:16:28'),(957,367,'Office','kuril','Lock  service','Bus',20.00,'2023-11-16 09:39:49','2023-11-16 09:39:49'),(958,367,'kuril','office','Lock  service','Bus',20.00,'2023-11-16 09:39:49','2023-11-16 09:39:49'),(959,368,'Arambag','Tikartoli','Meeting','Rickshaw',50.00,'2023-11-16 12:21:12','2023-11-16 12:21:12'),(960,368,'Tikartoli','Polton','Meeting','Rickshaw',60.00,'2023-11-16 12:21:12','2023-11-16 12:21:12'),(961,368,'office','Jamuna Future Park','Client Meeting','Bus',20.00,'2023-11-16 12:21:12','2023-11-16 12:21:12'),(962,368,'Jamuna Future Park','Office','Client Meeting','Bus',10.00,'2023-11-16 12:21:12','2023-11-16 12:21:12'),(963,368,'Office','Banashreee','Client Meeting','Bus',20.00,'2023-11-16 12:21:12','2023-11-16 12:21:12'),(964,368,'Banashree','Office','Client Meeting','Bus',30.00,'2023-11-16 12:21:12','2023-11-16 12:21:12'),(965,369,'Office','gulshan2','service','Private Vehicle',70.00,'2023-11-16 12:30:06','2023-11-16 12:30:06'),(966,369,'gulshan2','office','service','Private Vehicle',80.00,'2023-11-16 12:30:06','2023-11-16 12:30:06'),(967,370,'Office','Uttara','Lock service','Private Vehicle',90.00,'2023-11-18 11:03:44','2023-11-18 11:03:44'),(968,370,'Uttara','office','Lock  service','Private Vehicle',90.00,'2023-11-18 11:03:44','2023-11-18 11:03:44'),(969,371,'Office','Bashundhara','switch rdelivery','Private Vehicle',30.00,'2023-11-18 11:04:31','2023-11-18 11:04:31'),(970,371,'bosundhora','office','switch rdelivery','Private Vehicle',30.00,'2023-11-18 11:04:31','2023-11-18 11:04:31'),(971,372,'Office','baridhara','switch delivery','Rickshaw',50.00,'2023-11-18 13:46:18','2023-11-18 13:46:18'),(972,372,'baridhara','office','switch delivery','Rickshaw',50.00,'2023-11-18 13:46:18','2023-11-18 13:46:18'),(973,373,'Office','Bashundhara','service','Rickshaw',100.00,'2023-11-18 13:48:30','2023-11-18 13:48:30'),(974,373,'bosundhora','Uttara','service','Pathao',200.00,'2023-11-18 13:48:30','2023-11-18 13:48:30'),(975,373,'uttara','office','service','Rickshaw',80.00,'2023-11-18 13:48:30','2023-11-18 13:48:30'),(976,374,'Office','Manarat','PDLC','Rickshaw',30.00,'2023-11-19 06:16:23','2023-11-19 06:16:23'),(977,374,'Manarat','Gulshan road 103','PDLC','Rickshaw',30.00,'2023-11-19 06:16:23','2023-11-19 06:16:23'),(978,374,'Gulshan road 103','Office','PDLC','Rickshaw',60.00,'2023-11-19 06:16:23','2023-11-19 06:16:23'),(979,375,'Office','Bashundhara I block','switch delivery','Rickshaw',90.00,'2023-11-19 06:25:13','2023-11-19 06:25:13'),(980,375,'Bashundhara I block','Office','switch delivery','Rickshaw',90.00,'2023-11-19 06:25:13','2023-11-19 06:25:13'),(981,376,'Office','City College','Replacement','Bus',40.00,'2023-11-19 06:29:25','2023-11-19 06:29:25'),(982,376,'City College','JIgatola','Replacement','Rickshaw',50.00,'2023-11-19 06:29:25','2023-11-19 06:29:25'),(983,376,'JIgatola','office','Replacement','Rickshaw',90.00,'2023-11-19 06:29:25','2023-11-19 06:29:25'),(984,377,'mohakhali amtoli','office','service','Bus',40.00,'2023-11-19 08:17:59','2023-11-19 08:17:59'),(985,377,'Office','mohakhali','service','Rickshaw',40.00,'2023-11-19 08:17:59','2023-11-19 08:17:59'),(986,378,'Office','porana polton','Trademark','Bus',25.00,'2023-11-19 10:19:30','2023-11-19 10:19:30'),(987,378,'porana polton','motijheel','Trademark','Rickshaw',40.00,'2023-11-19 10:19:30','2023-11-19 10:19:30'),(988,378,'Motijheel','Porana polton','Trademark','Rickshaw',40.00,'2023-11-19 10:19:30','2023-11-19 10:19:30'),(989,378,'Porana polton','Office','Trademark','Bus',25.00,'2023-11-19 10:19:30','2023-11-19 10:19:30'),(990,379,'Office','Kuril','Meeting and product showcase','Bus',30.00,'2023-11-19 12:06:29','2023-11-19 12:06:29'),(991,379,'Kuril','Nikunja','Meeting and product showcase','Rickshaw',40.00,'2023-11-19 12:06:29','2023-11-19 12:06:29'),(992,379,'Nikunja','Norda','Meeting and product showcase','Bus',20.00,'2023-11-19 12:06:29','2023-11-19 12:06:29'),(993,379,'Norda','Niketon','Meeting and product showcase','Rickshaw',70.00,'2023-11-19 12:06:29','2023-11-19 12:06:29'),(994,379,'Niketon','Mirpur','Meeting and product showcase','Bus',40.00,'2023-11-19 12:06:29','2023-11-19 12:06:29'),(995,379,'Mirpur','Office','Meeting and product showcase','Bus',80.00,'2023-11-19 12:06:29','2023-11-19 12:06:29'),(996,380,'mohakhali','mirpur-10','switch delivery','Bus',60.00,'2023-11-20 09:49:54','2023-11-20 09:49:54'),(997,380,'mirpur-10','mohakhali','switch delivery','Rickshaw',60.00,'2023-11-20 09:49:54','2023-11-20 09:49:54'),(998,381,'mohakhali','office','bill collect','Bus',40.00,'2023-11-20 09:57:08','2023-11-20 09:57:08'),(999,381,'Office','mohakhali','bill collect','Rickshaw',40.00,'2023-11-20 09:57:08','2023-11-20 09:57:08'),(1000,382,'Office','Polton','PDLC','Bus',20.00,'2023-11-20 11:48:33','2023-11-20 11:48:33'),(1001,382,'Polton','China tower','PDLC','Rickshaw',40.00,'2023-11-20 11:48:33','2023-11-20 11:48:33'),(1002,382,'China tower','Office','PDLC','Rickshaw',60.00,'2023-11-20 11:48:33','2023-11-20 11:48:33'),(1003,383,'Office','Polton','Lock survice','Bus',40.00,'2023-11-20 11:52:58','2023-11-20 11:52:58'),(1004,383,'Polton','Nowab Tower','Lock survice','Rickshaw',80.00,'2023-11-20 11:52:58','2023-11-20 11:52:58'),(1005,383,'Nowab Tower','Nazimuddin Road','MOLD','Rickshaw',70.00,'2023-11-20 11:52:58','2023-11-20 11:52:58'),(1006,383,'Nazimuddin Road','Gulistan','MOLD','Rickshaw',40.00,'2023-11-20 11:52:58','2023-11-20 11:52:58'),(1007,383,'Polton','Office','MOLD','Bus',40.00,'2023-11-20 11:52:58','2023-11-20 11:52:58'),(1008,384,'Office','gulshan2','service','Private Vehicle',80.00,'2023-11-22 05:11:46','2023-11-22 05:11:46'),(1009,384,'gulshan2','office','service','Private Vehicle',70.00,'2023-11-22 05:11:46','2023-11-22 05:11:46'),(1010,385,'mohakhali','office','bill collect','Bus',20.00,'2023-11-22 07:16:05','2023-11-22 07:16:05'),(1011,385,'Office','mohakhali','bill collect','Bus',0.00,'2023-11-22 07:16:05','2023-11-22 07:16:05'),(1012,386,'Office','mohakhali','bill collect','Bus',20.00,'2023-11-22 07:17:10','2023-11-22 07:17:10'),(1013,386,'mohakhali','office','bill collect','Bus',0.00,'2023-11-22 07:17:10','2023-11-22 07:17:10'),(1014,387,'mohakhali','badda to office','switch service','Rickshaw',60.00,'2023-11-22 07:20:00','2023-11-22 07:20:00'),(1015,387,'Office','mohakhali','switch service','Rickshaw',40.00,'2023-11-22 07:20:00','2023-11-22 07:20:00'),(1016,388,'Office','Gulistan','Lock  service','Bus',40.00,'2023-11-23 07:22:24','2023-11-23 07:22:24'),(1017,388,'Gulistan','office','Lock  service','Bus',40.00,'2023-11-23 07:22:24','2023-11-23 07:22:24'),(1018,389,'uttara','office','Lock  service','Bus',100.00,'2023-11-23 07:23:11','2023-11-23 07:23:11'),(1019,390,'Office','gulshan2','switch delivery','Rickshaw',60.00,'2023-11-23 07:26:11','2023-11-23 07:26:11'),(1020,390,'gulshan2','office','switch delivery','Rickshaw',60.00,'2023-11-23 07:26:11','2023-11-23 07:26:11'),(1021,391,'Office','Rancon','Installation','Rickshaw',100.00,'2023-11-23 08:19:09','2023-11-23 08:19:09'),(1022,391,'Rancon','Office','Installation','Private Vehicle',120.00,'2023-11-23 08:19:09','2023-11-23 08:19:09'),(1023,392,'Factory','Faridpur','courier product collect','Rickshaw',60.00,'2023-11-25 08:20:56','2023-11-25 08:20:56'),(1024,392,'Faridpur','Factory','courier product collect','Rickshaw',60.00,'2023-11-25 08:20:56','2023-11-25 08:20:56'),(1025,392,'Factory','Kanaipur','courier product collect','Rickshaw',20.00,'2023-11-25 08:20:56','2023-11-25 08:20:56'),(1026,392,'Kanaipur','Factory','courier product collect','Rickshaw',20.00,'2023-11-25 08:20:56','2023-11-25 08:20:56'),(1027,392,'Factory','Faridpur','courier product collect','Rickshaw',60.00,'2023-11-25 08:20:56','2023-11-25 08:20:56'),(1028,392,'Faridpur','Factory','courier product collect','Rickshaw',60.00,'2023-11-25 08:20:56','2023-11-25 08:20:56'),(1029,392,'Factory','Karimpur','Syed Trimbers work','Rickshaw',40.00,'2023-11-25 08:20:56','2023-11-25 08:20:56'),(1030,392,'Karimpur','Factory','Syed Trimbers work','Rickshaw',40.00,'2023-11-25 08:20:56','2023-11-25 08:20:56'),(1031,392,'Factory','Faridpur','courier product collect','Rickshaw',40.00,'2023-11-25 08:20:56','2023-11-25 08:20:56'),(1032,392,'Faridpur','Factory','courier product collect','Rickshaw',0.00,'2023-11-25 08:20:56','2023-11-25 08:20:56'),(1033,393,'Faridpur','Factory','product collect','Rickshaw',40.00,'2023-11-25 08:21:53','2023-11-25 08:21:53'),(1034,394,'Office','Factory','Factory Work','Bus',850.00,'2023-11-25 08:23:24','2023-11-25 08:23:24'),(1035,394,'Factory','Office','Factory Work','Bus',1400.00,'2023-11-25 08:23:24','2023-11-25 08:23:24'),(1036,395,'Office','Arambag','Lock  service','Bus',100.00,'2023-11-25 08:27:56','2023-11-25 08:27:56'),(1037,395,'Arambag','Office','Lock  service','Bus',100.00,'2023-11-25 08:27:56','2023-11-25 08:27:56'),(1038,396,'Office','gulshan2','PDLC instalation','Rickshaw',220.00,'2023-11-25 09:28:33','2023-11-25 09:28:33'),(1039,396,'gulshan2','office','PDLC instalation','Rickshaw',220.00,'2023-11-25 09:28:33','2023-11-25 09:28:33'),(1040,397,'Office','Bashundhara','service','Rickshaw',100.00,'2023-11-25 09:29:29','2023-11-25 09:29:29'),(1041,397,'bosundhora','office','service','Rickshaw',100.00,'2023-11-25 09:29:29','2023-11-25 09:29:29'),(1042,398,'Office','Uttara','switch delivery','Bus',70.00,'2023-11-26 08:19:32','2023-11-26 08:19:32'),(1043,398,'uttara','office','switch delivery','Rickshaw',70.00,'2023-11-26 08:19:32','2023-11-26 08:19:32'),(1044,399,'mohakhali','office','lunch bill collect','Bus',40.00,'2023-11-26 08:21:17','2023-11-26 08:21:17'),(1045,399,'Office','mohakhali','lunch bill collect','Rickshaw',40.00,'2023-11-26 08:21:17','2023-11-26 08:21:17'),(1046,400,'Office','gulshan2','service','Rickshaw',60.00,'2023-11-26 10:55:49','2023-11-26 10:55:49'),(1047,400,'gulshan2','office','service','Rickshaw',60.00,'2023-11-26 10:55:49','2023-11-26 10:55:49'),(1048,401,'mohakhali','office','bill collect','Bus',40.00,'2023-11-27 07:23:22','2023-11-27 07:23:22'),(1049,401,'Office','mohakhali','bill collect','Rickshaw',40.00,'2023-11-27 07:23:22','2023-11-27 07:23:22'),(1050,402,'mohakhali','office','lunch bill collect','Bus',40.00,'2023-11-27 07:24:43','2023-11-27 07:24:43'),(1051,402,'Office','mohakhali','lunch bill collect','Rickshaw',40.00,'2023-11-27 07:24:43','2023-11-27 07:24:43'),(1052,403,'Office','Rupayan City Uttara','Lock  service','Bus',100.00,'2023-11-27 08:58:07','2023-11-27 08:58:07'),(1053,403,'Rupayan City Uttara','office','Lock  service','Bus',100.00,'2023-11-27 08:58:07','2023-11-27 08:58:07'),(1054,404,'Office','Bashundhara','Lock Installation','Rickshaw',100.00,'2023-11-29 04:36:50','2023-11-29 04:36:50'),(1055,404,'bosundhora','office','Lock Installation','Rickshaw',100.00,'2023-11-29 04:36:50','2023-11-29 04:36:50'),(1056,405,'Office','Nikunjo 2','Switch Configure','Bus',20.00,'2023-11-29 07:04:11','2023-11-29 07:04:11'),(1057,405,'Nikunjo 2','Nikunjo 1, Road-3','Switch Configure','Rickshaw',40.00,'2023-11-29 07:04:11','2023-11-29 07:04:11'),(1058,405,'Nikunjo 1, Road-3','Office','Return Office','Bus',20.00,'2023-11-29 07:04:11','2023-11-29 07:04:11'),(1059,406,'Office','Babubazar','100','Bus',0.00,'2023-11-29 08:24:16','2023-11-29 08:24:16'),(1060,406,'Babubazar','office','100','Bus',0.00,'2023-11-29 08:24:16','2023-11-29 08:24:16'),(1061,407,'Office','Babubazar','Glass Collect','Bus',100.00,'2023-11-29 08:25:28','2023-11-29 08:25:28'),(1062,407,'Babubazar','Office','Glass Collect','Bus',100.00,'2023-11-29 08:25:28','2023-11-29 08:25:28'),(1063,408,'Office','Rupayan City Uttara','Lock  service','Bus',70.00,'2023-11-29 08:26:59','2023-11-29 08:26:59'),(1064,408,'Rupayan City Uttara','office','Lo','Bus',0.00,'2023-11-29 08:26:59','2023-11-29 08:26:59'),(1065,409,'Rupayan City Uttara','office','Lock  service','Bus',70.00,'2023-11-29 08:28:17','2023-11-29 08:28:17'),(1066,410,'Office','Dhanmondi','rdelivery','Bus',40.00,'2023-11-29 08:44:04','2023-11-29 08:44:04'),(1067,410,'Dhanmondi','office','rdelivery','Bus',40.00,'2023-11-29 08:44:04','2023-11-29 08:44:04'),(1068,411,'Office','MUGDHA','product collect','Bus',30.00,'2023-11-30 04:37:23','2023-11-30 04:37:23'),(1069,411,'Mugdha','office','product collect','Private Vehicle',500.00,'2023-11-30 04:37:23','2023-11-30 04:37:23'),(1070,412,'Office','Badda','Parcel Booking','Rickshaw',30.00,'2023-11-30 04:38:42','2023-11-30 04:38:42'),(1071,412,'Badda','office','Parcel Booking','Rickshaw',30.00,'2023-11-30 04:38:42','2023-11-30 04:38:42'),(1072,413,'Office','Bashundhara','Switch Service','Rickshaw',70.00,'2023-11-30 04:42:14','2023-11-30 04:42:14'),(1073,413,'Bashundhara','office','Switch Service','Rickshaw',70.00,'2023-11-30 04:42:14','2023-11-30 04:42:14'),(1074,414,'Office','Bashundhara','lock installation','Rickshaw',100.00,'2023-11-30 04:45:25','2023-11-30 04:45:25'),(1075,414,'Bashundhara','office','lock instalation','Pathao',200.00,'2023-11-30 04:45:25','2023-11-30 04:45:25'),(1076,415,'mohakhali','office','bill collect','Bus',20.00,'2023-11-30 06:00:33','2023-11-30 06:00:33'),(1077,415,'Office','mohakhali','bill collect','Bus',20.00,'2023-11-30 06:00:33','2023-11-30 06:00:33'),(1078,416,'Office','uttur badda','product collect','Rickshaw',20.00,'2023-11-30 11:35:00','2023-11-30 11:35:00'),(1079,416,'uttur badda','office','product collect','Rickshaw',20.00,'2023-11-30 11:35:00','2023-11-30 11:35:00'),(1080,416,'Office','uttur badda','switch rdelivery','Bus',10.00,'2023-11-30 11:35:00','2023-11-30 11:35:00'),(1081,416,'uttur badda','office','switch rdelivery','Bus',10.00,'2023-11-30 11:35:00','2023-11-30 11:35:00'),(1082,416,'Office','gulshan2','product collect','Rickshaw',60.00,'2023-11-30 11:35:00','2023-11-30 11:35:00'),(1083,416,'gulshan2','office','product collect','Rickshaw',60.00,'2023-11-30 11:35:00','2023-11-30 11:35:00'),(1084,417,'Office','Uttara','meeting','Private Vehicle',70.00,'2023-12-02 04:20:06','2023-12-02 04:20:06'),(1085,417,'uttara','office','meeting','Private Vehicle',70.00,'2023-12-02 04:20:06','2023-12-02 04:20:06'),(1086,418,'Office','badda','product collect','Bus',10.00,'2023-12-02 04:21:19','2023-12-02 04:21:19'),(1087,418,'badda','office','product collect','Bus',10.00,'2023-12-02 04:21:19','2023-12-02 04:21:19'),(1088,419,'Office','nowabpur','switch rdelivery','Private Vehicle',80.00,'2023-12-02 04:44:17','2023-12-02 04:44:17'),(1089,419,'nowabpur','office','switch rdelivery','Private Vehicle',80.00,'2023-12-02 04:44:17','2023-12-02 04:44:17'),(1090,420,'Mohakhali','Office','Panir filter  cullect','Rickshaw',40.00,'2023-12-02 06:11:57','2023-12-02 06:11:57'),(1091,420,'Office','Mohakhali','Filter cullect','Rickshaw',120.00,'2023-12-02 06:11:57','2023-12-02 06:11:57'),(1092,421,'Office','Bashundhara','Lock Installation','Rickshaw',70.00,'2023-12-02 09:52:16','2023-12-02 09:52:16'),(1093,421,'bosundhora','office','Lock Installation','Rickshaw',80.00,'2023-12-02 09:52:16','2023-12-02 09:52:16'),(1094,422,'Office','kakrail','lock delivery','Pathao',200.00,'2023-12-02 09:53:29','2023-12-02 09:53:29'),(1095,422,'kakrail','office','lock delivery','Bus',20.00,'2023-12-02 09:53:29','2023-12-02 09:53:29'),(1096,423,'Mohakhali','Office','Prodact delivary','Rickshaw',40.00,'2023-12-02 11:42:20','2023-12-02 11:42:20'),(1097,423,'Office','Mohakhali','Prodact','Bus',40.00,'2023-12-02 11:42:20','2023-12-02 11:42:20'),(1098,424,'Office','Palton','Prodact delivary','Bus',80.00,'2023-12-02 11:44:25','2023-12-02 11:44:25'),(1099,424,'Palton','Office','Prodact delivary','Rickshaw',80.00,'2023-12-02 11:44:25','2023-12-02 11:44:25'),(1100,425,'Office','Gulisthan','Collect plastic Material','Bus',30.00,'2023-12-03 04:55:00','2023-12-03 04:55:00'),(1101,425,'Gulisthan','Urdhu Road','Collect plastic Material','Rickshaw',80.00,'2023-12-03 04:55:00','2023-12-03 04:55:00'),(1102,425,'Urdhu Road','nowbabpur','Collect plastic Material','Rickshaw',80.00,'2023-12-03 04:55:00','2023-12-03 04:55:00'),(1103,425,'Nowbabpur','Gulisthan','Mashine Purpose','Rickshaw',50.00,'2023-12-03 04:55:00','2023-12-03 04:55:00'),(1104,425,'Gulisthan','Office','Mashine Purpose','Pathao',250.00,'2023-12-03 04:55:00','2023-12-03 04:55:00'),(1105,426,'Factory','Office','Mashine Mold','Bus',900.00,'2023-12-03 04:56:41','2023-12-03 04:56:41'),(1106,427,'Office','Gulistan','Mashine Mold purpose','Uber',250.00,'2023-12-03 05:01:11','2023-12-03 05:01:11'),(1107,427,'Gulisthan','lalbagh','Mashine Mold purpose','Rickshaw',80.00,'2023-12-03 05:01:11','2023-12-03 05:01:11'),(1108,427,'Lalbag','Nazimuddin Road','Mashine Mold purpose','Rickshaw',60.00,'2023-12-03 05:01:11','2023-12-03 05:01:11'),(1109,427,'Nazimuddin Road','Gulisthan','Mashine Mold purpose','Rickshaw',60.00,'2023-12-03 05:01:11','2023-12-03 05:01:11'),(1110,427,'Gulisthan','office','Mashine Mold purpose','Uber',250.00,'2023-12-03 05:01:11','2023-12-03 05:01:11'),(1111,428,'office','Rancon','Switch install','Rickshaw',110.00,'2023-12-03 05:12:00','2023-12-03 05:12:00'),(1112,428,'Rancon','office','Switch install','Rickshaw',110.00,'2023-12-03 05:12:00','2023-12-03 05:12:00'),(1113,429,'office','Porana Polton','Trademark','Bus',25.00,'2023-12-03 10:58:12','2023-12-03 10:58:12'),(1114,429,'Porana polton','motijheel Trademark Office','Trademark','Rickshaw',40.00,'2023-12-03 10:58:12','2023-12-03 10:58:12'),(1115,429,'Trademark Office','Porana Polton','Trademark','Rickshaw',40.00,'2023-12-03 10:58:12','2023-12-03 10:58:12'),(1116,429,'Porana polton','Office','Trademark','Bus',25.00,'2023-12-03 10:58:12','2023-12-03 10:58:12'),(1117,430,'office','Gulshan-2','Sim Purchase','Rickshaw',60.00,'2023-12-03 11:00:15','2023-12-03 11:00:15'),(1118,430,'Gulshan-2','Office','Sim Purchase','Rickshaw',60.00,'2023-12-03 11:00:15','2023-12-03 11:00:15'),(1119,431,'Office','mohakhali bus stop','Lock Installation','Uber',150.00,'2023-12-04 06:21:47','2023-12-04 06:21:47'),(1120,431,'dhaka','Rajshahi','Lock Installation','Bus',1420.00,'2023-12-04 06:21:47','2023-12-04 06:21:47'),(1121,431,'Rajshahi bus stop','bata bor','Lock Installation','Rickshaw',70.00,'2023-12-04 06:21:47','2023-12-04 06:21:47'),(1122,431,'bata bor','Rajshahi bus stop','Lock Installation','Rickshaw',50.00,'2023-12-04 06:21:47','2023-12-04 06:21:47'),(1123,431,'Rajshahi','dhaka','Lock Installation','Bus',1420.00,'2023-12-04 06:21:47','2023-12-04 06:21:47'),(1124,431,'Gabtoli','office','Lock Installation','Uber',400.00,'2023-12-04 06:21:47','2023-12-04 06:21:47'),(1125,432,'office','Gulshan-2','Sim Purchase','Rickshaw',60.00,'2023-12-04 06:23:18','2023-12-04 06:23:18'),(1126,432,'Gulshan-2','Office','Sim Purchase','Rickshaw',60.00,'2023-12-04 06:23:18','2023-12-04 06:23:18'),(1127,433,'Office','Gulisthan','Mashine Mold','Private Vehicle',250.00,'2023-12-04 06:48:32','2023-12-04 06:48:32'),(1128,433,'Gulisthan','Lalbag','Mashine Mold','Rickshaw',80.00,'2023-12-04 06:48:32','2023-12-04 06:48:32'),(1129,433,'Lalbag','Kholamora','Mashine Mold','Rickshaw',240.00,'2023-12-04 06:48:32','2023-12-04 06:48:32'),(1130,433,'Kholamora','Lalbag','Mashine Mold','Rickshaw',240.00,'2023-12-04 06:48:32','2023-12-04 06:48:32'),(1131,433,'Lalbag','Islambag','Hand Mashine','Rickshaw',60.00,'2023-12-04 06:48:32','2023-12-04 06:48:32'),(1132,433,'Islambag','Gulisthan','Hand Mashine','Rickshaw',90.00,'2023-12-04 06:48:32','2023-12-04 06:48:32'),(1133,433,'Gulisthan','Office','Hand Mashine','Private Vehicle',250.00,'2023-12-04 06:48:32','2023-12-04 06:48:32'),(1134,434,'Office','Polton','Product delivery','Bus',20.00,'2023-12-04 06:49:30','2023-12-04 06:49:30'),(1135,434,'Polton','office','Product delivery','Bus',20.00,'2023-12-04 06:49:30','2023-12-04 06:49:30'),(1136,435,'Office','Gulshan 2','Product product','Rickshaw',60.00,'2023-12-04 07:16:41','2023-12-04 07:16:41'),(1137,435,'Gulshan 2','office','product','Rickshaw',60.00,'2023-12-04 07:16:41','2023-12-04 07:16:41'),(1138,436,'Office','Laptan bazar','product delivery','Bus',40.00,'2023-12-04 10:37:41','2023-12-04 10:37:41'),(1139,436,'Kaptanbazar','office','product delivery','Bus',40.00,'2023-12-04 10:37:41','2023-12-04 10:37:41'),(1140,437,'Office','Gulistan','Mold & ABS','Private Vehicle',250.00,'2023-12-05 04:41:30','2023-12-05 04:41:30'),(1141,437,'Gulisthan','lalbagh','Mold & ABS','Rickshaw',80.00,'2023-12-05 04:41:30','2023-12-05 04:41:30'),(1142,437,'Lalbag','Urdhu Road','ABS Plastic Material','Rickshaw',60.00,'2023-12-05 04:41:30','2023-12-05 04:41:30'),(1143,437,'Urdhu Road','Islambag','Mold Polish Tools','Rickshaw',50.00,'2023-12-05 04:41:30','2023-12-05 04:41:30'),(1144,437,'Islambag','Lalbag','Mold Purchase Contract','Rickshaw',80.00,'2023-12-05 04:41:30','2023-12-05 04:41:30'),(1145,437,'Lalbag','Gulisthan','Mold Purchase Contract','Rickshaw',80.00,'2023-12-05 04:41:30','2023-12-05 04:41:30'),(1146,437,'Gulisthan','Office','Mold Purchase Contract','Private Vehicle',250.00,'2023-12-05 04:41:30','2023-12-05 04:41:30'),(1147,437,'Dhaka','Faridpur','Mr. Sumon','Private Vehicle',500.00,'2023-12-05 04:41:30','2023-12-05 04:41:30'),(1148,438,'Office','asad gate','Product delivery','Bus',80.00,'2023-12-05 12:09:40','2023-12-05 12:09:40'),(1149,438,'asad gate','office','Product delivery','Bus',80.00,'2023-12-05 12:09:40','2023-12-05 12:09:40'),(1150,439,'Office','asad gate','service','Bus',110.00,'2023-12-05 12:11:01','2023-12-05 12:11:01'),(1151,439,'asad gate','office','service','Bus',110.00,'2023-12-05 12:11:01','2023-12-05 12:11:01');
/*!40000 ALTER TABLE `conveyance_items` ENABLE KEYS */;
UNLOCK TABLES;

--
-- Table structure for table `conveyances`
--

DROP TABLE IF EXISTS `conveyances`;
/*!40101 SET @saved_cs_client     = @@character_set_client */;
/*!50503 SET character_set_client = utf8mb4 */;
CREATE TABLE `conveyances` (
  `id` bigint unsigned NOT NULL AUTO_INCREMENT,
  `employee_id` int NOT NULL,
  `user_id` int DEFAULT NULL,
  `s_employee` varchar(255) CHARACTER SET utf8mb4 COLLATE utf8mb4_unicode_ci DEFAULT NULL,
  `date` date NOT NULL,
  `grand_total` int NOT NULL,
  `status` varchar(25) CHARACTER SET utf8mb4 COLLATE utf8mb4_unicode_ci DEFAULT 'Pending',
  `approved_by` varchar(50) CHARACTER SET utf8mb4 COLLATE utf8mb4_unicode_ci DEFAULT NULL,
  `created_at` timestamp NULL DEFAULT NULL,
  `updated_at` timestamp NULL DEFAULT NULL,
  `from_bank_id` int DEFAULT NULL,
  `amount_from` int DEFAULT NULL,
  PRIMARY KEY (`id`)
) ENGINE=InnoDB AUTO_INCREMENT=440 DEFAULT CHARSET=utf8mb4 COLLATE=utf8mb4_unicode_ci;
/*!40101 SET character_set_client = @saved_cs_client */;

--
-- Dumping data for table `conveyances`
--

LOCK TABLES `conveyances` WRITE;
/*!40000 ALTER TABLE `conveyances` DISABLE KEYS */;
INSERT INTO `conveyances` VALUES (12,8,45,NULL,'2023-06-10',140,'Approved','1','2023-06-17 11:11:47','2023-06-17 11:12:47',NULL,NULL),(13,7,1,'Omar','2023-08-07',220,'Approved','1','2023-08-07 11:50:03','2023-08-07 11:50:34',NULL,NULL),(14,7,54,'Bappy','2023-08-07',180,'Approved','54','2023-08-07 14:09:27','2023-08-07 14:09:49',NULL,NULL),(16,7,39,'Omar,Sahedul','2023-08-08',280,'Approved','54','2023-08-08 14:07:16','2023-08-08 14:24:14',NULL,NULL),(17,8,45,NULL,'2023-08-09',140,'Approved','54','2023-08-09 15:59:22','2023-08-10 11:42:15',NULL,NULL),(18,19,44,NULL,'2023-08-12',100,'Approved','54','2023-08-12 15:33:10','2023-08-13 12:43:33',NULL,NULL),(21,8,45,NULL,'2023-08-12',120,'Approved','54','2023-08-12 15:56:07','2023-08-19 16:42:41',NULL,NULL),(22,19,44,NULL,'2023-08-12',160,'Approved','54','2023-08-13 09:54:16','2023-08-13 12:43:40',NULL,NULL),(23,19,44,'Rakib , zhintu ,','2023-08-13',300,'Approved','54','2023-08-16 10:05:03','2023-08-19 12:06:56',NULL,NULL),(28,8,45,NULL,'2023-08-16',210,'Approved','54','2023-08-16 12:06:09','2023-08-19 16:42:54',NULL,NULL),(30,7,39,'omar','2023-08-17',350,'Approved','54','2023-08-17 10:36:57','2023-11-01 07:11:58',8,350),(32,7,39,'omar','2023-08-17',0,'Pending',NULL,'2023-08-17 10:37:34','2023-08-30 05:56:24',NULL,NULL),(33,24,41,NULL,'2023-08-17',60,'Approved','54','2023-08-17 10:47:15','2023-08-17 12:08:14',NULL,NULL),(34,24,41,NULL,'2023-08-17',60,'Approved','54','2023-08-17 12:24:02','2023-08-19 15:18:43',NULL,NULL),(35,9,42,'Aiman','2023-08-13',260,'Approved','54','2023-08-17 15:16:59','2023-08-17 15:33:38',NULL,NULL),(36,24,41,NULL,'2023-08-19',60,'Approved','54','2023-08-19 15:09:29','2023-08-19 15:18:38',NULL,NULL),(37,8,45,NULL,'2023-08-19',140,'Approved','54','2023-08-19 15:52:15','2023-08-19 16:42:46',NULL,NULL),(38,29,52,NULL,'2023-08-19',180,'Approved','54','2023-08-19 16:12:46','2023-08-19 16:41:01',NULL,NULL),(39,24,41,NULL,'2023-08-20',160,'Approved','54','2023-08-20 15:49:00','2023-08-20 15:51:25',NULL,NULL),(40,32,52,NULL,'2023-08-19',400,'Approved','54','2023-08-20 16:06:42','2023-08-20 16:19:01',NULL,NULL),(41,32,52,NULL,'2023-08-17',360,'Approved','54','2023-08-20 16:08:03','2023-08-20 16:18:57',NULL,NULL),(42,15,52,NULL,'2023-08-20',220,'Approved','54','2023-08-20 16:10:06','2023-08-20 16:18:54',NULL,NULL),(44,19,44,NULL,'2023-08-21',170,'Approved','54','2023-08-21 12:34:15','2023-08-30 05:16:10',NULL,NULL),(45,24,41,NULL,'2023-08-21',60,'Approved','54','2023-08-21 14:46:11','2023-08-26 14:18:31',NULL,NULL),(46,7,39,'omar','2023-08-21',360,'Approved','54','2023-08-21 15:09:29','2023-08-22 09:23:21',NULL,NULL),(48,19,44,NULL,'2023-08-21',120,'Approved','54','2023-08-21 15:40:22','2023-08-22 09:23:30',NULL,NULL),(49,19,44,NULL,'2023-08-22',120,'Approved','54','2023-08-22 12:29:52','2023-08-30 05:15:56',NULL,NULL),(50,29,52,NULL,'2023-08-21',40,'Approved','54','2023-08-22 16:45:04','2023-08-30 06:17:12',NULL,NULL),(51,29,52,'Bappi','2023-08-22',70,'Approved','54','2023-08-22 16:46:53','2023-08-30 06:17:01',NULL,NULL),(52,9,42,NULL,'2023-08-22',220,'Approved','54','2023-08-23 09:43:49','2023-09-03 08:52:07',NULL,NULL),(53,7,39,'sahedul','2023-08-22',180,'Approved','54','2023-08-23 11:02:46','2023-08-26 14:16:17',NULL,NULL),(54,15,52,NULL,'2023-08-22',300,'Pending',NULL,'2023-08-23 11:42:49',NULL,NULL,NULL),(55,9,42,'Jhintu,Aiman And Biplob 3 supporting personel','2023-08-23',380,'Approved','54','2023-08-23 15:19:23','2023-09-03 08:52:14',NULL,NULL),(56,24,41,NULL,'2023-08-23',120,'Approved','54','2023-08-24 09:43:24','2023-08-26 14:17:00',NULL,NULL),(57,7,39,'omar','2023-08-24',250,'Approved','54','2023-08-24 15:52:31','2023-08-30 06:01:48',NULL,NULL),(58,24,41,NULL,'2023-08-24',150,'Approved','54','2023-08-24 16:24:34','2023-08-26 14:18:58',NULL,NULL),(59,15,52,'Dibakor Sen','2023-08-23',110,'Approved','54','2023-08-26 10:32:07','2023-08-30 05:13:37',NULL,NULL),(60,15,52,'Dibakor Sen','2023-08-24',220,'Approved','54','2023-08-26 10:34:26','2023-08-30 05:13:46',NULL,NULL),(61,29,52,'Joyanto','2023-08-23',60,'Approved','54','2023-08-26 10:37:07','2023-08-30 06:15:46',NULL,NULL),(62,32,52,'Manik','2023-08-23',40,'Approved','54','2023-08-26 10:38:47','2023-08-30 05:18:13',NULL,NULL),(63,20,52,NULL,'2023-08-23',120,'Approved','54','2023-08-26 10:40:19','2023-08-30 06:13:46',NULL,NULL),(64,20,52,NULL,'2023-08-23',120,'Approved','54','2023-08-26 10:40:19','2023-08-30 06:13:25',NULL,NULL),(65,24,41,NULL,'2023-08-26',160,'Approved','54','2023-08-26 12:34:33','2023-09-05 04:31:29',NULL,NULL),(66,8,45,NULL,'2023-08-26',140,'Approved','54','2023-08-26 15:58:31','2023-08-30 05:24:50',NULL,NULL),(67,7,39,'omar','2023-08-26',280,'Approved','54','2023-08-27 10:03:53','2023-08-30 06:01:42',NULL,NULL),(68,19,44,NULL,'2023-08-27',200,'Approved','54','2023-08-27 15:54:58','2023-08-30 05:37:23',NULL,NULL),(69,8,45,NULL,'2023-08-27',110,'Approved','54','2023-08-28 09:29:37','2023-08-30 05:25:18',NULL,NULL),(70,9,42,'Joyanto,Manik and Aiman','2023-08-27',470,'Approved','54','2023-08-28 09:51:01','2023-09-03 08:52:19',NULL,NULL),(71,24,41,NULL,'2023-08-27',160,'Approved','54','2023-08-28 10:30:21','2023-09-05 04:31:38',NULL,NULL),(72,8,45,NULL,'2023-08-28',120,'Approved','54','2023-08-29 04:47:49','2023-08-30 05:25:13',NULL,NULL),(73,19,44,NULL,'2023-08-29',120,'Approved','54','2023-08-29 07:16:03','2023-08-30 05:37:17',NULL,NULL),(74,7,39,'Omar','2023-08-28',230,'Approved','54','2023-08-29 07:17:52','2023-08-30 06:00:38',NULL,NULL),(75,8,45,NULL,'2023-08-29',30,'Approved','54','2023-08-30 04:27:37','2023-08-30 05:25:02',NULL,NULL),(76,14,52,NULL,'2023-08-26',180,'Approved','54','2023-08-30 04:40:36','2023-08-30 05:20:16',NULL,NULL),(77,14,52,NULL,'2023-08-24',460,'Approved','54','2023-08-30 04:42:28','2023-08-30 05:19:38',NULL,NULL),(78,24,41,NULL,'2023-08-28',150,'Approved','54','2023-08-30 04:42:34','2023-09-05 04:31:46',NULL,NULL),(79,14,52,'Shajib (Carpenter)','2023-08-29',280,'Approved','54','2023-08-30 04:44:46','2023-08-30 05:20:00',NULL,NULL),(80,24,41,NULL,'2023-08-29',130,'Approved','54','2023-08-30 04:49:27','2023-09-19 11:15:00',NULL,NULL),(81,14,52,NULL,'2023-08-29',80,'Approved','54','2023-08-30 04:50:38','2023-08-30 05:20:08',NULL,NULL),(82,7,39,'Akash','2023-08-30',230,'Approved','54','2023-08-30 04:51:22','2023-08-30 06:00:32',NULL,NULL),(83,20,52,NULL,'2023-08-28',410,'Approved','54','2023-08-30 04:52:51','2023-08-30 06:13:17',NULL,NULL),(84,15,52,'Dibakor','2023-08-26',220,'Approved','54','2023-08-30 04:55:53','2023-08-30 05:13:18',NULL,NULL),(85,29,52,'Bappi, Zhintu','2023-08-28',300,'Approved','54','2023-08-30 04:59:10','2023-08-30 05:10:04',NULL,NULL),(86,29,52,'Rakib, Zhintu, DIbakor','2023-08-27',440,'Approved','54','2023-08-30 05:06:03','2023-08-30 05:25:37',NULL,NULL),(87,26,52,NULL,'2023-08-26',200,'Approved','54','2023-08-30 05:30:16','2023-08-30 06:01:54',NULL,NULL),(88,20,54,NULL,'2023-08-30',120,'Approved','54','2023-08-30 06:11:53','2023-08-30 06:13:14',NULL,NULL),(89,7,39,'Abrar','2023-08-30',200,'Approved','54','2023-08-30 11:32:36','2023-10-03 11:43:49',NULL,NULL),(90,8,45,NULL,'2023-08-30',210,'Approved','54','2023-08-31 04:42:12','2023-09-03 11:36:29',NULL,NULL),(91,15,52,NULL,'2023-08-31',80,'Approved','54','2023-08-31 04:46:49','2023-09-07 13:09:38',NULL,NULL),(92,32,52,NULL,'2023-08-30',110,'Approved','54','2023-08-31 04:47:49','2023-08-31 04:53:23',NULL,NULL),(93,32,52,NULL,'2023-08-30',0,'Approved','54','2023-08-31 04:49:45','2023-08-31 04:53:21',NULL,NULL),(94,19,44,NULL,'2023-08-30',120,'Approved','54','2023-08-31 06:38:41','2023-09-03 09:11:39',NULL,NULL),(95,9,42,'Akash','2023-08-31',350,'Approved','54','2023-08-31 11:26:50','2023-09-16 11:26:24',NULL,NULL),(96,24,41,NULL,'2023-08-31',60,'Approved','54','2023-08-31 11:30:59','2023-09-19 11:14:56',NULL,NULL),(97,8,45,NULL,'2023-08-31',130,'Approved','54','2023-09-02 04:49:39','2023-09-03 11:37:04',NULL,NULL),(98,19,44,'zintu','2023-09-02',340,'Approved','54','2023-09-02 09:09:52','2023-09-03 09:11:34',NULL,NULL),(99,19,44,NULL,'2023-09-02',120,'Approved','54','2023-09-02 09:11:29','2023-09-03 09:11:18',NULL,NULL),(100,8,45,NULL,'2023-09-02',120,'Approved','54','2023-09-02 11:42:14','2023-09-03 11:36:31',NULL,NULL),(101,9,42,'Jhintu , Joyanto,Aiman','2023-09-03',370,'Approved','54','2023-09-03 08:17:54','2023-09-03 11:36:33',NULL,NULL),(102,7,39,'omar','2023-09-03',220,'Approved','54','2023-09-04 05:34:18','2023-10-03 11:43:58',NULL,NULL),(103,19,44,NULL,'2023-09-04',240,'Approved','54','2023-09-04 11:25:04','2023-09-05 08:55:28',NULL,NULL),(104,24,41,NULL,'2023-09-04',60,'Approved','54','2023-09-05 04:42:04','2023-09-19 11:14:52',NULL,NULL),(105,19,44,'MD Noman','2023-09-05',190,'Approved','54','2023-09-05 08:50:07','2023-09-05 08:55:23',NULL,NULL),(106,17,46,NULL,'2023-04-09',20,'Approved','54','2023-09-05 09:07:13','2023-09-05 09:40:40',NULL,NULL),(107,17,46,NULL,'2023-05-09',140,'Approved','54','2023-09-05 09:12:41','2023-09-05 09:40:36',NULL,NULL),(108,7,39,'sahedul','2023-09-05',130,'Approved','54','2023-09-07 04:25:29','2023-10-03 11:44:05',NULL,NULL),(109,8,45,NULL,'2023-09-05',130,'Approved','54','2023-09-07 05:30:31','2023-09-12 04:49:21',NULL,NULL),(110,20,52,'Zhintu','2023-09-04',100,'Approved','54','2023-09-07 06:00:50','2023-09-07 13:37:01',NULL,NULL),(111,21,52,NULL,'2023-09-04',480,'Pending',NULL,'2023-09-07 06:06:20',NULL,NULL,NULL),(112,15,52,NULL,'2023-08-31',80,'Approved','54','2023-09-07 06:07:52','2023-09-07 13:09:13',NULL,NULL),(113,32,52,NULL,'2023-08-31',110,'Approved','54','2023-09-07 06:08:41','2023-10-03 11:47:38',NULL,NULL),(114,32,52,NULL,'2023-08-31',110,'Pending',NULL,'2023-09-07 06:09:39',NULL,NULL,NULL),(115,20,52,NULL,'2023-09-03',120,'Approved','54','2023-09-07 06:12:45','2023-09-07 13:36:50',NULL,NULL),(116,16,52,NULL,'2023-09-04',140,'Pending',NULL,'2023-09-07 06:22:13',NULL,NULL,NULL),(117,16,52,'Dibakor','2023-09-02',40,'Pending',NULL,'2023-09-07 06:28:00',NULL,NULL,NULL),(118,16,52,NULL,'2023-09-03',20,'Pending',NULL,'2023-09-07 06:30:32',NULL,NULL,NULL),(119,16,52,NULL,'2023-09-03',180,'Pending',NULL,'2023-09-07 06:37:39',NULL,NULL,NULL),(120,15,52,'Dibakor','2023-09-03',120,'Approved','54','2023-09-07 06:58:29','2023-09-07 13:09:48',NULL,NULL),(121,19,44,NULL,'2023-09-07',60,'Approved','54','2023-09-07 11:17:40','2023-09-07 13:11:58',NULL,NULL),(122,19,44,'MD Asraful','2023-09-07',260,'Approved','54','2023-09-07 11:22:29','2023-09-07 13:11:55',NULL,NULL),(123,15,44,'Noman+Jayanto','2023-09-07',320,'Approved','54','2023-09-07 13:08:02','2023-09-07 13:10:36',NULL,NULL),(124,20,54,'Debakor','2023-09-07',640,'Approved','54','2023-09-07 13:40:24','2023-09-07 13:43:05',NULL,NULL),(125,14,54,NULL,'2023-09-07',320,'Approved','54','2023-09-07 14:40:47','2023-09-07 14:41:22',NULL,NULL),(126,15,44,'Dibakor Baral','2023-05-09',180,'Pending',NULL,'2023-09-09 06:49:06',NULL,NULL,NULL),(127,20,44,NULL,'2023-09-09',80,'Approved','54','2023-09-09 06:53:02','2023-09-10 11:36:36',NULL,NULL),(128,7,39,'omar','2023-09-07',350,'Approved','54','2023-09-09 07:18:43','2023-10-03 11:43:36',NULL,NULL),(129,9,42,'Jhintu','2023-09-09',240,'Approved','54','2023-09-09 11:35:07','2023-09-16 11:26:06',NULL,NULL),(130,7,39,'Joyonto','2023-09-09',320,'Approved','54','2023-09-09 11:44:47','2023-10-03 11:43:25',NULL,NULL),(131,19,44,'Zhinto','2023-09-09',4130,'Approved','54','2023-09-10 04:38:24','2023-09-10 12:08:01',NULL,NULL),(132,19,44,NULL,'2023-09-09',80,'Approved','54','2023-09-10 04:39:42','2023-09-10 12:08:56',NULL,NULL),(133,20,54,NULL,'2023-09-09',90,'Approved','54','2023-09-10 05:26:59','2023-09-10 11:36:47',NULL,NULL),(134,20,54,NULL,'2023-09-09',120,'Approved','54','2023-09-10 05:28:17','2023-09-10 11:36:42',NULL,NULL),(135,24,41,'Azizul haq shihab','2023-09-07',120,'Approved','54','2023-09-10 06:52:52','2023-09-19 11:14:47',NULL,NULL),(136,24,41,'Aziz Shihab','2023-09-10',120,'Approved','54','2023-09-10 06:56:30','2023-09-19 11:14:38',NULL,NULL),(137,24,41,'Shihab','2023-09-09',180,'Approved','54','2023-09-10 06:58:27','2023-09-19 11:14:34',NULL,NULL),(138,20,44,NULL,'2023-09-10',120,'Approved','54','2023-09-10 10:57:36','2023-09-10 11:36:25',NULL,NULL),(139,20,44,NULL,'2023-09-10',100,'Approved','54','2023-09-10 10:58:31','2023-09-10 11:36:11',NULL,NULL),(140,8,45,NULL,'2023-09-11',140,'Approved','54','2023-09-11 11:05:19','2023-09-12 04:49:04',NULL,NULL),(141,15,54,'Dibakor','2023-09-09',20,'Approved','54','2023-09-12 05:12:39','2023-09-12 05:17:03',NULL,NULL),(142,15,54,'Debakor','2023-09-05',180,'Approved','54','2023-09-12 05:13:42','2023-09-12 05:17:01',NULL,NULL),(143,7,39,'omor','2023-09-10',210,'Approved','54','2023-09-12 06:08:40','2023-10-03 11:43:11',NULL,NULL),(144,17,46,NULL,'2023-12-09',60,'Approved','54','2023-09-12 08:02:58','2023-09-14 07:01:44',NULL,NULL),(145,19,44,NULL,'2023-09-12',140,'Approved','54','2023-09-12 09:38:51','2023-09-13 08:05:45',NULL,NULL),(146,8,45,NULL,'2023-09-12',80,'Approved','54','2023-09-13 04:53:28','2023-09-20 06:19:09',NULL,NULL),(147,19,44,NULL,'2023-09-13',200,'Approved','54','2023-09-13 07:56:33','2023-09-13 08:05:37',NULL,NULL),(148,17,46,NULL,'2023-12-09',30,'Approved','54','2023-09-13 08:17:53','2023-09-14 07:01:37',NULL,NULL),(149,15,44,NULL,'2023-09-13',80,'Approved','54','2023-09-13 08:36:34','2023-10-04 07:48:34',NULL,NULL),(151,20,44,NULL,'2023-09-13',80,'Approved','54','2023-09-13 08:39:21','2023-09-16 08:38:16',NULL,NULL),(152,20,44,NULL,'2023-09-12',200,'Approved','54','2023-09-13 08:40:30','2023-09-16 08:38:09',NULL,NULL),(153,14,44,NULL,'2023-09-13',140,'Approved','54','2023-09-13 08:45:44','2023-09-16 08:35:13',NULL,NULL),(154,14,44,NULL,'2023-09-09',120,'Approved','54','2023-09-13 08:46:54','2023-09-16 08:35:09',NULL,NULL),(155,14,44,NULL,'2023-09-07',120,'Approved','54','2023-09-13 08:48:47','2023-09-16 08:35:05',NULL,NULL),(156,14,44,NULL,'2023-09-08',160,'Approved','54','2023-09-13 08:50:25','2023-09-16 08:35:00',NULL,NULL),(157,20,44,'noman','2023-09-13',140,'Approved','54','2023-09-14 05:54:42','2023-09-16 08:38:34',NULL,NULL),(158,14,44,NULL,'2023-09-13',240,'Approved','54','2023-09-14 05:55:44','2023-09-16 08:34:56',NULL,NULL),(159,8,45,NULL,'2023-09-14',160,'Approved','54','2023-09-16 04:33:24','2023-09-20 06:19:22',NULL,NULL),(160,15,44,'Dibakor','2023-09-14',180,'Approved','54','2023-09-16 04:53:37','2023-10-04 07:49:19',NULL,NULL),(161,14,54,NULL,'2023-09-14',120,'Approved','54','2023-09-16 08:34:14','2023-09-16 08:34:49',NULL,NULL),(162,9,42,'Adib With Sample box Switches.','2023-09-16',260,'Approved','54','2023-09-16 09:33:16','2023-09-16 11:26:01',NULL,NULL),(163,24,41,NULL,'2023-09-14',90,'Approved','54','2023-09-16 09:56:31','2023-09-19 11:14:29',NULL,NULL),(164,8,45,NULL,'2023-09-16',30,'Approved','54','2023-09-17 04:35:14','2023-09-20 06:20:11',NULL,NULL),(165,15,44,NULL,'2023-09-17',220,'Approved','54','2023-09-17 09:42:42','2023-10-04 07:49:13',NULL,NULL),(166,8,45,NULL,'2023-09-17',140,'Approved','54','2023-09-18 04:42:39','2023-09-20 06:20:05',NULL,NULL),(167,17,46,'Abrarul Haque','2023-12-09',60,'Approved','54','2023-09-18 05:19:19','2023-10-15 06:32:01',NULL,NULL),(168,34,46,'Md.Adibul islam','2023-09-18',260,'Approved','54','2023-09-18 06:04:43','2023-10-03 11:51:40',NULL,NULL),(169,19,44,NULL,'2023-09-19',120,'Approved','54','2023-09-19 09:54:49','2023-10-03 11:56:58',NULL,NULL),(170,14,44,NULL,'2023-09-17',240,'Approved','54','2023-09-19 09:56:13','2023-09-19 10:29:08',NULL,NULL),(171,20,44,NULL,'2023-09-16',120,'Approved','54','2023-09-19 09:56:59','2023-09-26 05:58:27',NULL,NULL),(172,24,41,NULL,'2023-09-20',60,'Approved','54','2023-09-20 05:24:57','2023-10-03 11:51:03',NULL,NULL),(173,8,45,NULL,'2023-09-19',80,'Approved','54','2023-09-20 06:16:56','2023-09-20 06:19:53',NULL,NULL),(174,7,39,'Akash','2023-09-17',330,'Approved','54','2023-09-20 10:30:08','2023-10-03 11:43:03',NULL,NULL),(175,7,39,'Akash','2023-09-17',330,'Approved','54','2023-09-20 10:30:08','2023-10-03 11:42:47',NULL,NULL),(176,24,41,NULL,'2023-09-20',150,'Approved','54','2023-09-20 11:46:05','2023-10-03 11:50:58',NULL,NULL),(177,15,44,'Dibakor','2023-09-20',150,'Approved','54','2023-09-21 04:32:04','2023-10-04 07:49:09',NULL,NULL),(178,8,45,NULL,'2023-09-20',210,'Approved','54','2023-09-21 07:01:28','2023-09-26 05:54:46',NULL,NULL),(179,19,44,'shagor','2023-09-21',200,'Approved','54','2023-09-23 05:33:49','2023-09-25 05:30:50',NULL,NULL),(180,7,39,'omor','2023-09-21',310,'Approved','54','2023-09-23 07:05:59','2023-10-03 11:42:40',NULL,NULL),(181,8,45,NULL,'2023-09-23',40,'Approved','54','2023-09-24 04:45:21','2023-09-26 05:55:08',NULL,NULL),(182,7,39,'omor,sohel -(rancon )','2023-09-24',350,'Approved','54','2023-09-24 07:18:04','2023-10-03 11:42:35',NULL,NULL),(183,8,45,NULL,'2023-09-24',80,'Approved','54','2023-09-24 10:44:41','2023-09-26 05:55:36',NULL,NULL),(184,15,44,NULL,'2023-09-23',220,'Approved','54','2023-09-24 10:50:59','2023-09-26 06:02:27',NULL,NULL),(185,16,44,'manik and noman','2023-09-24',90,'Approved','54','2023-09-25 05:15:14','2023-09-25 05:19:23',NULL,NULL),(186,29,44,'Bappy','2023-09-24',90,'Approved','54','2023-09-25 05:23:09','2023-09-25 05:30:40',NULL,NULL),(187,9,42,NULL,'2023-09-24',200,'Approved','54','2023-09-25 05:25:41','2023-10-03 11:41:07',NULL,NULL),(188,24,41,NULL,'2023-09-21',80,'Approved','54','2023-09-25 06:03:54','2023-10-03 11:50:54',NULL,NULL),(189,34,46,'Adibul islam','2023-09-25',120,'Approved','54','2023-09-25 08:25:35','2023-10-03 11:51:53',NULL,NULL),(190,33,46,NULL,'2023-09-25',240,'Pending',NULL,'2023-09-25 08:29:58',NULL,NULL,NULL),(191,15,46,'Noman','2023-09-25',220,'Approved','54','2023-09-25 10:46:20','2023-09-26 06:02:07',NULL,NULL),(192,19,44,'Sagor','2023-09-25',60,'Approved','54','2023-09-25 10:46:29','2023-10-03 11:56:52',NULL,NULL),(193,20,46,NULL,'2023-09-24',220,'Approved','54','2023-09-25 10:47:57','2023-09-26 05:57:48',NULL,NULL),(194,20,46,NULL,'2023-09-25',120,'Approved','54','2023-09-25 10:49:12','2023-09-26 05:57:42',NULL,NULL),(195,14,44,NULL,'2023-09-25',210,'Approved','54','2023-09-26 06:11:08','2023-09-26 06:14:12',NULL,NULL),(196,24,41,NULL,'2023-09-25',120,'Approved','54','2023-09-26 06:12:49','2023-10-03 11:50:44',NULL,NULL),(197,7,39,'buppy,rafsan','2023-09-26',230,'Approved','54','2023-09-27 05:19:21','2023-10-03 11:42:30',NULL,NULL),(198,15,44,NULL,'2023-09-26',200,'Approved','54','2023-09-27 10:31:44','2023-10-04 07:48:57',NULL,NULL),(199,15,44,NULL,'2023-09-27',120,'Approved','54','2023-09-27 10:32:35','2023-10-04 07:48:52',NULL,NULL),(200,17,46,'Sadman Hossain Raadh','2023-09-27',120,'Pending',NULL,'2023-09-30 05:53:30',NULL,NULL,NULL),(201,17,46,NULL,'2023-09-30',20,'Pending',NULL,'2023-09-30 07:43:06',NULL,NULL,NULL),(202,20,44,NULL,'2023-09-27',120,'Pending',NULL,'2023-09-30 11:26:11',NULL,NULL,NULL),(203,20,44,NULL,'2023-09-27',120,'Approved','54','2023-09-30 11:28:11','2023-10-14 07:17:50',NULL,NULL),(204,14,44,NULL,'2023-09-24',120,'Approved','54','2023-09-30 11:29:48','2023-10-15 06:24:23',NULL,NULL),(205,8,45,NULL,'2023-09-26',140,'Approved','54','2023-10-01 04:56:13','2023-10-03 12:00:52',NULL,NULL),(206,19,44,NULL,'2023-09-30',120,'Approved','54','2023-10-01 05:05:10','2023-10-03 11:56:47',NULL,NULL),(207,19,44,NULL,'2023-10-01',120,'Approved','54','2023-10-01 08:30:09','2023-10-03 11:56:43',NULL,NULL),(208,20,44,NULL,'2023-10-01',40,'Approved','54','2023-10-01 10:29:04','2023-10-14 07:17:44',NULL,NULL),(209,17,46,'Sadman Hossain Radh','2023-10-01',60,'Approved','54','2023-10-01 11:07:04','2023-10-07 06:13:48',NULL,NULL),(210,14,44,NULL,'2023-10-01',80,'Approved','54','2023-10-02 06:22:07','2023-10-15 06:24:16',NULL,NULL),(211,14,44,NULL,'2023-10-01',20,'Approved','54','2023-10-02 06:23:29','2023-10-15 06:24:10',NULL,NULL),(212,7,39,'joyonto','2023-10-01',140,'Approved','54','2023-10-02 07:26:55','2023-10-03 11:42:25',NULL,NULL),(213,7,39,'Omor','2023-10-01',340,'Approved','54','2023-10-02 07:28:32','2023-10-03 11:42:21',NULL,NULL),(214,7,39,'sakhawat','2023-10-02',160,'Approved','54','2023-10-02 09:34:33','2023-10-03 11:42:17',NULL,NULL),(215,24,41,'Dibakor','2023-10-02',120,'Approved','54','2023-10-02 09:40:26','2023-10-03 11:50:40',NULL,NULL),(216,34,46,NULL,'2023-10-02',60,'Approved','54','2023-10-02 11:59:07','2023-10-03 11:51:49',NULL,NULL),(217,8,45,NULL,'2023-10-02',40,'Approved','54','2023-10-03 04:27:31','2023-10-03 12:00:48',NULL,NULL),(218,29,46,'Bappy','2023-10-02',100,'Approved','54','2023-10-03 06:08:14','2023-10-03 11:56:38',NULL,NULL),(219,19,44,'manik and  shagor','2023-10-03',260,'Approved','54','2023-10-03 09:50:46','2023-10-03 11:56:33',NULL,NULL),(220,24,41,'Azizul haq shihab','2023-10-03',120,'Approved','54','2023-10-03 11:02:18','2023-10-03 11:50:35',NULL,NULL),(221,7,39,'omor','2023-10-03',260,'Approved','54','2023-10-03 11:07:35','2023-10-03 11:42:12',NULL,NULL),(222,29,44,NULL,'2023-10-03',90,'Approved','54','2023-10-03 11:32:09','2023-10-03 12:25:43',NULL,NULL),(223,32,44,'dhibakor','2023-10-01',200,'Approved','54','2023-10-03 11:35:32','2023-10-03 11:47:31',NULL,NULL),(224,32,44,NULL,'2023-10-03',250,'Approved','54','2023-10-03 11:36:57','2023-10-03 11:47:25',NULL,NULL),(225,29,54,NULL,'2023-10-03',180,'Approved','54','2023-10-03 12:27:00','2023-10-03 12:27:09',NULL,NULL),(226,21,44,NULL,'2023-10-04',40,'Pending',NULL,'2023-10-04 06:48:59',NULL,NULL,NULL),(227,21,44,NULL,'2023-10-04',140,'Pending',NULL,'2023-10-04 06:50:02',NULL,NULL,NULL),(228,34,58,'Md Adibul Islam','2023-10-04',120,'Pending',NULL,'2023-10-04 08:15:46',NULL,NULL,NULL),(229,34,58,NULL,'2023-09-20',60,'Approved','54','2023-10-04 08:18:18','2023-10-05 12:34:28',NULL,NULL),(230,34,58,NULL,'2023-10-01',60,'Approved','54','2023-10-04 08:19:44','2023-10-05 12:34:32',NULL,NULL),(231,19,44,'zintu & manik','2023-10-04',150,'Approved','54','2023-10-05 05:38:05','2023-10-08 06:07:42',NULL,NULL),(232,34,58,'rakib','2023-05-10',400,'Approved','54','2023-10-05 12:30:41','2023-10-05 12:36:11',NULL,NULL),(233,19,44,NULL,'2023-10-05',100,'Approved','54','2023-10-07 06:36:36','2023-10-08 06:07:36',NULL,NULL),(234,19,44,NULL,'2023-10-05',60,'Approved','54','2023-10-07 06:38:18','2023-10-08 06:07:30',NULL,NULL),(235,14,44,'dibakor and noman','2023-10-05',180,'Approved','54','2023-10-07 06:40:15','2023-10-15 06:24:04',NULL,NULL),(236,15,44,NULL,'2023-10-05',270,'Approved','54','2023-10-07 06:44:30','2023-10-15 06:03:55',NULL,NULL),(237,29,44,'motiur','2023-10-04',3020,'Approved','54','2023-10-08 04:07:40','2023-10-09 05:58:44',NULL,NULL),(238,29,44,'Bappy and Motiur','2023-10-07',1100,'Approved','54','2023-10-08 04:11:38','2023-10-09 05:58:35',NULL,NULL),(239,19,44,NULL,'2023-10-07',20,'Approved','54','2023-10-08 04:22:11','2023-10-08 06:07:23',NULL,NULL),(240,21,44,'zintu dibakor','2023-10-07',60,'Approved','54','2023-10-08 05:51:00','2023-10-15 06:06:52',NULL,NULL),(242,29,44,NULL,'2023-10-08',150,'Approved','54','2023-10-09 05:09:26','2023-10-09 05:58:31',NULL,NULL),(243,15,50,'Noman, Dibakar, Sagor','2023-10-08',80,'Approved','54','2023-10-10 05:02:32','2023-10-15 06:03:50',NULL,NULL),(244,15,50,'Noman, Manik, Rakib','2023-10-10',60,'Approved','54','2023-10-10 05:03:37','2023-10-15 06:03:43',NULL,NULL),(245,20,44,NULL,'2023-10-10',80,'Approved','54','2023-10-10 06:22:17','2023-10-14 07:17:35',NULL,NULL),(246,14,44,NULL,'2023-10-08',440,'Approved','54','2023-10-10 06:23:38','2023-10-15 06:24:00',NULL,NULL),(247,19,44,'dibakor and motiur','2023-10-09',45,'Approved','54','2023-10-10 08:32:39','2023-10-11 05:07:48',NULL,NULL),(248,20,44,'block  j','2023-10-10',240,'Approved','54','2023-10-10 14:51:00','2023-10-14 07:17:28',NULL,NULL),(249,19,44,'manik noman dibakor zintu motiur','2023-10-10',170,'Approved','54','2023-10-11 04:50:48','2023-10-11 05:07:36',NULL,NULL),(250,17,46,'Sadman Hossain Raadh','2023-10-11',60,'Pending',NULL,'2023-10-11 08:58:27',NULL,NULL,NULL),(251,20,44,NULL,'2023-10-11',350,'Approved','54','2023-10-11 14:40:48','2023-10-14 07:17:16',NULL,NULL),(252,32,44,'Mr. Noman,  Dibakor &  Dibakor','2023-10-11',190,'Approved','54','2023-10-12 04:17:05','2023-10-12 05:31:33',NULL,NULL),(253,14,44,NULL,'2023-10-11',170,'Approved','54','2023-10-12 05:12:24','2023-10-15 06:23:55',NULL,NULL),(254,32,44,'Noman, Rakib, Dibakor','2023-10-12',240,'Approved','54','2023-10-14 05:06:32','2023-10-14 06:24:54',NULL,NULL),(255,17,46,NULL,'2023-10-13',200,'Pending',NULL,'2023-10-14 06:00:31',NULL,NULL,NULL),(256,20,44,NULL,'2023-10-12',60,'Approved','54','2023-10-14 06:45:02','2023-10-14 07:17:11',NULL,NULL),(257,20,44,NULL,'2023-10-14',80,'Approved','54','2023-10-14 06:46:08','2023-10-14 07:17:05',NULL,NULL),(258,13,52,'Rufsan Rean','2023-10-12',180,'Pending',NULL,'2023-10-14 09:24:20',NULL,NULL,NULL),(259,15,46,NULL,'2023-10-14',160,'Approved','54','2023-10-14 11:05:20','2023-10-15 06:03:36',NULL,NULL),(260,29,44,NULL,'2023-10-14',330,'Approved','54','2023-10-14 12:56:01','2023-10-15 06:24:41',NULL,NULL),(261,20,44,NULL,'2023-10-14',220,'Approved','54','2023-10-15 04:26:41','2023-10-15 06:24:34',NULL,NULL),(262,14,44,NULL,'2023-10-13',180,'Approved','54','2023-10-15 05:07:30','2023-10-15 06:23:50',NULL,NULL),(263,14,44,NULL,'2023-10-12',240,'Approved','54','2023-10-15 05:08:56','2023-10-15 06:23:45',NULL,NULL),(264,21,44,'Dibakor','2023-10-14',120,'Approved','54','2023-10-15 06:04:16','2023-10-15 06:07:06',NULL,NULL),(265,21,44,'Dibakor','2023-10-14',80,'Approved','54','2023-10-15 06:05:11','2023-10-15 06:07:03',NULL,NULL),(266,32,44,'noman dibakor','2023-10-14',150,'Approved','54','2023-10-15 06:19:48','2023-10-15 06:24:27',NULL,NULL),(267,19,44,'zintu','2023-10-12',4250,'Approved','54','2023-10-16 04:35:23','2023-10-16 06:23:45',NULL,NULL),(268,19,44,NULL,'2023-10-15',60,'Approved','54','2023-10-16 05:01:42','2023-10-18 10:18:46',NULL,NULL),(269,32,56,'Noman Manik','2023-10-15',130,'Approved','54','2023-10-16 05:20:54','2023-10-16 05:29:23',NULL,NULL),(270,17,46,NULL,'2023-10-14',120,'Pending',NULL,'2023-10-16 07:25:38',NULL,NULL,NULL),(271,17,46,NULL,'2023-10-14',120,'Pending',NULL,'2023-10-16 07:28:38',NULL,NULL,NULL),(272,17,46,NULL,'2023-10-14',30,'Approved','54','2023-10-16 07:30:19','2023-11-01 18:13:40',8,30),(273,29,56,NULL,'2023-10-16',210,'Approved','54','2023-10-16 08:00:04','2023-10-19 06:31:33',NULL,NULL),(274,18,50,'Rakib','2023-10-14',160,'Approved','54','2023-10-16 11:55:27','2023-10-16 12:45:59',NULL,NULL),(275,15,44,NULL,'2023-10-16',80,'Approved','54','2023-10-17 04:34:45','2023-11-01 18:13:25',8,80),(276,15,44,'dibakor','2023-10-17',220,'Approved','54','2023-10-17 11:30:51','2023-11-01 18:13:08',8,220),(277,17,46,NULL,'2023-10-17',20,'Approved','54','2023-10-17 11:31:46','2023-11-01 18:12:53',8,20),(278,20,44,NULL,'2023-10-18',120,'Approved','54','2023-10-18 07:57:44','2023-11-01 18:12:13',8,120),(279,19,44,NULL,'2023-10-18',120,'Approved','54','2023-10-18 10:16:36','2023-10-18 10:18:40',NULL,NULL),(280,32,44,NULL,'2023-10-18',240,'Approved','54','2023-10-18 11:06:56','2023-11-01 18:12:01',8,240),(281,20,44,NULL,'2023-10-18',120,'Approved','54','2023-10-18 12:02:57','2023-11-01 18:11:46',8,120),(282,29,44,NULL,'2023-10-18',20,'Approved','54','2023-10-18 14:05:05','2023-11-01 18:10:52',8,20),(283,21,44,NULL,'2023-10-21',40,'Approved','54','2023-10-21 06:40:33','2023-10-21 06:41:58',NULL,NULL),(284,14,44,NULL,'2023-10-21',410,'Approved','54','2023-10-21 08:41:42','2023-11-01 18:10:33',8,410),(285,14,44,NULL,'2023-10-17',120,'Approved','54','2023-10-21 08:43:17','2023-11-01 18:10:11',8,120),(286,14,44,NULL,'2023-10-19',120,'Approved','54','2023-10-21 08:44:27','2023-10-21 09:06:57',NULL,NULL),(287,20,44,NULL,'2023-10-19',280,'Approved','54','2023-10-21 08:46:32','2023-10-21 09:06:53',NULL,NULL),(288,29,54,'Noman','2023-10-21',190,'Approved','54','2023-10-21 11:32:21','2023-10-21 11:33:53',NULL,NULL),(289,19,44,'shakaoyat','2023-10-22',300,'Approved','54','2023-10-22 09:11:05','2023-10-22 09:33:04',NULL,NULL),(290,19,44,'shakaoyat','2023-10-21',200,'Approved','54','2023-10-22 09:12:37','2023-10-22 09:33:01',NULL,NULL),(291,32,44,NULL,'2023-10-22',360,'Approved','54','2023-10-22 13:27:27','2023-10-23 06:28:29',NULL,NULL),(292,29,44,NULL,'2023-10-22',160,'Approved','54','2023-10-22 13:35:37','2023-11-01 18:09:53',8,160),(293,20,44,NULL,'2023-10-22',250,'Approved','54','2023-10-23 05:07:51','2023-10-23 05:50:45',NULL,NULL),(294,19,44,NULL,'2023-10-22',90,'Approved','54','2023-10-23 08:05:58','2023-10-23 08:07:07',NULL,NULL),(295,29,44,'bappy and motiur','2023-10-23',150,'Approved','54','2023-10-23 14:26:35','2023-11-01 18:09:18',8,160),(296,20,44,NULL,'2023-10-24',220,'Approved','54','2023-10-25 04:29:07','2023-10-25 06:12:25',NULL,NULL),(297,8,45,NULL,'2023-10-23',660,'Approved','54','2023-10-25 06:26:18','2023-11-01 18:09:01',8,660),(298,14,44,'manik rakib','2023-10-22',60,'Approved','54','2023-10-26 04:56:26','2023-11-01 18:08:37',8,60),(299,14,44,NULL,'2023-10-24',120,'Approved','54','2023-10-26 04:59:21','2023-11-01 17:09:08',8,120),(300,14,44,NULL,'2023-10-24',120,'Approved','54','2023-10-26 04:59:56','2023-10-26 05:14:32',NULL,NULL),(301,19,44,'noman','2023-10-25',180,'Approved','54','2023-10-26 05:46:00','2023-11-01 17:08:53',8,180),(302,19,44,NULL,'2023-10-26',120,'Approved','54','2023-10-26 06:57:41','2023-10-30 06:48:44',7,120),(303,21,44,NULL,'2023-10-26',170,'Approved','54','2023-10-26 08:45:49','2023-10-26 09:58:43',7,170),(304,14,44,NULL,'2023-10-26',70,'Approved','54','2023-10-30 04:56:02','2023-11-01 17:08:36',8,70),(305,14,44,NULL,'2023-10-28',60,'Approved','54','2023-10-30 04:58:30','2023-11-01 17:07:57',8,60),(306,14,44,NULL,'2023-10-29',100,'Approved','54','2023-10-30 05:01:06','2023-11-01 17:07:41',8,100),(307,20,44,NULL,'2023-10-30',120,'Approved','54','2023-10-30 11:39:39','2023-11-01 17:07:01',8,120),(308,20,44,NULL,'2023-10-30',120,'Approved','54','2023-10-30 11:41:25','2023-11-01 07:12:21',8,120),(309,21,46,NULL,'2023-10-30',80,'Approved','54','2023-10-30 11:42:00','2023-11-01 07:08:42',8,80),(310,14,44,NULL,'2023-10-30',70,'Approved','54','2023-10-31 05:21:36','2023-11-01 07:08:28',8,70),(311,15,44,'dibakor','2023-10-30',120,'Approved','54','2023-10-31 06:48:26','2023-11-01 07:08:10',8,120),(312,19,44,'sagor','2023-10-30',100,'Approved','54','2023-10-31 07:47:02','2023-11-01 07:07:48',8,100),(313,20,44,NULL,'2023-10-31',200,'Approved','54','2023-10-31 10:31:59','2023-11-01 07:07:03',8,200),(314,20,44,'ben bara=900\r\npolice=100','2023-10-31',1030,'Approved','54','2023-11-01 04:47:34','2023-11-01 06:20:52',8,1030),(315,20,44,NULL,'2023-11-01',350,'Pending',NULL,'2023-11-02 04:02:43',NULL,NULL,NULL),(316,29,44,'Bappy','2023-11-01',200,'Approved','54','2023-11-02 05:56:10','2023-11-02 06:29:56',8,200),(317,29,44,NULL,'2023-10-31',120,'Approved','54','2023-11-02 05:58:57','2023-11-02 06:29:33',8,120),(318,19,44,'Shagor','2023-11-01',160,'Approved','54','2023-11-02 06:08:29','2023-11-02 09:27:23',8,160),(319,19,44,NULL,'2023-11-01',200,'Approved','54','2023-11-02 06:10:30','2023-11-02 09:27:07',8,200),(320,29,44,NULL,'2023-11-02',20,'Pending',NULL,'2023-11-02 10:09:00',NULL,NULL,NULL),(321,20,44,NULL,'2023-11-02',60,'Pending',NULL,'2023-11-02 11:25:13',NULL,NULL,NULL),(322,14,44,'zintu- manik','2023-10-31',120,'Pending',NULL,'2023-11-04 06:48:49',NULL,NULL,NULL),(323,29,54,NULL,'2023-11-03',30,'Pending',NULL,'2023-11-04 06:52:26',NULL,NULL,NULL),(324,15,44,'noman+zhintu+dibakor','2023-11-01',240,'Approved','54','2023-11-04 07:03:09','2023-11-07 06:03:12',8,240),(325,15,44,'Noman+Rakib+Zhintu+Dibakor','2023-11-02',180,'Approved','54','2023-11-04 07:04:25','2023-11-07 06:03:24',8,180),(326,21,44,NULL,'2023-11-04',200,'Pending',NULL,'2023-11-05 04:30:50',NULL,NULL,NULL),(327,14,44,NULL,'2023-11-04',80,'Pending',NULL,'2023-11-06 05:32:15',NULL,NULL,NULL),(328,20,44,NULL,'2023-11-06',120,'Approved','54','2023-11-06 10:18:01','2023-11-06 11:37:58',8,120),(329,15,45,NULL,'2023-11-05',170,'Approved','54','2023-11-07 05:41:33','2023-11-07 06:03:36',8,170),(330,14,44,NULL,'2023-11-06',80,'Approved','54','2023-11-07 05:45:47','2023-11-07 06:04:04',8,80),(331,21,46,NULL,'2023-11-07',20,'Pending',NULL,'2023-11-07 08:57:48',NULL,NULL,NULL),(332,29,44,NULL,'2023-11-07',410,'Approved','54','2023-11-08 04:38:08','2023-11-08 06:15:30',8,410),(333,14,41,NULL,'2023-11-07',80,'Approved','54','2023-11-08 10:50:53','2023-11-12 07:30:33',8,80),(334,14,41,NULL,'2023-11-08',100,'Approved','54','2023-11-08 10:53:10','2023-11-12 07:30:21',8,100),(335,20,44,NULL,'2023-11-08',260,'Approved','54','2023-11-08 11:12:29','2023-11-08 11:28:40',8,260),(336,19,44,'noman and zintu','2023-11-08',210,'Pending',NULL,'2023-11-08 11:20:26',NULL,NULL,NULL),(337,15,53,'Dibakor','2023-11-07',350,'Pending',NULL,'2023-11-09 04:48:43',NULL,NULL,NULL),(338,19,44,NULL,'2023-11-09',130,'Pending',NULL,'2023-11-09 09:35:46',NULL,NULL,NULL),(339,21,46,NULL,'2023-11-09',100,'Pending',NULL,'2023-11-09 10:29:01',NULL,NULL,NULL),(340,17,46,NULL,'2023-11-09',80,'Pending',NULL,'2023-11-09 10:31:19',NULL,NULL,NULL),(341,15,53,'Dibakor','2023-11-09',340,'Approved','54','2023-11-09 10:56:17','2023-11-09 11:00:01',8,340),(342,20,44,NULL,'2023-11-08',260,'Pending',NULL,'2023-11-11 08:47:22',NULL,NULL,NULL),(343,14,41,NULL,'2023-11-09',100,'Approved','54','2023-11-11 10:35:20','2023-11-12 07:29:48',8,100),(344,15,44,NULL,'2023-11-12',220,'Pending',NULL,'2023-11-12 08:06:47',NULL,NULL,NULL),(345,19,44,NULL,'2023-11-11',240,'Pending',NULL,'2023-11-12 10:08:30',NULL,NULL,NULL),(346,20,44,NULL,'2023-11-11',80,'Pending',NULL,'2023-11-12 11:15:06',NULL,NULL,NULL),(347,20,44,NULL,'2023-11-12',120,'Pending',NULL,'2023-11-12 11:17:05',NULL,NULL,NULL),(348,21,44,NULL,'2023-11-12',60,'Pending',NULL,'2023-11-13 10:26:17',NULL,NULL,NULL),(349,21,44,NULL,'2023-11-13',720,'Pending',NULL,'2023-11-13 10:29:03',NULL,NULL,NULL),(350,14,44,NULL,'2023-11-12',100,'Pending',NULL,'2023-11-13 10:44:27',NULL,NULL,NULL),(351,14,44,NULL,'2023-11-12',80,'Pending',NULL,'2023-11-13 10:47:10',NULL,NULL,NULL),(352,14,44,NULL,'2023-11-12',120,'Pending',NULL,'2023-11-13 10:48:41',NULL,NULL,NULL),(353,20,44,NULL,'2023-11-13',440,'Pending',NULL,'2023-11-13 11:22:05',NULL,NULL,NULL),(354,20,44,NULL,'2023-11-13',80,'Pending',NULL,'2023-11-13 14:08:08',NULL,NULL,NULL),(355,15,53,NULL,'2023-11-14',220,'Pending',NULL,'2023-11-14 09:38:12',NULL,NULL,NULL),(356,21,44,NULL,'2023-11-14',630,'Pending',NULL,'2023-11-14 11:38:45',NULL,NULL,NULL),(357,19,44,'rakib','2023-11-14',190,'Pending',NULL,'2023-11-14 11:46:36',NULL,NULL,NULL),(358,19,44,'Noman','2023-11-12',120,'Pending',NULL,'2023-11-14 11:48:26',NULL,NULL,NULL),(359,14,45,NULL,'2023-11-13',120,'Pending',NULL,'2023-11-15 04:51:31',NULL,NULL,NULL),(360,14,45,NULL,'2023-11-13',80,'Pending',NULL,'2023-11-15 04:54:12',NULL,NULL,NULL),(361,17,46,NULL,'2023-11-15',50,'Pending',NULL,'2023-11-15 08:30:51',NULL,NULL,NULL),(362,19,44,NULL,'2023-11-15',150,'Pending',NULL,'2023-11-15 12:02:29',NULL,NULL,NULL),(363,14,44,NULL,'2023-11-15',110,'Pending',NULL,'2023-11-16 04:57:47',NULL,NULL,NULL),(364,14,44,NULL,'2023-11-15',220,'Pending',NULL,'2023-11-16 05:01:18',NULL,NULL,NULL),(365,20,44,'rakib,noman,dibakor,jinto','2023-11-15',440,'Pending',NULL,'2023-11-16 09:15:15',NULL,NULL,NULL),(366,20,44,'rakib,noman,debakor,jinto','2023-11-16',440,'Pending',NULL,'2023-11-16 09:16:28',NULL,NULL,NULL),(367,14,44,NULL,'2023-11-16',40,'Pending',NULL,'2023-11-16 09:39:49',NULL,NULL,NULL),(368,33,46,'Saadhman ( Office - Jamuna future Park and Banashree)','2023-11-16',190,'Pending',NULL,'2023-11-16 12:21:12',NULL,NULL,NULL),(369,19,44,NULL,'2023-11-16',150,'Pending',NULL,'2023-11-16 12:30:06',NULL,NULL,NULL),(370,19,44,'zinto','2023-11-18',180,'Pending',NULL,'2023-11-18 11:03:44',NULL,NULL,NULL),(371,19,44,NULL,'2023-11-18',60,'Pending',NULL,'2023-11-18 11:04:31',NULL,NULL,NULL),(372,20,44,NULL,'2023-11-18',100,'Pending',NULL,'2023-11-18 13:46:18',NULL,NULL,NULL),(373,20,44,NULL,'2023-11-18',380,'Pending',NULL,'2023-11-18 13:48:30',NULL,NULL,NULL),(374,15,44,'Rakib','2023-11-19',120,'Pending',NULL,'2023-11-19 06:16:23',NULL,NULL,NULL),(375,15,44,NULL,'2023-11-16',180,'Pending',NULL,'2023-11-19 06:25:13',NULL,NULL,NULL),(376,15,44,NULL,'2023-11-18',180,'Pending',NULL,'2023-11-19 06:29:25',NULL,NULL,NULL),(377,14,44,NULL,'2023-11-16',80,'Pending',NULL,'2023-11-19 08:17:59',NULL,NULL,NULL),(378,17,50,NULL,'2023-11-19',130,'Pending',NULL,'2023-11-19 10:19:30',NULL,NULL,NULL),(379,33,50,'Sadhman (Mirpur)','2023-11-19',280,'Pending',NULL,'2023-11-19 12:06:29',NULL,NULL,NULL),(380,14,44,NULL,'2023-11-20',120,'Pending',NULL,'2023-11-20 09:49:54',NULL,NULL,NULL),(381,14,44,NULL,'2023-11-19',80,'Pending',NULL,'2023-11-20 09:57:08',NULL,NULL,NULL),(382,15,50,NULL,'2023-11-19',120,'Pending',NULL,'2023-11-20 11:48:33',NULL,NULL,NULL),(383,15,50,'Dibakor','2023-11-20',270,'Pending',NULL,'2023-11-20 11:52:58',NULL,NULL,NULL),(384,19,44,NULL,'2023-11-21',150,'Pending',NULL,'2023-11-22 05:11:46',NULL,NULL,NULL),(385,14,44,'2 parson','2023-11-21',20,'Pending',NULL,'2023-11-22 07:16:05',NULL,NULL,NULL),(386,14,44,NULL,'2023-11-21',20,'Pending',NULL,'2023-11-22 07:17:10',NULL,NULL,NULL),(387,14,44,NULL,'2023-11-22',100,'Pending',NULL,'2023-11-22 07:20:00',NULL,NULL,NULL),(388,21,44,'dibakor','2023-11-22',80,'Pending',NULL,'2023-11-23 07:22:24',NULL,NULL,NULL),(389,21,44,NULL,'2023-11-22',100,'Pending',NULL,'2023-11-23 07:23:11',NULL,NULL,NULL),(390,19,44,'zintu','2023-11-22',120,'Pending',NULL,'2023-11-23 07:26:11',NULL,NULL,NULL),(391,13,52,'Shakhawat Hossain, Omar Sunjery','2023-11-15',220,'Pending',NULL,'2023-11-23 08:19:09',NULL,NULL,NULL),(392,29,44,NULL,'2023-11-25',400,'Pending',NULL,'2023-11-25 08:20:56',NULL,NULL,NULL),(393,29,44,NULL,'2023-11-25',40,'Pending',NULL,'2023-11-25 08:21:53',NULL,NULL,NULL),(394,29,44,'Md Motiur Rahman','2023-11-25',2250,'Pending',NULL,'2023-11-25 08:23:24',NULL,NULL,NULL),(395,15,44,NULL,'2023-11-23',200,'Pending',NULL,'2023-11-25 08:27:56',NULL,NULL,NULL),(396,20,44,'rakib,bappy,noman','2023-11-20',440,'Pending',NULL,'2023-11-25 09:28:33',NULL,NULL,NULL),(397,20,44,NULL,'2023-11-25',200,'Pending',NULL,'2023-11-25 09:29:29',NULL,NULL,NULL),(398,21,44,NULL,'2023-11-23',140,'Pending',NULL,'2023-11-26 08:19:32',NULL,NULL,NULL),(399,14,44,NULL,'2023-11-23',80,'Pending',NULL,'2023-11-26 08:21:17',NULL,NULL,NULL),(400,20,44,'motiur,rakib','2023-11-26',120,'Pending',NULL,'2023-11-26 10:55:49',NULL,NULL,NULL),(401,14,44,NULL,'2023-11-26',80,'Pending',NULL,'2023-11-27 07:23:22',NULL,NULL,NULL),(402,14,44,'2 person','2023-11-27',80,'Pending',NULL,'2023-11-27 07:24:43',NULL,NULL,NULL),(403,32,44,'Dibakor','2023-11-27',200,'Pending',NULL,'2023-11-27 08:58:06',NULL,NULL,NULL),(404,20,44,'rakib,sojib lock','2023-11-28',200,'Pending',NULL,'2023-11-29 04:36:50',NULL,NULL,NULL),(405,15,53,NULL,'2023-11-29',80,'Pending',NULL,'2023-11-29 07:04:11',NULL,NULL,NULL),(406,32,44,NULL,'2023-11-28',0,'Pending',NULL,'2023-11-29 08:24:16',NULL,NULL,NULL),(407,32,44,NULL,'2023-11-28',200,'Pending',NULL,'2023-11-29 08:25:28',NULL,NULL,NULL),(408,32,44,'Dibakor','2023-11-29',70,'Pending',NULL,'2023-11-29 08:26:59',NULL,NULL,NULL),(409,32,44,'Dibakor','2023-11-29',70,'Pending',NULL,'2023-11-29 08:28:17',NULL,NULL,NULL),(410,15,44,NULL,'2023-11-28',80,'Pending',NULL,'2023-11-29 08:44:04',NULL,NULL,NULL),(411,21,44,NULL,'2023-11-28',530,'Pending',NULL,'2023-11-30 04:37:23',NULL,NULL,NULL),(412,21,44,'Zhintu','2023-11-29',60,'Pending',NULL,'2023-11-30 04:38:42',NULL,NULL,NULL),(413,37,44,NULL,'2023-11-29',140,'Pending',NULL,'2023-11-30 04:42:14',NULL,NULL,NULL),(414,20,67,'Rakib,sojib lock','2023-11-29',300,'Pending',NULL,'2023-11-30 04:45:25',NULL,NULL,NULL),(415,14,44,NULL,'2023-11-30',40,'Pending',NULL,'2023-11-30 06:00:33',NULL,NULL,NULL),(416,21,44,NULL,'2023-11-30',180,'Pending',NULL,'2023-11-30 11:35:00',NULL,NULL,NULL),(417,19,44,NULL,'2023-11-28',140,'Pending',NULL,'2023-12-02 04:20:06',NULL,NULL,NULL),(418,19,44,NULL,'2023-12-20',20,'Pending',NULL,'2023-12-02 04:21:19',NULL,NULL,NULL),(419,19,44,'shagor','2023-11-28',160,'Pending',NULL,'2023-12-02 04:44:17',NULL,NULL,NULL),(420,14,69,NULL,'2023-11-30',160,'Pending',NULL,'2023-12-02 06:11:57',NULL,NULL,NULL),(421,20,44,'rakib,sojib lock','2023-11-30',150,'Pending',NULL,'2023-12-02 09:52:16',NULL,NULL,NULL),(422,20,44,NULL,'2023-12-02',220,'Pending',NULL,'2023-12-02 09:53:29',NULL,NULL,NULL),(423,14,69,NULL,'2023-12-02',80,'Pending',NULL,'2023-12-02 11:42:20',NULL,NULL,NULL),(424,14,69,NULL,'2023-12-02',160,'Pending',NULL,'2023-12-02 11:44:25',NULL,NULL,NULL),(425,32,44,NULL,'2023-11-30',490,'Pending',NULL,'2023-12-03 04:55:00',NULL,NULL,NULL),(426,32,44,'Mr. Sumon Factory','2023-12-02',900,'Pending',NULL,'2023-12-03 04:56:41',NULL,NULL,NULL),(427,32,44,'Zhintu & Sumon','2023-12-02',700,'Pending',NULL,'2023-12-03 05:01:11',NULL,NULL,NULL),(428,15,67,'Dibakor','2023-12-02',220,'Pending',NULL,'2023-12-03 05:12:00',NULL,NULL,NULL),(429,17,46,NULL,'2023-12-02',130,'Pending',NULL,'2023-12-03 10:58:12',NULL,NULL,NULL),(430,17,46,NULL,'2023-12-02',120,'Pending',NULL,'2023-12-03 11:00:15',NULL,NULL,NULL),(431,19,44,'carpenter (sojib)','2023-12-03',3510,'Pending',NULL,'2023-12-04 06:21:47',NULL,NULL,NULL),(432,17,46,NULL,'2023-12-04',120,'Pending',NULL,'2023-12-04 06:23:18',NULL,NULL,NULL),(433,32,44,'Zhintu, Sumon','2023-12-03',1210,'Pending',NULL,'2023-12-04 06:48:32',NULL,NULL,NULL),(434,21,44,NULL,'2023-12-03',40,'Pending',NULL,'2023-12-04 06:49:30',NULL,NULL,NULL),(435,20,67,NULL,'2023-12-04',120,'Pending',NULL,'2023-12-04 07:16:41',NULL,NULL,NULL),(436,20,67,NULL,'2023-12-04',80,'Pending',NULL,'2023-12-04 10:37:41',NULL,NULL,NULL),(437,32,44,'Zhintu & Sumon','2023-12-04',1350,'Pending',NULL,'2023-12-05 04:41:30',NULL,NULL,NULL),(438,21,44,NULL,'2023-12-04',160,'Pending',NULL,'2023-12-05 12:09:40',NULL,NULL,NULL),(439,21,44,'rakib,noman','2023-12-05',220,'Pending',NULL,'2023-12-05 12:11:01',NULL,NULL,NULL);
/*!40000 ALTER TABLE `conveyances` ENABLE KEYS */;
UNLOCK TABLES;

--
-- Table structure for table `customers`
--

DROP TABLE IF EXISTS `customers`;
/*!40101 SET @saved_cs_client     = @@character_set_client */;
/*!50503 SET character_set_client = utf8mb4 */;
CREATE TABLE `customers` (
  `id` bigint NOT NULL AUTO_INCREMENT,
  `customer_name` varchar(255) DEFAULT NULL,
  `address` varchar(255) DEFAULT NULL,
  `dea_cus` int DEFAULT '1',
  `phone` varchar(100) DEFAULT NULL,
  `email` varchar(100) DEFAULT NULL,
  `cusDue` int NOT NULL DEFAULT '0',
  `created_at` timestamp NOT NULL DEFAULT CURRENT_TIMESTAMP,
  `updated_at` timestamp(6) NULL DEFAULT NULL,
  PRIMARY KEY (`id`),
  KEY `customer_id` (`id`)
) ENGINE=MyISAM AUTO_INCREMENT=812 DEFAULT CHARSET=utf8mb3;
/*!40101 SET character_set_client = @saved_cs_client */;

--
-- Dumping data for table `customers`
--

LOCK TABLES `customers` WRITE;
/*!40000 ALTER TABLE `customers` DISABLE KEYS */;
INSERT INTO `customers` VALUES (1,'Ahnaf Shabik','House-45, Avenue-5, Block-A,Section-6 Top Floor Dhaka Dhaka-1216.',1,'01674406259','',0,'2022-12-18 04:56:05',NULL),(2,'Dr. Hasan Mahmud','609/E, Hatim South Thakur para, Comilla ',1,'01303453880','farhanmoinamoti@gmail.com',0,'2022-12-18 04:58:40',NULL),(3,'Mahbubur rahman','village-Kutubpur, Post -Pirpurkulla, Thana-damurhuda, District -Chuadanga Khulna Chuadanga Damurhuda',1,'01303510963','',0,'2022-12-18 04:59:54',NULL),(4,'Abu Talha','Flat-107,Fairy homes, 7 Poribagh, Dhaka ',1,'01303719224','',0,'2022-12-18 05:00:46',NULL),(5,'Tariqul Islam','Akhaura,  Brahmanbaria ',1,'01304349858','taaariqul@gmail.com',0,'2022-12-18 05:02:04',NULL),(6,'Dr. Humayun Rajib','house -H flat-12,z.h sikder women\'s medical college hospital. rayerbazar dhaka ',1,'01305694446','Ridhima2015@gmail.com',0,'2022-12-18 05:03:46',NULL),(7,'Shamiul Haque Alvee','Flat-2B, H# 45,R# 2/A, Dhanmondi, Dhaka ',1,'01309001664','',0,'2022-12-18 05:04:47',NULL),(8,'Kashem Talukdar','Enayetpur Shirajganj',1,'01311862237','kashemtalukdar@icloud.com',0,'2022-12-18 05:06:02',NULL),(9,'Mr Mojibur Rahman','Comilla sadar',1,'01312488854','',0,'2022-12-18 05:07:33',NULL),(10,'Ali Ahamed Mahmud','210/2 elephant road, Dhaka-1205, flat-11F, Elephant road, Bangladesh ',1,'01315301089','refan0175@gmail.com',0,'2022-12-18 05:09:11',NULL),(11,'Mr Rinku','Orchard Point, Dhanmondi',1,'01402600835','',0,'2022-12-18 05:09:35',NULL),(12,'Fakhrul Islam','Shaktola, Noagao Chumuhany, Islam Manison (Opposite to New Asia Aircon Bus Counter)',1,'01521230970','mohammadfakhrulislamabir@gmail.com',0,'2022-12-18 05:10:41',NULL),(13,'T Talha','9/E DSE Annex Building Motijheel C/A Suite - 630 Dhaka Dhaka 1000',1,'01534798292','mdtclbd@gmail.com',0,'2022-12-18 05:11:16',NULL),(14,'Shihab Rahman','12 farashganj road, Shambazar, Dhaka-1100',1,'01534970709','',0,'2022-12-18 05:12:02',NULL),(16,'Mr. Kajal','6/c,Radiant Shapla,3/2 mashjid road,Anandanagor,South Badda, Dhaka',1,'01552395117','kajaldey60@yahoo.com',0,'2022-12-18 05:16:18',NULL),(17,'Farhan Intisar','400/4,West Shewrapara, Mirpur 10, Dhaka',1,'01556582200','',0,'2022-12-18 05:16:51',NULL),(18,'Mr Mamun Khan','Matuail House -125/2 Katerpool Jatrabari',1,'01552115509','',0,'2022-12-18 05:17:29',NULL),(19,'Abdus Salam','77/2 A.K.M Shamsujjoha Road, North Chashara, Narayanganj',1,'01558975762','sk.shuvo16@gmail.com',0,'2022-12-18 05:18:02',NULL),(20,'Rahanur Alam Rana','M/S. Rana Traders, Sonamukhi Road, Dhunat Bazar, Bogra, Dhunat, Rajshahi',1,'01611201572','rahanur.ece@gmail.com',0,'2022-12-18 05:18:39',NULL),(21,'Md Syfuzzaman Shopon','Bashati Horizon, Floor#6, Road#17, Plot#21, Banani CA',1,'01844520231','',0,'2022-12-18 05:19:37',NULL),(22,'Mr Khairul','444/A, Paglarpol, Mohakhali, Dhaka',1,'01785813884','',0,'2022-12-18 05:27:21',NULL),(23,'Yasin sheikh','Bhanga, Faridpur',1,'01786699448','Yeasinsheikh999@gmail.com',0,'2022-12-18 05:29:51',NULL),(24,'Mr Hamidul Islam','Postogola',1,'01786850616','',0,'2022-12-18 05:30:35',NULL),(25,'Mr Souvik','Bijoy Rakin City, Mirpur, Dhaka',1,'01787146292','',0,'2022-12-18 05:31:11',NULL),(26,'Mr. Nivelle Kabir','H# 16, Park road, Baridhara diplomatic, apt. 402,Dhaka',1,'01611522213','kabir.nivelle@gmail.com',0,'2022-12-18 05:32:37',NULL),(27,'Salauddin Ahmed','1189/1/3 chairman bari., east jurain, jurain, Dhaka',1,'01620417177','ahmed.shourav60@gmail.com',0,'2022-12-18 05:33:25',NULL),(28,'Mahmud Alam','House 16, Road 1, Block Ja Mohakhali, Dhaka',1,'01787651158','mahmud-alam@hotmail.com',0,'2022-12-18 05:33:59',NULL),(29,'Masud Parvez','Apex Alam Tower, N.Sabujbag, Halishahar Road, Pahartili, CTG',1,'01787670779','masudjico@gmail.com',0,'2022-12-18 05:34:43',NULL),(30,'Jewel Khan','827 Ds Tower Noorpir South Hania, Dhaka-1236',1,'01622217777','jewel.jetu@gmail.com',0,'2022-12-18 05:35:41',NULL),(31,'Rafid Ibne Majher','Anondo kanon, Fire service gate,Bagichagaw,Comilla',1,'01624664196','',0,'2022-12-18 05:36:19',NULL),(32,'Saddam Hossain','8/1 Armanian street, Armanitola,Dhaka-1100 Dhaka Dhaka - South Armenium Street Bangladesh',1,'01625415152','',0,'2022-12-18 05:36:49',NULL),(33,'Salah Uddin Mahmud Sikder','Jononee Homes-02, Block-A, Bashundhara Reverview, Keraniganj-1311',1,'01677722244','su.mahmud@gmail.com',0,'2022-12-18 05:37:48',NULL),(34,'Faisal Hossain','8 Rankin Street, Wari, Dhaka Fortune Tower, Flat: 8/D, South Dhaka',1,'01626823006','faisal.dfx@gmail.com',0,'2022-12-18 05:40:00',NULL),(35,'Rahul Ahmed','Block-I, Road-7,House-271/273, Flat-8D, Bashundhara R/A',1,'01634471753','rahulahamed2012@gmail.com',0,'2022-12-18 05:40:32',NULL),(36,'Major RTD Mehdi','Level-2, House - 994, Road - 10, Avenue - 12, DOHS Mirpur, Dhaka - 1216',1,'01678007272','sultan6416@gmail.com',0,'2022-12-18 05:41:05',NULL),(37,'Fuuran Bin Wali','Aurnob mutaja, house-155, Flat-1B, Block-B, Khilgaon, Jheelpar road Dhaka',1,'01639577477','',0,'2022-12-18 05:41:50',NULL),(38,'Mohammad Mezanur Rahman','Cantonment, Comilla, Cantonment, Cumilla, Cumilla',1,'01643398938','',0,'2022-12-18 05:42:26',NULL),(39,'Tarif Bhuiyan','ranirdigirpar, comilla sador, Bs Apartment comilla, Comilla-3500',1,'01644237804','tarifbhuiyan3i@gmail.com',0,'2022-12-18 05:43:44',NULL),(40,'Arifuzzaman Chowdhury','house 9, road 62, Gulshan 2',1,'01670072021','arfuzzamanchowdhury@gmail.com',0,'2022-12-18 05:44:21',NULL),(41,'Nayeem Jamal',' Flat-1B, Heaven Lily Apartment, 1162 Khilgaon Chowdhury Para',1,'01670087017','nayeem060686@gmail.com',0,'2022-12-18 05:46:32',NULL),(42,'Mahmud-Ul Haque','Flat# C-4/8 (3rd Floor-East), Building#Moushumi, WAPDA Colony, Road#11, Banani',1,'01670104642','mahmud4648@gmail.com',0,'2022-12-18 05:47:48',NULL),(43,'Samiur Rahman','208 West Shantibag Apurupa Homes, Flat 9b, Dhaka 1217',1,'01673309345','samiur24@gmail.com',0,'2022-12-18 05:49:24',NULL),(44,'Nayeem Rumel','House-25, Road-3, Khaleque R/A, Darussalam, Mirpur',1,'01673391161','nayeem.rumel@gmail.com',0,'2022-12-18 05:50:12',NULL),(45,'Mohiuddin Riad','44/i, R# 4, Block# D, Bashundhara R/A',1,'01673486423','mohi.web@gmail.com',0,'2022-12-18 05:50:47',NULL),(46,'Md. Abdul Alim','107/1, Block- D, Mouchok, Chowdhuripara, Narayongong',1,'01673649476','',0,'2022-12-18 05:51:54',NULL),(47,'Abul Hashem Mintu','B-1/2 Genda, Savar,',1,'01673783315','mintu7860@gmail.com',0,'2022-12-18 05:52:52',NULL),(48,'Imran Maleque','House- 35/9(Nandonik nahar, Flat-6C), Road-10, Sheikh er tek, pc culture housing society mohammadpur.',1,'01674086374','',0,'2022-12-18 05:53:40',NULL),(50,'Simul','SAM group, SAM palace-5,House# J-62, Extention pallabi gate no #5, Rupnagar, Mirpur, Dhaka-1216,',1,'1714058460','',0,'2022-12-18 06:04:36',NULL),(51,'Menhazur Rahman','House-244, Lane-3, 1st Floor, Baridhara DOHS',1,'1711528400','',0,'2022-12-18 06:06:34',NULL),(52,'Irfan Ibrahim','Apt- A9, House- 13B/9B, Babor Road, Mohammadpur, Dhaka, Mohammadpur,',1,'01675701866','Irfan1316@gmail.com',0,'2022-12-18 06:11:50',NULL),(53,'Sifat Mahmud','31, 2nd Floor, Azimpur Sheikh Saheb Bazar, Lalbagh,',1,'01675885083','sifatmahmudsamit@gmail.com',0,'2022-12-18 06:14:12',NULL),(54,'Tashfeen Siddiq','60/C, 4th floor, Purana Paltan, , Paltan',1,'01676088690','shtashfeen@gmail.com',0,'2022-12-18 06:15:33',NULL),(55,'Sadman Ahmed Sakib','Garden Lodge, Flat- A/502, House -1, road-2, block-D, section-2, MIRPUR Dhaka ( Near Sony Cinema Hall)',1,'01676345074','',0,'2022-12-18 06:16:09',NULL),(56,'Mr. Sadi','Mahfuz villa,Building 8, Road 7b,Nikunjo 1, ',1,'01676948864','',0,'2022-12-18 06:18:24',NULL),(57,'Rubab Rashid','H#32, R#7, Block#F, Banani,',1,'01678378802','r.rashid01@gmail.com',0,'2022-12-18 06:19:24',NULL),(59,'Borhan Uddin Raj','North Badda, Satarkul road, Dadar Bazar,',1,'01680235690','Borhanuddin31@gmail.com',0,'2022-12-18 06:20:58',NULL),(60,'Shohel Rana','46, Karwan Bazaar, HRC Bhaban,',1,'01680966617','',0,'2022-12-18 06:21:36',NULL),(61,'Saju Sutradhar','Holding:3419, Ram Krishna Mission Road, Habiganj 1st floor Habiganj Habiganj 3300',1,'01681086588','sajusd1996@gmail.com',0,'2022-12-18 06:22:31',NULL),(62,'Khairul Islam','House-444/a, shaheenbag, Mohakhali, ',1,'01681407658','khairul.bracu@gmail.com',0,'2022-12-18 06:23:21',NULL),(64,'Md Shahed','Mohipal,Feni, Feni Sadar,',1,'01681960969','mohammadshahed960969@gmail.com',0,'2022-12-18 06:25:58',NULL),(65,'Amanna Tabassum Bani','Opposite of Bashundhara R/A',1,'01684571200','',0,'2022-12-18 06:27:08',NULL),(66,'Mohammad Qaisar Ali','Flat - A2, Melody, Plot 3A, Road - 74, Gulshan2',1,'01794433687','',0,'2022-12-18 06:27:52',NULL),(67,'P2P DHAKA','H:5A, R:25A, Block: A. Banani',1,'01687130041','',0,'2022-12-18 06:28:26',NULL),(68,'Khalid Sabbir','88/1, Kolapotti( I.T Steel Pipe), Jatrabari,',1,'01688340419','sabbirkhan.sk86@gmail.com',0,'2022-12-18 06:29:01',NULL),(69,'Mr Ali','Jamal Palace, Dhanmondi 27 ',1,'1688943289','',0,'2022-12-18 06:29:42',NULL),(70,'Enamul Haque','324/A , East Rampura, ',1,'01689075146','',0,'2022-12-18 06:30:41',NULL),(71,'Mr. Rahat','H # 35, Uttar Badda, Hazipara mashjid,',1,'01700535344','',0,'2022-12-18 06:36:03',NULL),(72,'Raidah Morshed','Apt 5A House 85 A Road 11 A Dhanmondi',1,'01700763369','raidahmorshed@gmail.com',0,'2022-12-18 06:37:53',NULL),(73,'Farhan Sadiq','flat-4, road-6/c, bananni dohs',1,'01794808189','farhansadiq666@gmail.com',0,'2022-12-18 06:38:54',NULL),(74,'MD Isti Mahabub Fahim','section 10,block A,Lane 4,house no 8,mirpur 10 benarosi polli,dhaka 1216, mirpur',1,'01798954141','md.mf45@gmail.com',0,'2022-12-18 06:39:49',NULL),(75,'MD ABDUL ALIM','GOURIPUR, Daudkandi,',1,'01811345142','sohag0cml@gmail.com',0,'2022-12-18 06:40:38',NULL),(76,'Ashik Hossen Patowary','Agb Colony Motijheel ',1,'01701045785','aadro.bd@gmail.com',0,'2022-12-18 06:41:42',NULL),(78,'Maruf Hasan','Road no 4,House no 18,Flat no B/4, Dhanmondi,',1,'01704444329','marufemon003@gmail.com',0,'2022-12-18 06:42:47',NULL),(79,'Ahmed hasibul Hasan','Flat 2AB, House 173, Road : 2, Mohakhali DOHS \r\n',1,'01705110740','hasan@evelyntex.com',0,'2022-12-18 06:43:59',NULL),(80,'Aminur Rahman','Vill: Betagaon, P. O: Aftabbibirhat, Feni Sadar,',1,'01812351177','lablu.d@gmail.com',0,'2022-12-18 06:44:54',NULL),(81,'Mr. Reaz','Niketon Road 8, H 38, Block C , Dhaka',1,'1711536063','',0,'2022-12-18 06:47:50','2023-11-16 09:56:07.000000'),(82,'Md Muneer Hussain','H12, R 14, S4, Uttara',1,'1711541443','',0,'2022-12-18 06:48:37',NULL),(83,'Azizur R Chowdhury','Road- 41, House - 48/A, Apt-8E Gulshan',1,'1711566317','',0,'2022-12-18 06:50:53',NULL),(84,'Mr. Osman Goni','H# 3/10, Flat: A/2,Block-F,Lalmatia,Dhaka ',1,'01706000000','osman.dhk@gmail.com',0,'2022-12-18 07:00:28',NULL),(85,'Hamza Al deen Gazi','Plot-1, Road-1, Block A, Shanta The Vintage, Flat-D, 11/12, Banasree ',1,'','',0,'2022-12-18 07:02:37',NULL),(86,'S M Salim Bhuiyan','Motijheel,',1,'01813768876','bhuiyans@ymail.com',0,'2022-12-18 07:03:54',NULL),(87,'Biplob Molla','Shekherchar (Baburhat), Fultola Bazar , B.D.R Bari,\r\n Narsingdi Sadar , Narsingdi, Dhaka',1,'1711737344','',0,'2022-12-18 07:03:58',NULL),(88,'Nahid Hashem','Dhaka National Medical Institute Hospital, Shahid Faruq road (Near Al Arafah Islami Bank ltd), 43/2 West Jatrabari ',1,'01707581767','nahid.hashem.e42@gmail.com',0,'2022-12-18 07:04:56',NULL),(89,'Nisha','House: 4, Road: 9, Dhanmondi',1,'01816189800','',0,'2022-12-18 07:05:44',NULL),(90,'Anatul Araf','Apartment-A1, House- 10, Road-2/A, Sector - 12, Uttara, ',1,'01816362673','anatul.araf33@gmail.com',0,'2022-12-18 07:06:23',NULL),(91,'Ishteaque Rashid','H-277/A, Road-10, block A, bashundhara 7 ',1,'01707955791','ishteaque2017@gmail.com',0,'2022-12-18 07:07:22',NULL),(92,'Tanveer Hussein','Flat 14B, Helicon Tower, 19/1 Bakshibazar, ',1,'01816541642','r.tanveer@gmail.com',0,'2022-12-18 07:08:20',NULL),(93,'Afzalur Rahman','35 Lakecircus road, Kalabagan, ',1,'01708146363','',0,'2022-12-18 07:08:52',NULL),(94,'Obidur Rahman','House 456,. road 6, avenue 6, mirpur dohs. Dhaka\r\n',1,'1711942901','',0,'2022-12-18 07:34:13',NULL),(95,'Wahidul Islam','Mohammed Nurul Islam(Ex-chairman house) Anderson Road, Ward No:-03, Cox\'s Bazar municipality Mohammed Nurul Islam(Ex-chairman house) Cox\'s Bazar Cox\'s',1,'1712049065','',0,'2022-12-18 07:35:59',NULL),(96,'Shirajul Haque Munir','Wireless Railgate Bepari Goli Boro Magbazar Dhaka',1,'1712143654','',0,'2022-12-18 07:36:30',NULL),(97,'Sheikh Tajuddin','Sumaiya Carrier,903.Pathantuli Road.Kodomtoli.CTG',1,'1712233805','',0,'2022-12-18 07:37:04',NULL),(98,'Panna Ali','Bangladesh Rice Research Institute (Gazipur)',1,'1712466223','',0,'2022-12-18 07:37:33',NULL),(99,'Md.Sohel Rana','Chapainawabganj sador, Chapainawabganj',1,'1712474950','',0,'2022-12-18 07:38:14',NULL),(100,'Ariful islam','',1,'1712540170','arifbinashraf@gmail.com',0,'2022-12-18 07:39:16',NULL),(101,'Monjurul Islam','Monjurul Islam m/s Khaja Ajmery Enterprise 131/1 H K Das Road Sutrapur Dhaka 1100',1,'1712577030','',0,'2022-12-18 07:40:02',NULL),(102,'Mr.Opu','Laxmibazar, Puran dhaka, Dhaka',1,'1712585739','',0,'2022-12-18 07:40:40',NULL),(105,'Shanta Rahman','House 369, Road-28,New Dohs, Mohakhali,Dhaka',1,'1712838382','',0,'2022-12-18 07:41:21',NULL),(106,'Sharful Alam','House 135, Road 4 ,block-A ,Banani',1,'1713000258','',0,'2022-12-18 07:42:14',NULL),(107,'Mahmuda Islam','H#318,R#12,Block-C,Flat-A3,Bashundhara R/A',1,'1713040293','islammahmuda1977@gmail.com',0,'2022-12-18 07:44:25',NULL),(108,'BM Razib','Nannu Textile Mills Ltd Factory, Bhulta, Rupganj, Narayanganj',1,'1713067767','',0,'2022-12-18 07:44:53',NULL),(109,'Mashrur Reza','Flat- 8B, Morium Tower-1, 78/3 Baridhara, Dhaka',1,'1713078177','',0,'2022-12-18 07:45:19',NULL),(110,'Nahid Molla','Gopalganj Sador, Gopalganj, Gopalganj, Gopalgonj',1,'1724089596','nahidmolla101@gmail.com',0,'2022-12-18 07:45:53',NULL),(111,'Salauddin Noor','900 Shahidbag,Dhaka 1217',1,'1726782709','salauddinnor5@gmail.com',0,'2022-12-18 07:46:30',NULL),(112,'Rashedul Alam','Weblink communications limited House #101, 6th Floor, road#13/A, Block C, Banani, Dhaka 6th Floor Dhaka',1,'1727135737','rashed_cis@yahoo.com',0,'2022-12-18 07:47:19',NULL),(113,'Md Mahmud Hasan','Faridpur Sadar, Faridpur',1,'172872004','',0,'2022-12-18 07:49:45',NULL),(115,'Nahid Hasan','15/1,Boyra Farukia Mosque Cross Road Alor Vubon khulna Khulna 9000',1,'1730096916','n_hasan30@yahoo.com',0,'2022-12-18 07:50:37',NULL),(116,'Mohammad Ahasanullah','House No - 15, Road No -02, Flat No - 1/AB, Mohammdia Housing Ltd. Mohammadpur Dhaka Dhaka 1207',1,'1730300655','rakin84@hotmail.com',0,'2022-12-18 07:51:07',NULL),(117,'Mustafa Rabbi','House No - 15, Road No -02, Flat No - 1/AB, Mohammdia Housing Ltd. Mohammadpur Dhaka Dhaka 1207',1,'1730300655','mustafa_rabbi@live.com',0,'2022-12-18 07:52:11',NULL),(118,'Dr. Abdullah Al Mamun','Sarak Bhaban, Tejgaon, Dhaka',1,'1730782571','',0,'2022-12-18 07:52:33',NULL),(119,'Ln Md Azazul Hoque','Mohakhali DOHS',1,'1732645445','azazuhoque555@gmail.com',0,'2022-12-18 07:52:57',NULL),(120,'Mr.Ratan','Sharak bhabhan,Tejgaon ,Dhaka\r\n',1,'1734945010','',0,'2022-12-18 07:53:25',NULL),(121,'Aiman Jan Chowdhury','Flat no. 8A, House 67, Road 6, Block A, Section 12. Mirpur, Dhaka 1216.',1,'1737329656','',0,'2022-12-18 07:54:00',NULL),(122,'Mr Rounak Niloy','Mogbazar Dhaka',1,'1737715110','',0,'2022-12-18 07:54:38',NULL),(123,'Udoy Ali','Flat 4B, House 46/A, Road 6/A Dhanmondi R/A, Dhaka - 1209',1,'1737830412','udoy_ali@hotmail.com',0,'2022-12-18 07:55:09',NULL),(124,'Shubham Chakrabarty','Holding no 3610, PTI Road, Habiganj Sadar, Habiganj 3300.',1,'1738477422','chakrabarty.shubham72@gmail.com',0,'2022-12-18 07:55:35',NULL),(125,'Rayhan Ahmed Ridoy','House 01 Road 12/A Sector 7 apart-ab3',1,'1740229920','',0,'2022-12-18 07:56:11',NULL),(126,'Md. Abu Hasnath','Haque Residential Society, Khalpar road, Kadamtala Bridge, Basabo, Dhaka',1,'1742000478','',0,'2022-12-18 07:56:37',NULL),(128,'Shadman Rafid','Uttara Dhaka',1,'1742250606','',0,'2022-12-18 07:57:09',NULL),(129,'Shanta Ahmed','Demra Staff Quarter',1,'1745215478','',0,'2022-12-18 07:57:23',NULL),(130,'Md mortuza','Chadpur',1,'1745671901','',0,'2022-12-18 07:57:49',NULL),(131,'Shakil Ahsan','Dhanmondi,',1,'01710099999','',0,'2022-12-18 08:16:35',NULL),(132,'Labib Hossain','27 shantinagar peer shaheb ar goli, Paltan, Dhaka, Dhaka',1,'1710826830','labib7680@gmail.com',0,'2022-12-18 08:17:08',NULL),(133,'Raihan Chowdhury','Flat - 6A, House - 518, Road -1, Block-D',1,'01711091006','',0,'2022-12-18 08:17:36',NULL),(134,'Bikrampur Traders','Bidisha super market, gulshan-2, Dhaka',1,'01711101487','',0,'2022-12-18 08:17:59',NULL),(135,'Prince ik','Home 43 ceantral road shoptoshi Dhaka Dhaka 1205',1,'01711166031','princeik1090@gmail.com',0,'2022-12-18 08:18:24',NULL),(136,'Mr. sampo Shaha','H# Boroshana kunjo,Rony City, C I khola, Shiddhirganj,Narayanganj.',1,'01711278824','samposaha394@gmail.com',0,'2022-12-18 08:18:46',NULL),(137,'SHIHAB MD SAGIR','MS SOBAHAN TRADERS SODOR ROAD NATUN BAZAR PATUAKHALI',1,'01711329511','turjotonni@gmail.com',0,'2022-12-18 08:19:13',NULL),(138,'Taksim Wares Khan','32/1 Chamelibag, Santinagar, Dhaka',1,'01711408150','',0,'2022-12-18 08:19:34',NULL),(139,'Zakir Hoshain','Swapnadanga R/A, West Dhanmondi, Dhaka - 1209',1,'01711504754','',0,'2022-12-18 08:20:03',NULL),(141,'G M Faruk','WASA Bhaban , Dampara, Chattogram\r\nJBl, WASA Corporate Branch\r\nChattogram\r\nChattogram\r\n4000',1,'01714345629','gmfaruk@outlook.com',0,'2022-12-18 08:21:42',NULL),(142,'Mr Jibon','Halishohor,Chattogram',1,'01752788365','',0,'2022-12-18 08:22:32',NULL),(143,'Mr Hamidul Islam','Postogola,Dhaka',1,'01786850616','',0,'2022-12-18 08:22:59',NULL),(144,'Mr Souvik','Bijoy Rakin City,Mirpur,Dhaka',1,'01787146292','',0,'2022-12-18 08:23:21',NULL),(145,'Mr. B M M Bari','House-200/3B, Kuril School Road Vatara Dhaka 1229',1,'1791034328','',0,'2022-12-18 08:23:38',NULL),(147,'Shamim Rahman','house 75, Road 4, Black- B, Niketon Gulshan 1, Gulshan, Dhaka, Dhaka',1,'01812226333','',0,'2022-12-18 08:24:29',NULL),(149,'Prime minister Ofiice','Prime Minister office,Tejgaon',1,'01726040526','',0,'2022-12-18 08:25:24',NULL),(150,'Mohammad Farhan Khan','Lucky Villa,House-4/B,Flat- c/2,Road-2, Gulshan-1',1,'01715384968','',0,'2022-12-18 08:25:53',NULL),(151,'Mr. Raju Bhuiyan','Heritage Resort, Narshingdi',1,'01711076363','',0,'2022-12-18 08:26:15',NULL),(152,'Mr Sadi','Mahfuz villa,Building 8,Road 7b,Nikunjo-1,Dhaka',1,'01676948864','',0,'2022-12-18 08:26:39',NULL),(153,'Navid Anwar','R# 19/1,H#69,Rupnagar R/A,Mirpur,',1,'01914031530','',0,'2022-12-18 08:27:13',NULL),(156,'Mohammed Shakil','Rangs Lily, flat#B1, house#38, Road#2, Block-B, Niketon B1 ',1,'01817017848','mdsbd@yahoo.com',0,'2022-12-18 08:29:19',NULL),(157,'Taufiq Rahman','House 77/A (5th. floor), Road 14 Block B, Banani R/A',1,'01817031441','taufiqzr2000@gmail.com',0,'2022-12-18 08:30:09',NULL),(158,'Shaikat Ahmed Shiplu','House-182, Road-W/3, Block-C, Eastern Housing, Pallabi Dhaka',1,'01817182262','',0,'2022-12-18 08:31:12',NULL),(159,'Md. Tazwar Bin Hannan','42/46 century khaleque garden, Jamtola hazi brothers rd, Narayanganj',1,'1745699480','mdtazwar46@gmail.com',0,'2022-12-18 08:31:48',NULL),(160,'Md Shahriar','fulbari, dinajpur',1,'01817296294','',0,'2022-12-18 08:31:52',NULL),(161,'Muhibur Rahman Saad','334 Senpara Parbata, Kafrul, Mirpur-10, Dhaka Dhaka Dhaka - North Mirpur 10 Bangladesh',1,'01831444003','',0,'2022-12-18 08:32:16',NULL),(162,'Mr Shoaib','Chittagong ',1,'1745856956','',0,'2022-12-18 08:32:21',NULL),(165,'Zamilur Rahman','Motijheel',1,'1745875896','',0,'2022-12-18 08:32:46',NULL),(166,'Mr. Rakib','R: 10, H:10, Flat: A, Banani, Dhaka',1,'1746821312','',0,'2022-12-18 08:33:18',NULL),(167,'Tahsin Azmain','House 05, Road 24, Sector 10, Uttara, Dhaka 1230 A5 Dhaka Dhaka 1230',1,'1748037438','tahsinazmain@gmail.com',0,'2022-12-18 08:33:45',NULL),(168,'Mr. Jibon','Halishohor, Chattagram',1,'1752722365','',0,'2022-12-18 08:35:48',NULL),(169,'Dr. Romel','Urban pantheaneer,Apt# 11-A(11th floor),H# 76, R# 11/A, Dhanmondi R/A,',1,'01677263059','',0,'2022-12-18 08:36:15',NULL),(170,'Ershad Jan Chowdhury','5/6 Block E, Lalmatia.( Near Lalmatia Mohila College) Dhaka.',1,'1755512349','',0,'2022-12-18 08:36:26',NULL),(171,'Mr Minhar','Dhanmondi Dhaka',1,'1755576679','',0,'2022-12-18 08:36:45',NULL),(173,'Hafizur Rahman','House-56,Road-3,Block-A,Dhaka Real Estate Housing 7th floor Mohammadpur Dhaka',1,'1758212374','galib.dj@gmail.com',0,'2022-12-18 08:37:09',NULL),(174,'Mr. Ammar','H# 4c,R# 5,Bbeside central hospital, Dhanmondi ,Dhaka',1,'1759987586','',0,'2022-12-18 08:37:34',NULL),(176,'Shovon Group','Dhanmondi, r#13, h#8A/B',1,'01711566551','',0,'2022-12-18 08:37:37',NULL),(177,'Shovon Group of Companies','West masdair , fatullah ,narayangang',1,'01884184715','',0,'2022-12-18 08:37:59',NULL),(180,'Md Rakibul Hasan','Royal Society Residential Area, Lucky Villa (2nd Floor), 249-C/1, South Jatrabari, Jatrabari, Dhaka-1204, Jatrabari, ',1,'01817583476','hnrakib@gmail.com',0,'2022-12-18 08:39:43',NULL),(181,'Ariq Husain','R# 141,H# 4,APT# B9,Gulshan 1,Dhaka',1,'01817625368','ariq.husain@gmail.com',0,'2022-12-18 08:40:06',NULL),(182,'Mr. Jewel','Chattai, Chattagram',1,'01817714041','',0,'2022-12-18 08:40:35',NULL),(183,'Hasan Afroz','House#25 Flat#2B, Road#01, Dhanmondi',1,'01818273067','hafroz@yahoo.com',0,'2022-12-18 08:41:11',NULL),(184,'Tanvir Ahmed','Babupara, Poradaha, Mirpur, Kushtia',1,'1763001414','',0,'2022-12-18 08:41:35',NULL),(185,'Mohibul Azam','BAT, Kalabagan',1,'01818453990','mohibulazam@gmail.com',0,'2022-12-18 08:41:37',NULL),(186,'Mr. Fahim','flat-9/10E,H#271-273,R# 7,I block,bashundhara R/A,Dhaka',1,'1764426322','',0,'2022-12-18 08:41:59',NULL),(188,'Mahbub Alam','House 802, Road 3, Baitulaman Housing Society, Adabar. A/3 ',1,'01819244492','mahbubalam3265@gmail.com',0,'2022-12-18 08:42:16',NULL),(189,'Imtiaz Ahmed','108, Nabami tower, Siddeshwari sudhi somaj, New circular road, siddeshwari, Dhaka, siddeshwari, Dhaka',1,'1765880181','',0,'2022-12-18 08:42:21',NULL),(190,'K M Mahfuzul Islam','Holding 51, Middle Auchpara, Tongi, Gazipur., Gazipur, Dhaka, Tongi',1,'1766507775','',0,'2022-12-18 08:42:40',NULL),(191,'M Hasan Adil','1/4 Eskaton Garden,Dhaka-1000',1,'1770058540','muhib.adil@gmail.com',0,'2022-12-18 08:43:00',NULL),(192,'Choton Dey','958,hafizullah madrasa,purbo shewrapara., mirpur, Dhaka,',1,'01819013041','',0,'2022-12-18 08:43:19',NULL),(193,'Dr Ummay safa upoma','Flat no N-1, NHA Tower, 16-17 Block B,Lalmatia,Dhaka',1,'1771256177','',0,'2022-12-18 08:43:24',NULL),(194,'Md. Sadiqul Amin','Flat # 6B, House # 9, Road # 11/2, Block # B, Mirpur-10 (Near Panir Tank), Mirpur-10, Dhaka, Dhaka',1,'1772324284','',0,'2022-12-18 08:43:42',NULL),(195,'Razaul kobir tonu','habigonj',1,'1772771374','',0,'2022-12-18 08:44:02',NULL),(196,'Razaul kobir tonu','habigonj',1,'1772771374','',0,'2022-12-18 08:44:02',NULL),(197,'Mohammad Zubaer','18/ka west nakhalpara, Tejgaon ',1,'01819116772','nikonhive@gmail.com',0,'2022-12-18 08:44:20',NULL),(199,'Zawad Hasan','House-951, Road-14, Avenue-02, Mirpur Dohs, Dhaka., Pallabi, Dhaka, Dhaka',1,'1776436745','',0,'2022-12-18 08:45:04',NULL),(200,'Mr. Rajan','Mafizul Islam Abashik Elaka,Chanmari, Narayangaanj',1,'01819238360','razanmahir@gmail.com',0,'2022-12-18 08:45:21',NULL),(201,'Md Ismail Hossain','354/A East nakhalpara, Tejgaon',1,'1777277086','ifahim92@gmail.com',0,'2022-12-18 08:45:35',NULL),(202,'Mr. Azraf','R# 21, H# B/184, Mohakhali DOHS, Dhaka',1,'','azraf@hossangroup.com',0,'2022-12-18 08:45:52',NULL),(203,'Reuben Haffiz','Flat# 5A, H# 60A, R# 5,Banani DOHS,Dhaka-1213',1,'1777750962','',0,'2022-12-18 08:46:20',NULL),(204,'Dip Chakrabarty','Brammonbaria.Paikpara',1,'1777904057','dipcb2222@gmail.com',0,'2022-12-18 08:46:49',NULL),(205,'Mr Shamim','Road 42 House 24B Gulshan 2',1,'01819253255','',0,'2022-12-18 08:47:02',NULL),(206,'Muhimin Fahad','Mohini 148/9, Lamapara, Shibgonj, Sylhet, Lamapara, Shibgonj, Sylhet, sylhet, bangladesh',1,'1779032299','fmuhimin@gmail.com',0,'2022-12-18 08:47:14',NULL),(207,'Nazrul islam','Chattogram Feni Feni Sadar Bangladesh',1,'01819807510','',0,'2022-12-18 08:47:27',NULL),(208,'Sajeed Hossain','House: 41, Road: 04, Block: F, Banani, Dhaka-1213',1,'1781859502','sajeed@meridian.international',0,'2022-12-18 08:47:47',NULL),(209,'Ariful Haque','16, Kemal Ataturk Avenue, Tower Hamlet (9th Floor) Banani Dhaka Dhaka - North Banani Road No. 1 - 11 Bangladesh',1,'01819815253','',0,'2022-12-18 08:47:57',NULL),(210,'Md. Sherajul Islam','F# 5c, H# 22/1, R# 4, Dhanmondi -1209',1,'1782443322','sheraj146@gmail.com',0,'2022-12-18 08:48:15',NULL),(211,'Mohammed Mizanur Rahaman','khagrachari Bazaar, Khagrachhari, Chittagong,',1,'01820700700','say2mizan@gmail.com',0,'2022-12-18 08:48:38',NULL),(212,'Tanzirul Rehaman Khan','H: 4, R: 9, Dhanmondi, Dhaka',1,'1782505050','',0,'2022-12-18 08:48:40',NULL),(215,'Zayed Hassan','Flat- 15B-7, House- Rupali, Khilkhet, Lake City Concord, Dhaka',1,'1783666669','',0,'2022-12-18 08:49:02',NULL),(216,'Rubina Islam','Dijnajpur Bangladesh',1,'1784847858','',0,'2022-12-18 08:49:25',NULL),(219,'Ashiq Zaman','road 11 block c house 6 mirpur 1 dhaka 1216, Mirpur Model, Dhaka, Dhaka',1,'1841406816','',0,'2022-12-18 08:50:22',NULL),(220,'Rahul Reza Ovi','Res Group, Motaleb Mansion (3rd FL), 2 R.K. Mission Road (Beside Inqlab Bhaban), Motijheel, Dhaka 1203, Bangladesh.',1,'1841999381','ovirahulreza@gmail.com',0,'2022-12-18 08:50:47',NULL),(222,'Mr Abdur Rahman','Wari Dhaka Bangladesh',1,'1842565687','',0,'2022-12-18 08:51:21',NULL),(223,'Syed Kamrul Hassan','H# 11, R# 30,Sector 7, Uttara ,Dhaka-1230',1,'1844490006','mehedi@clt-bd.com',0,'2022-12-18 08:51:38',NULL),(224,'Md. Anisuzzaman','R# E2,H# E107,Eastern Housing Ltd. Pallabi 2nd phase,Mirpur ,Dhaka-1216',1,'1847095314','',0,'2022-12-18 08:52:00',NULL),(226,'AR. Fazlay Alahi','H# 67,R# 17, Banani, Dhaka',1,'1847152326','fuad_2075@yahoo.com',0,'2022-12-18 08:52:26',NULL),(227,'Dibbo Das','Kazikanda Ma clinic Rajbari Sadar Rajbari 7700',1,'1856688778','dibbodas606@gmail.com',0,'2022-12-18 08:52:48',NULL),(228,'Mr Anik','H-172, rd-4,block-d,basundhara R/A',1,'1858833323','',0,'2022-12-18 08:53:11',NULL),(229,'Md. Imran Khan','5/1 Purbo Maniknagar, Dhaka',1,'1867861851','',0,'2022-12-18 08:53:29',NULL),(230,'Rafiq Ctg','HOME:SD VILLA, moydar mill goli,Muradnagar P.S: bayezid Chattogram Chattogram Chattogram Sadar Amin Jute Mills Bangladesh',1,'1868031886','',0,'2022-12-18 08:54:09',NULL),(232,'MD. Sazib Ahmed','Nazipur, Naogaon [Sundarban Courier Branch- Najipur (Under Naogaon District. Branch Code- NJP)]',1,'1871887499','',0,'2022-12-18 08:54:24',NULL),(233,'Mehedi Hasan','Bhairab Stadium, Bhairab, Bhairab, Kishoreganj, Dhaka',1,'1876901901','meheditk800@gmail.com',0,'2022-12-18 08:54:52',NULL),(234,'Mr. Rafi Shaheb','Block# J,R# 27, H# 5,Banani, Dhaka',1,'1883096207','',0,'2022-12-18 08:55:13',NULL),(235,'Shakil Rahman','H# B3,R# 58,Gulshan 2,Dhaka',1,'1910999000','shakil@constellationamc.com',0,'2022-12-18 08:55:36',NULL),(236,'Raihanul Kabir','Mirpur Dhaka Dhaka Dhaka 1216',1,'1911211222','r.b2kabir.bd@gmail.com',0,'2022-12-18 08:55:57',NULL),(237,'Faizur Rahman','Faizur Rahman, 55 siddheswari Rupayan swapno niloy Near Monwara hospital Opposite viqarunnisa school gate no 9 Flat B10, Dhaka, Dhaka, Dhaka',1,'1911367920','faizurr@gmail.com',0,'2022-12-18 08:56:23',NULL),(238,'Ramim Ahmed','Flat-04, Rupali Bank Bhaban (Beside Adamji Cantonment School)Cantonment Dhaka 1206',1,'1911892631','ramimfpl@gmail.com',0,'2022-12-18 08:56:55',NULL),(239,'Shamim al Mamun','Tongi College Gate Donto Para House Building, Sharkar Masjid er Pashe, , Dhaka Gazipur, tongi',1,'1912389583','',0,'2022-12-18 08:57:32',NULL),(241,'Sadbin chy','road no-4 house no-98,Nasirabad Cosmopolitan, Chittagong ',1,'01821026313','chy.sadbin@gmail.com',0,'2022-12-18 08:57:55',NULL),(242,'Muhammad Faiyaz Murshed','House #50, Road 7/A, Apt-A5,Dhanmondi A5 Dhaka Dhaka 1209',1,'1912772860','murshed.faiyaz@gmail.com',0,'2022-12-18 08:58:00',NULL),(243,'Mahfuzur Rahman','153,Shantinagar,Dhaka',1,'1912920660','',0,'2022-12-18 08:58:25',NULL),(244,'Md. Mohiuddin Khan','Kotwali, Cumilla.',1,'01827102020','khan9937@gmail.com',0,'2022-12-18 08:58:34',NULL),(245,'Md Rubel Islam','National Bank Limited, Uttara Branch, Sector 7, House Building, Uttara, Dhaka, Dhaka',1,'','',0,'2022-12-18 08:58:43',NULL),(246,'Mahadi Hasan','DS Computer,Rail Gate,Feni Sadar, Feni',1,'01827604154','mahadeh577@gmail.com',0,'2022-12-18 08:59:07',NULL),(247,'Md Zahid Hassan','House# 35 Road# 12 Sector# 4, Uttara, Dhaka, Dhaka',1,'1913061234','',0,'2022-12-18 08:59:16',NULL),(249,'Daniel Ludwig','Daniel Ludwig Zia\'s Golf Green, 93/A, Road #6/C Dhaka Dhaka - North Banani DOHS Dhaka',1,'01829905477','',0,'2022-12-18 08:59:31',NULL),(250,'Tanzir Ahmed Choudhuri','House # 27, Road # 6, Dhanmondi R/A Flat # A4 Dhaka Dhaka 1205',1,'1914602221','',0,'2022-12-18 08:59:42',NULL),(252,'Md Muhibur Rahman','Rashid Tower (7th floor), House#21, Road#11, Gulshan-1, Dhaka',1,'01831444003','',0,'2022-12-18 09:00:04',NULL),(255,'Dewan Asif Al Arafat','H:9, R:4 Sec: 3, Uttara.',1,'1917999969','',0,'2022-12-18 09:00:40',NULL),(256,'Nurul Huda Milton','Popular Pharmaceuticals Ltd,17 Sukrabad Sheltech Pathokunjo',1,'01833156598','',0,'2022-12-18 09:00:41',NULL),(257,'Mr Refayat Ullah','House-8E,Road-14(new) Flat-1E, Dhanmondi, dhaka',1,'1919827243','',0,'2022-12-18 09:00:53',NULL),(258,'Naushad Rahman','House 23/Q Road 2 Block D Apartment 4 Bashundhara R/A Dhaka',1,'01833181390','nsrnaushad76@gmail.com',0,'2022-12-18 09:01:19',NULL),(260,'Eamad Uddin','26# Nando Kumar Dutta Road,Churihatra,Lalbagh,Dhaka 1211 NoorJahan Orchid Dhaka,Lalbagh Dhaka 1211',1,'1921117333','eamaduddin@gmail.com',0,'2022-12-18 09:01:42',NULL),(261,'Mohammad Nayem','House#152, Road#02, North Shyamoli, West Agargaon Near Kaji Office, Amena Malek Masjid. (Skin Touch Beauty Parlor Goli.) Dhaka Dhaka 1207',1,'1922003953','iamnayem@gmail.com',0,'2022-12-18 09:01:59',NULL),(262,'Mrinal','172 Gawair Madrasa Ashkona, Dakkhin Khan',1,'01833353270','mrinal@aafashion.net',0,'2022-12-18 09:02:12',NULL),(263,'AL-AMIN MOHAMMED','GA-195,Mohakhali Wireless Gate (Opposite Side Of Titumir College Gate),Dhaka-1213. MOB:01753888188., MOHAKHALI, DHAKA, BANGLADESH.',1,'1922955555','alamin1357@gmail.com',0,'2022-12-18 09:02:24',NULL),(264,'SMH Shimul','33/1, East kazipara , Kafrul , Mirpur -1216, Dhaka .',1,'01838888833','',0,'2022-12-18 09:02:31',NULL),(265,'Shafkat Reaz','Flat: 4A, House: 28, Road: 4, Dhaka Cantonment - 1206',1,'1924086464','shafkatreaz@gmail.com',0,'2022-12-18 09:02:46',NULL),(704,'SQ Group','SQ Hues Ltd.   Jamirdia, Valuka, Mymensingh',1,'+8801913050858',NULL,0,'2023-06-13 06:55:17',NULL),(703,'Innovative Collection','Lane#4, House#146, Mohakhali DOHS Delivery Address: Radisson Blu Dhaka, Bangladesh.',1,'+880 1913255274',NULL,0,'2023-06-07 07:09:02',NULL),(268,'Khandoker Shariful Alam','Essential Drugs Company ltd,395-397 Tejgaon I/A',1,'01841080888','',0,'2022-12-18 09:22:52',NULL),(269,'Sadi Abdullah','House 68, 1st Floor, TransCorp, Road 20, Sector 11, Uttara 11, Dhaka',1,'01841361915','sadi@transcorp.com.bd',0,'2022-12-18 09:23:39',NULL),(270,'Rokhi Limited ','Road#17, House#31 Banani,',1,'01732297813','',0,'2022-12-18 09:24:11',NULL),(271,'Mr. Mousuf Ahmed','CyberNet,House-269(top floor) Lake rd-19,Mohakhali DOHS',1,'','',0,'2022-12-18 09:24:33',NULL),(273,'ROBI','Robi head office',1,'01819400400','',0,'2022-12-18 09:25:27',NULL),(274,'BRAC Net Limited','Axis Delvistaa (Level 3) 7/1, Aurangajeb Road,Block-A, Mohammadpur Housing Estate,Mirpur Road,',1,'','',0,'2022-12-18 09:26:14',NULL),(275,'Hardware Plus','Kuril, Dhaka ',1,'','',0,'2022-12-18 09:27:40',NULL),(276,'Eastern Housing Limited','EHL Headoffice, Gulshan Project',1,'01713060939','',0,'2022-12-18 09:32:19',NULL),(277,'MD. Mustak Ahamed','Jamaldi, Hosendi, Gazaria, Munshiganj',1,'01815420438','',0,'2022-12-18 09:32:42',NULL),(279,'Md. Monir Hossain','Ferozsha Colony, Chittagong, Akbersha',1,'01719142687','',0,'2022-12-18 09:33:45',NULL),(280,'Md Hasan','Ahsan Ullah, 10, Tayenbee Circular Road, Motijheel, Dhaka-1000',1,'01924424184','',0,'2022-12-18 09:34:05',NULL),(281,'Rancon Developments Ltd','House-24/A, Road-10, Gulshan-1,\r\nDhaka-1212, Bangladesh.',1,'01708136523','info@rancondevelopments.com',0,'2022-12-18 09:34:24',NULL),(283,'Wais Al Karim','3/1602 Eastern Tower, 51 New Eskaton Road,',1,'01736246698','',0,'2022-12-18 09:38:21',NULL),(284,'Mohammad Arif Hossain','Joytun Monjeel, 9/7, Boshiruddin Road (Mosjid Goli), North Dhanmondi, Kalabagan, ',1,'1974115549','',0,'2022-12-18 09:38:45',NULL),(285,'Mrs. Zara','House- 126, Road-27,Block-A,Banani',1,'01833182215','',0,'2022-12-18 09:39:07',NULL),(286,' Robiul Hasan Babu','Narshingdi',1,'','',0,'2022-12-18 10:02:06',NULL),(287,'Md. Firoz Khan','Kashbon,100 feet',1,'01752277787','mdfirozkhan464@gmail.com',0,'2022-12-18 10:02:37',NULL),(288,'Mr. Jahid hossain ','Road#66, House #11 (Chittra) Gulshan 2',1,'','',0,'2022-12-18 10:03:11',NULL),(289,'Zahra Khan','House-126, Road-27, Block-A, Banani',1,'01833182215','zahrakhan23@yahoo.co.uk',0,'2022-12-18 10:03:42',NULL),(290,'Sunnyat Ahmmed','Unit-2B, 922 Shahidbagh, Dhaka',1,'01784040096','',0,'2022-12-18 10:04:15',NULL),(291,'Md. Belayet Hossain','Chakaria, Cox\'s Bazar',1,'01845110588','belayetbspi@gmail.com',0,'2022-12-18 10:04:53',NULL),(292,'Rushan Zaman','Jessore Sadar',1,'01609565553','',0,'2022-12-18 10:05:22',NULL),(293,'Imtiaz Mohsin','Rd-8, House-20 Block-C1, Gulshan-1, ',1,'01748853900','imohsin900@gmail.com',0,'2022-12-18 10:06:25',NULL),(294,'Pavel Rahman','R# 68/a, H# 31, Gulshan-2, Dhaka',1,'01714117053','',0,'2022-12-18 10:06:44',NULL),(295,'OM Subrotho','Desh Telecom, Chowmona, Moulvibazar.',1,'01716526728','',0,'2022-12-18 10:07:54',NULL),(296,'Mr. Ansari','Apt first floor, H# 17/b, R# 126,Gulshan 1',1,'01678600500','',0,'2022-12-18 10:09:01',NULL),(297,'Peacock International','1/1/1 South Begunbari, Tejgaon I/A, Dhaka-1208',1,'01715632580','peacock@dodygroup.com',0,'2022-12-18 10:09:26',NULL),(298,'Ayana Decor and Design','Living Space Complex, House#08, Road#13, Dhanmondi, Dhaka',1,'01685240573','',0,'2022-12-18 10:09:50',NULL),(299,'Md. Baqui Billah','H# 30, R# 2d,Sector 4,Uttara , Dhaka',1,'01962424501','baqui517@gmail.com',0,'2022-12-18 10:17:52',NULL),(300,'Samsul Islam','Rupali Hardware And Paint, Chawk Bazar,, Holding Number: 424, Bhairab Bazar',1,'01710072737','rupalihardwareandpaint@gmail.com',0,'2022-12-18 10:19:00',NULL),(301,'Biplob Malaker','2nd floor,17/2, rankin street, wari, dhaka',1,'01711560261','',0,'2022-12-18 10:19:23',NULL),(302,'Kazi Shahin','Jamalpur, Palashbari, Gaibandha',1,'01928717652','',0,'2022-12-18 10:19:47',NULL),(303,'Tanin Rahman Tushar','Ka-1, South kuril, Joar shahara bazar road',1,'01881180614','tanintushar9228@gmail.com',0,'2022-12-18 10:20:12',NULL),(304,'MD. Sumon','Holding No.16/2, Block-D, Mosjid Road, Purbo Nurer Chala,',1,'01815777300','',0,'2022-12-18 10:21:30',NULL),(305,'Sabbir Ahmed','Boyra, Khulna',1,'01925225990','sabappyy2@gmail.com',0,'2022-12-18 10:22:22',NULL),(306,'Dody Group (Peacock)','',1,'01715632580','',0,'2022-12-18 10:23:03',NULL),(307,'Zibrat','Ash-Shams light house, 3/4-A purana Paltan, Sabbir tower, Dhaka',1,'01717435529','',0,'2022-12-18 10:23:45',NULL),(308,'Md Sojib Ahmed','Madhabpur, Hobiganj',1,'01775705361','',0,'2022-12-18 10:24:39',NULL),(309,'Apu lily jewelers ','46/2 debendra nath Das lane . ATM goli . Sutrapur .',1,'','',0,'2022-12-18 10:25:18',NULL),(310,'Seyam Mohammed','42/2 Indira Road, Flat A-7',1,'01739973851','seyamcm@gmail.com',0,'2022-12-18 10:26:14',NULL),(311,'Praakrita Nirman Ltd.','H-985, R-16, A-2, Mirpur DOHS. Dhaka',1,'','info@praakrita.com',0,'2022-12-18 10:26:35',NULL),(312,'Mr.Mehedi Iqbal','H# 40, R# 11,Sector 4,Uttara, Dhaka ',1,'01717001940','',0,'2022-12-19 04:54:39',NULL),(313,'Mr. Nafiz Mondol','Pasbibi, Joypurhat, Rajshahi',1,'01755583803','',0,'2022-12-19 04:55:34',NULL),(314,'Mr. Rakib','Sherpur, Bogura',1,'01725431378','rakibmub106@gmail.com',0,'2022-12-19 04:56:35',NULL),(315,'Design Age','79/C, New Airport Road, Chairmanbari, Banani, Dhaka',1,'01844001053','hotline@designage.com.bd',0,'2022-12-19 04:57:35',NULL),(316,'Mr. Khaza Tasim','7 Mosque Road, Mohammadpur, Dhaka.',1,'01790726336','',0,'2022-12-19 04:58:22',NULL),(317,'Numayer Haque','Flat#A7, House#300N, Road#15/A, Block#A, Bashundhara R/A',1,'01703855836',NULL,0,'2022-12-19 04:59:15','2023-12-02 08:58:03.000000'),(318,'Md Shahid Siddiq','Mouchak, Gazipur',1,'01712937102','',0,'2022-12-19 05:01:22',NULL),(319,'Md. Noor Hossen','Macca villa, H# 8, R# 9, Block A, Nobodoy Housing, Mohammadpur , Dhaka',1,'01734880596','',0,'2022-12-19 05:02:02',NULL),(320,'Mr. Touhidur Rahman','75 & 76 North Bashabo, Dhaka',1,'01731414120','',0,'2022-12-19 05:02:27',NULL),(321,'Sajid Hassan Chowdhury','Prantik 4, Shubidbazar, Sylhet',1,'01713077179','kamran@tlcbd.com',0,'2022-12-19 05:03:04',NULL),(322,'Anupom Sajib Barua','Holding No.: 0222\r\nRally Barua\r\nNear Old Public School\r\nVillage: Sayedbari,\r\nP.O: Rangunia,\r\nP.S: Rangunia,Chittagong',1,'01670476938','asbrally05@gmail.com',0,'2022-12-19 05:24:25',NULL),(323,'Dhaka Electric','Gulshan 2',1,'','',0,'2022-12-19 05:24:57',NULL),(324,'Munazzir Shehmat Karim','Apt-AB5 , Moonstone Mason, House 144, Road-13B, Block E, Banani',1,'01847200368','Munazzir.Karim@sc.com',0,'2022-12-19 05:25:37',NULL),(325,'Mr. Akter','H# 46(GLG crescent, R# 1, Sector-9, Uttara , Dhaka',1,'01713178618','',0,'2022-12-19 05:25:56',NULL),(326,'Nabila Ahsan','38/1, New Eskaton- BIAM School Road',1,'01919211537','',0,'2022-12-19 05:26:16',NULL),(327,'Musfiq Mim','',1,'','',0,'2022-12-19 05:26:24',NULL),(328,'Maksudur Rahman Moon','Mohammadpur Bosila',1,'01711090212','moon@aatecbd.com',0,'2022-12-19 05:26:41',NULL),(329,'Namir Ahmed','H# 2A, R# 84, Gulshan 2, Dhaka',1,'01670072021','',0,'2022-12-19 05:27:05',NULL),(330,'Mr.Shimanto','Mipur 10/ paris road, R# 30, H# 17&19, Dhaka',1,'01303535963','',0,'2022-12-19 05:27:28',NULL),(331,'Minimal Limited','AR.Rahman Masudur Rahman Teachers Garden (5th froor), Ansar Camp(near hajji wasir khan masjid) , Mirpur 1,Dhaka',1,'01552448768','',0,'2022-12-19 05:27:48',NULL),(332,'Ata-E-Rabbi Wafi','Bashundhara R/A block C road 10 house 363 flat 5B',1,'01552467444','',0,'2022-12-19 05:28:04',NULL),(334,'Jubayer Ahmed','Road-8, House-2, Apt-A2, Uttara Sector-10, Dhaka Bangladesh',1,'01733991041','zaki_iub@hotmail.com',0,'2022-12-19 05:28:34',NULL),(335,'Md Abdul Alim','House-107/1, Block - D, Road - Mouchak ChwdhuryPara, Village- Mijmiji, Shiddhirgonj, Narayangonj.',1,'01673649476','',0,'2022-12-19 05:28:59',NULL),(336,'Sabbiqur Rahman','House: 481, Road-32, Mohakhali DOHS, Dhaka',1,'','',0,'2022-12-19 05:29:21',NULL),(338,'Mr. Mahidul Islam','Uttara',1,'01317749942','',0,'2022-12-19 05:30:02',NULL),(339,'Silver Composite Textile Miles Ltd','Silver Tower, level-19,52 Gulshan Avenue,Gulshan-1, Dhaka-1212',1,'29858756','',0,'2022-12-19 05:30:21',NULL),(340,'Ahmedia Traders ','18, bhabon Market, gulshan, dhaka1212',1,'01674606781','ahmedia.traders@yahoo.com',0,'2022-12-19 05:30:51',NULL),(341,'Ascend Interiors & Construction','Flat - 10A, House - 22, Road - 9/A, Dhanmondi',1,'01778639000','',0,'2022-12-19 05:31:35',NULL),(342,'Muhtasin Ifti','Dhaka',1,'01870065430','',0,'2022-12-19 05:31:54',NULL),(343,'Ashiqur Rahman','ka 193, Sayed Ali Member Bari, Kuril, Vatara, Dhaka-1229',1,'01707162961','ashiq8632@gmail.com',0,'2022-12-19 05:32:49',NULL),(344,'Dr.Harun Ur Rashid','Sterling,Uttara Dhaka',1,'','',0,'2022-12-19 05:33:17',NULL),(345,'Mohammad Sikandar','14/15 Darus salam road,Mirpur, Dhaka',1,'01711330275','',0,'2022-12-19 05:33:34',NULL),(346,'Md Akter Hossain','8 Rankin Street, Fortune Tower, Wari Dhaka.',1,'01711430868','',0,'2022-12-19 05:34:08',NULL),(347,'Arif Billah','Sector 11, Uttara, Dhaka',1,'01611664965','arifbillahaman@gmail.com',0,'2022-12-19 05:34:39',NULL),(348,'Ali Noor Khan','Dhanmondi 11/A',1,'','',0,'2022-12-19 05:34:51',NULL),(349,'Mr. Arham','House-18, Lalbag Shahesta Khan Road, Dhaka',1,'01531183103','',0,'2022-12-19 05:35:13',NULL),(350,'Mr. Jobaed Hasnan','House-1/1, Road-2, Block-D, Section-6, Mirpur, Dhaka',1,'01841261701','',0,'2022-12-19 05:35:45',NULL),(351,'Mr. Shekh Tazwa','House-55, Road-12/A, Floor-A5, Dhanmondi, Dhaka',1,'01729292934','',0,'2022-12-19 05:36:01',NULL),(352,'Shimmi Momena Ismail Sarker','RANCON Artisti Plot # 01, RD # 59, Block # NW(D), Gulshan Model Town, Dhaka',1,'','',0,'2022-12-19 05:37:45',NULL),(353,'Shoaib Ahmed','Star Solution, House #1, Road#22, 1st Floor, Uttara Sector #10, Dhaka',1,'01713229801','imac_20032003@yahoo.com',0,'2022-12-19 05:39:46',NULL),(354,'Rashik Ahmed','5/A, Raipur House, West Malibagh, Dhaka',1,'01786633874','',0,'2022-12-19 05:40:11',NULL),(355,'Minhajuddin Bhuiyan Atul','Rampura, Dhaka',1,'01611112749','',0,'2022-12-19 05:40:58',NULL),(356,'Kristi Architects','Block -B ,Banani, House - 78, Road - 10-1',1,'01711428372','kristi.architects@gmail.com',0,'2022-12-19 05:41:31',NULL),(357,'Aziz Interiors','Maijdi, Noakhali',1,'01630149494','',0,'2022-12-19 05:41:49',NULL),(358,'Archtree Architect','plot- 34-cha, Rahanlake view, Badda',1,'01914576363','',0,'2022-12-19 05:42:25',NULL),(359,'Sahidi Jam-e Masjid','Abul Hotel, next to flyover landing',1,'1711564663','',0,'2022-12-19 05:43:10',NULL),(360,'Md. Nuruzzaman','H# 146, R# 13/B, Block E, Banani,Dhaka',1,'1714098093','',0,'2022-12-19 05:43:35',NULL),(361,'Md Muyeedur Rahman','H#34(Tilottoma), R#05, B#E, Banasree, Rampura, Dhaka',1,'1766696194','',0,'2022-12-19 05:44:14',NULL),(362,'Tamanna','379 Free Schoor Street, Hatirpul, Dhaka.',1,'01816319550','',0,'2022-12-19 05:44:58',NULL),(363,'Mr. Abrar Haque','Niketan, B-Block, Road- 03, House-Anawer\'s Kitchen.',1,'01753021207','',0,'2022-12-19 05:45:21',NULL),(364,'Mr. Rafiq  - Index','MF Tower, ga-95/c, , progoti Sharan, Gulshan',1,'01844224005','rafiq@index-companies.com',0,'2022-12-19 05:45:51',NULL),(365,'Mr. Saiful Hasan','Malibag, Dhaka.',1,'016244416666','',0,'2022-12-19 05:46:19',NULL),(366,'Engr. Fani Bhusan Debnath','SEL Afroza Azure, KA-34,Apartment No-6A,Mohakhali,Dhaka',1,'01844004020','fani_debnath@yahoo.com',0,'2022-12-19 05:46:38',NULL),(367,'Mosaddek Bhuiyan','4/28 Bhuiyan villa,Muslimnagar, Demra, Dhaka',1,'01776276908','mosaddekbhuiyan@gmail.com',0,'2022-12-19 05:47:04',NULL),(368,'Joshim Uddin','Uttara , sector 8, road - 3 ',1,'01713113605','',0,'2022-12-19 05:47:16',NULL),(369,'Fahim Islam','Bashundhara R/A, Block i, Road 7, Plot 271-273, Apt 10A',1,'01789117647','',0,'2022-12-19 05:47:40',NULL),(370,'Shourov Khandker','',1,'01670961827','',0,'2022-12-19 05:47:56',NULL),(371,'Tauhid Irteza Ali','House-573, Road-9, Mirpur DOHS',1,'01962424471','',0,'2022-12-19 05:48:12',NULL),(372,'Farid latif','',1,'01730380633','',0,'2022-12-19 05:48:24',NULL),(373,'Abid Kaiser','',1,'01755548424','abid.kaiser69@gmail.com',0,'2022-12-19 05:48:43',NULL),(374,'Abdun Noor Tushar ','House#1/A, Block-B, Majar Road, 1st Colony, Gabtoli, Dhaka',1,'01711528427','',0,'2022-12-19 05:49:06',NULL),(375,'Nahid Hossen','348/5,60feet paka moshjid,beside sat soter restaurant, Dhaka',1,'18260059741','',0,'2022-12-19 05:49:23',NULL),(376,'Mr. Rubel','1362/8 South Dhonia.',1,'01819444968','',0,'2022-12-19 05:49:41',NULL),(377,'Mr. Tarek','Mohammadpur',1,'019900355365','',0,'2022-12-19 05:49:57',NULL),(378,'Ibrahim khalil','Basurhat, Companigonj, Noakhali',1,'01647150692','',0,'2022-12-19 05:50:15',NULL),(379,'Galib Hasan','Block C, Road 1, H 29, Bashundhara, Dhaka.',1,'01708719124','',0,'2022-12-19 05:50:35',NULL),(380,'Eusha Khan','Road 7/A, sector 3, Uttara',1,'01797519967','eushakhan911@gmail.com',0,'2022-12-19 05:51:08',NULL),(381,'AHM Masum','House#532/2, Lane#11, Baridhara DOHS',1,'01730029274','',0,'2022-12-19 05:51:40',NULL),(382,'Mr. Rafiq Uddin','6th Floor, House#15, Road#02, Sector-5, Uttara, Dhaka',1,'01711605130','',0,'2022-12-19 05:51:54',NULL),(383,'Tahlil Toyeb','House-56 Road-15\r\nApartment-1A (1st floor)\r\nUttara',1,'01888703174','tahliltoyeb@gmail.com',0,'2022-12-19 05:52:12',NULL),(384,'Orendt Studios CGI- Film production GmbH','Koenigsberger Str. 100/Geb. A01 40231 Dusseldorf, Germany',1,'01777058790','m.mishu@orendtstudios.com',0,'2022-12-19 05:53:07',NULL),(385,'Mr. Wasif','',1,'','',0,'2022-12-19 05:53:27',NULL),(386,'Mr. Parvez Sajjad','70/A-2, Indira Road, Tejgoan,  Dhaka.',1,'01713046962','Parvez.sajjad1@bd.nestle.com',0,'2022-12-19 06:03:30',NULL),(387,'Mr. shafee Bulbul','Basundhara R/A, Block I,Road- japan street,plot -1136/F,park home ,flat b-5, Dhaka',1,'01769003539','shafeebulbul@gmail.com',0,'2022-12-19 06:06:44',NULL),(388,'Fahimul Islam','98/6-A Boro Moghbazar Dhaka 1217',1,'01911219177','famislam@aol.com',0,'2022-12-19 06:07:23',NULL),(389,'Brand Marrow','ECB Chattor, Kalshi, Mirpur',1,'01781631357','',0,'2022-12-19 06:07:38',NULL),(390,'Shafiul Islam','',1,'01640479685','',0,'2022-12-19 06:07:48',NULL),(391,'Rajon Raj','AR MOBILE, KASHIANI BAZAR, KASHIANI, GOPALGONJ',1,'01911839412','rajon.ahmed6@gmail.com',0,'2022-12-19 06:08:07',NULL),(392,'Mr. Raktim','Bengal furniture mart, Station road, Raani Bazar, Rajshahi',1,'01711349334','',0,'2022-12-19 06:08:24',NULL),(393,'LUSSO BANGLADESH Limited.','House- 12, Road-2/A, Banani',1,'01303223743','',0,'2022-12-19 06:08:44',NULL),(394,'Alamgir Hossain','Azad rifat fibres, ramarbag(katherpool), kutubpur , fatullah, Narayanganj',1,'01911445804','',0,'2022-12-19 06:08:56',NULL),(396,'Mustafa Taher','House-5 (2nd Floor), Road- 12, Block-G /1, Sector-2, Mirpur (opposite of IBN Sina, Shialbarir mour)',1,'01833180671','',0,'2022-12-19 06:09:27',NULL),(397,'Yash Gk','Sector#6 Road#10 House#5 Uttara',1,'8801819292713','',0,'2022-12-19 06:09:45',NULL),(399,'Moshiur Sarder','Faser Tek Road, Vatara',1,'01521308628','moshiursarder@gmail.com',0,'2022-12-19 06:10:37',NULL),(400,'Md. Harun Or Rashid','House 301, Road 02, Baitul Aman Housing, Adabor, Dhaka',1,'01784881022','enubabu@gmail.com',0,'2022-12-19 06:10:59',NULL),(401,'Md Bayezid Hossain','F#4/B, 108/B, Khanam Tower, East Rampura, Dhaka.',1,'01718418284','',0,'2022-12-19 06:11:13',NULL),(402,'Rezwan Amin Khan','H# 297/c, Shafiat road, Flat# a4, Block# c, Bashundhara R/A, Dhaka',1,'01755515795','',0,'2022-12-19 06:11:28',NULL),(403,'Talukder Enterprise ','Showroom: 5 Stadium Market,Chandpur. ',1,'01909115570','jeweltalukder00@gmail.com',0,'2022-12-19 06:12:03',NULL),(404,'Sheikh Tajwar Hossain','House#55, Road#12/A, Dhanmondi, Dhaka',1,'01729292934','',0,'2022-12-19 06:12:18',NULL),(405,'Naveed Mayaz Khan','Flat #A3 House #388 road #9',1,'01799389340','',0,'2022-12-19 06:13:53',NULL),(406,'Abdur Rahim','Naraynganj Bondor, Mushapur, Nawagao.',1,'01893836001','',0,'2022-12-19 06:14:12',NULL),(407,'Fabian Ismat','House#10, Road#17/A, Banani, Dhaka-1213',1,'01743522735','afi2806@gmail.com',0,'2022-12-19 06:14:30',NULL),(408,'Imran Hossain','North Badda',1,'01718063446','imran.shohagh@gmail.com',0,'2022-12-19 06:14:54',NULL),(409,'Shammi Rubayet Karim','Flat-10A House#10 Road#10 Block-H, Banani',1,'01713090011','',0,'2022-12-19 06:15:38',NULL),(410,'Saomun Zaman','H# 67/1, R# 4, Block# b, Section# 12, Mirpur Pallabi, 3rd floor, Dhaka',1,'01833183393','',0,'2022-12-19 06:15:55',NULL),(411,'Md. Risalat Siddique','',1,'01711795899','',0,'2022-12-19 06:16:11',NULL),(412,'Md. Rezaul','',1,'01712509397','',0,'2022-12-19 06:16:28',NULL),(413,'Mahabubur Rahman','19/2 Eskaton Garden ',1,'01973460782','tuhin_cl@yahoo.com',0,'2022-12-19 06:16:52',NULL),(414,'Tanvir Kalam','chittagong city',1,'01711405954','',0,'2022-12-19 06:17:07',NULL),(415,'Md. Monirul Islam','H# 25/a, R# 18, Block# B, lift 7, flat b7, Banani, Dhaka',1,'01615033613','maneer.islam@gmail.com',0,'2022-12-19 06:17:22',NULL),(416,'Abul Bashar Md. Sharif','ahmed tower,floor 11,28 & 30 kamal ataturk avenue, banani , dhaka',1,'01711506350','bashar@autonemo.io',0,'2022-12-19 06:17:36',NULL),(417,'Md. Rijoan Ujjal','Faidabad, Azampur, Uttara, Dhaka',1,'01911826846','rijoan10@gmail.com',0,'2022-12-19 06:17:57',NULL),(418,'4G Light House','15/13 sher-sha,Town hall,Mohammadpur dhaka 1207.',1,'01628682770','4glighthouse16@gmail.com',2475,'2022-12-19 06:18:17','2023-10-30 05:24:23.000000'),(419,'Tanvir Hossain','Apt 15 c, Golf Heights. 1 Airport Road. Banani (next to mach ranga)',1,'8801798231703','',0,'2022-12-19 06:18:27',NULL),(420,'Mr. Mahabubur Rahman','19/2 Eskaton Garden',1,'01973460782','',0,'2022-12-19 06:18:47',NULL),(421,'Khondokar Abdul Muktalib','Apt-1D, House#2/A, Road#55, Gulshan, Dhaka',1,'01711804907','',0,'2022-12-19 06:19:03',NULL),(424,'Mr. Hasan Al Mamun','H# 11, R# 1, Block-H, Meradia Bazar, Banasree, Dhaka',1,'01552415007','',0,'2022-12-19 06:20:57',NULL),(425,'Fahim Wahab','unique lakeside apartment,flat b2,House 16,road 33, Gulshan 1',1,'01714120413','fahimwahab@ghazibd.com',0,'2022-12-19 06:21:47',NULL),(426,'Sahil Kabir','',1,'01853239272','',0,'2022-12-19 06:22:03',NULL),(427,'Nafid','Road#86, Gulshan-2, Beside BNP Party Office',1,'01922355556','',0,'2022-12-19 06:22:25',NULL),(428,'Mr. Nasir','AR.Rahman Masudur Rahman Teachers Garden (5th froor), Ansar Camp(near hajji wasir khan masjid) , Mirpur 1,Dhaka',1,'01717370228','',0,'2022-12-19 06:23:00',NULL),(429,'SK Nowshad Ahmed','H# 41/15/b/1, Hazi Afsaruddin Lane, Zigstola,Dhanmondi,Dhaka',1,'01911367607','',0,'2022-12-19 06:23:28',NULL),(430,'Poly Apa ','house 5 tala building,sahajadpur uttor badda',1,'01712872974','',0,'2022-12-19 06:24:08',NULL),(431,'Ashik Elahi','',1,'016092001444','',0,'2022-12-19 06:25:12',NULL),(433,'Saqif Yaman','',1,'','',0,'2022-12-19 06:26:12',NULL),(434,'Ashraful Islam Alif','Kha-83, Jagoroni club, South Badda',1,'01671733619','alif.ashrafulislam@gmail.com',0,'2022-12-19 06:26:48',NULL),(436,'Md. Zakir Hossain','Uttara Sector-11 Road#20 House#28 6th Floor ',1,'01981909614','',0,'2022-12-19 07:01:27',NULL),(437,'Shahnoor M. Ali Obaidullah','AS tower(6th floor),3022/a,Hillview R/a, Chittagong',1,'01841312080','shahnoor.bd1@gmail.com',0,'2022-12-19 07:01:47',NULL),(627,'Mr. Komayel','H# 38, R# 1, Sector# 3, Uttara, Dhaka',1,'01715419366','',0,'2023-01-25 04:50:46',NULL),(439,'Md. Robiul','Kader Chowdhury Complex,House no 3/c west dhanmondi,Shatmosjid road.building no 3, flat no A1\r\n(  it is near to dhanmondi 27 and opposite of asia or behind of D\'Atuos.)',1,'01715001317','',0,'2022-12-19 07:03:13',NULL),(440,'Mr. Murad','Moddhobadda, Dhaka',1,'01738222402','',0,'2022-12-19 07:03:26',NULL),(441,'Mohammad Ali Mortuza','BRS Rainbow, 4th floor,\r\nH 464, R 17, Block-G, \r\nBashundhara R/A',1,'01914006810','',0,'2022-12-19 07:03:51',NULL),(442,'Mr. Farhan Khan','H#11, R#110, Gulshan-2, Hedayetullah Ron - Level 10.',1,'01903081105','',0,'2022-12-19 07:04:13',NULL),(443,'Mr. Sajid','Flat A2,House no: 3/A, Road no: 74, Gulshan-2 (Besides the Royal Paradise Hotel)',1,'01793532905','',0,'2022-12-19 07:04:30',NULL),(444,'Sowmik Saha','Mirpur 14, Bijoy Rakeen City, Behind Police Convention Center, Flat No A6-T1-02-02',1,'01711570765','',0,'2022-12-19 07:04:42',NULL),(445,'MD Asaduzzaman Porosh','H-18, Road-14, Block-L, South Banasree, Rampura, Dhaka',1,'01840651455','',0,'2022-12-19 07:05:03',NULL),(446,'Jagannath Saha','House#404, Road#09, Block-F, Bashundhara Residential Area, Dhaka.',1,'01756787695','',0,'2022-12-19 07:05:19',NULL),(447,'Mr. Omar Faruque','Jhawtala Garir Math, Cox\'s Bazar sadar, Cox\'s Bazar.',1,'01714448447','',0,'2022-12-19 07:05:30',NULL),(448,'Mr. Kajol','House 72 ,Block j,Road 12/4,West banasri. khilgaon bangladesh',1,'01971500873','',0,'2022-12-19 07:06:33',NULL),(449,'Md. Moazzem Hossain','46/6, Asad Avenue, Mohammadpur, Dhaka',1,'01711183162','',0,'2022-12-19 07:06:44',NULL),(450,'Anayet Hossain','26, Eskaton Garden Road, Suite#E-3, Dhaka',1,'01711554067','',0,'2022-12-19 07:07:08',NULL),(451,'Engr. Pabitra Roy','House# 9/5, Lane# 01, Block# B, Section# 06, Mirpur, Dhaka-1216.',1,'01733893824','',0,'2022-12-19 07:07:19',NULL),(452,'Mr. Safil Nawaz Chowdhury','Gulshan 2- Road 61-House 173.',1,'01919331919','',0,'2022-12-19 07:07:32',NULL),(453,'Zulfikar Sadik','House#38, Road#10, Sector#11, Uttara, Dhaka.',1,'01326245701','',0,'2022-12-19 07:07:50',NULL),(455,'Al-Amin','Bajrajogini, Munshiganj ',1,'01962609222','attanve@gmail.com',0,'2022-12-19 07:08:33',NULL),(456,'Leading Computers','A R Plaza, Shop No.4, Kalibari Cross Road, Habiganj\r\n( 01705203829 )',1,'01705203829','',0,'2022-12-19 07:09:12',NULL),(457,'Euro Style','',1,'','',0,'2022-12-19 07:09:18',NULL),(458,'Md. Akter Hossain','8 Rankin Street, Wari, Dhaka.',1,'01711430868','',0,'2022-12-19 07:09:30',NULL),(459,'Mr. Fahim (Banani)',' Navana SunVilla House- 3-A,Road23,Banani',1,'01911219177','',0,'2022-12-19 07:09:47',NULL),(460,'Mr. Quyum','Hazaribagh',1,'01611710413','',0,'2022-12-19 07:10:23',NULL),(461,'Arafat Salam','Flat No- 9/H, Police Plaza Concord, Plot No-02  Road No-144, Gulshan Model Town, Dhaka-1212',1,'01688988366','',0,'2022-12-19 07:10:45',NULL),(462,'Jawad Rafi','31-20-14-2, saha shaheb nagar, mukti housing , mirpur-moddho paikpara.',1,'01844495286','',0,'2022-12-19 07:11:07',NULL),(463,'Mr. Azharul Islam','Begumpur,Chadpur,Chattagram',1,'01765411150','',0,'2022-12-19 07:11:24',NULL),(464,'Ramzan Traders','Hobigonj, Madhobpur Shylet',1,'01775705361','',0,'2022-12-19 07:11:44',NULL),(465,'Hasanat Alamgir','Flat-A-8, Ventura Sky Valley, Road#24/31, House#25, Gulshan-1, Dhaka.\r\n',1,'01711321329','',0,'2022-12-19 07:12:03',NULL),(466,'MD. Ali','A-A2, Ventura Sky Valley, Road#24, Plot#25, B-CWS (B)',1,'01711568053','',0,'2022-12-19 07:12:19',NULL),(467,'Brand Group','Head Office: 188, Gulshan Avenue,\r\nGulshan-2, Bangladesh.',1,'01770792108','',0,'2022-12-19 07:12:47',NULL),(468,'MANAMA GROUP','26/b(opposite of american international school), R# 3, B# k, Baridhara,Gulashan 2, Dhaka',1,'01999012413','',0,'2022-12-19 07:13:18',NULL),(469,'Rajon','Narayanganj',1,'01819238360','',0,'2022-12-19 07:13:33',NULL),(470,'Quazi Shah Newaz Rahman','6/B, Eastern Housing Apartment. 26/B, Tookhana Road, Dhaka-1000',1,'01767697120','Rahman_shanto@hotmail.com',0,'2022-12-19 07:14:00',NULL),(471,'Arch. Sumaiya Sarwat','',1,'01758064757','',0,'2022-12-19 07:14:28',NULL),(472,'Mr. Atif Ahmed','Cube Ekantika \r\n\r\nApt# A3 & A4\r\nHouse# 184\r\nRoad# 08\r\nBlock# C\r\nBashundhara R/A',1,'01730044774','',0,'2022-12-19 07:14:49',NULL),(473,'Design Scape','Banani Dohs',1,'01713410889','',0,'2022-12-19 07:15:06',NULL),(474,'Monjurul Islam ','H-5, Main Road, Block-E, Bonosree, Rampura, Dhaka 1219',1,'8801794777185','',0,'2022-12-19 07:15:16',NULL),(475,'New Akma Electric Store','9, Bidisha Super Market, Gulshan-2, Dhaka-1212\r\n',1,'01883510271','',0,'2022-12-19 07:15:27',NULL),(476,'Asif Mahmood Abbas','Dhakaiya Koreana, BTI Plaza, North Badda Progati Sharani, Dhaka-1212',1,'01813888887','',0,'2022-12-19 07:16:40',NULL),(477,'BTI','Gulshan',1,'01313401457','',0,'2022-12-19 07:17:13',NULL),(478,'S M Imtiaz Masood','532/2, shawrapara, shamim soroni,mirpur, Dhaka',1,'01971620281','',0,'2022-12-19 07:21:12',NULL),(479,'IDLC  ','Gulshan-1, circle',1,'01713185046','',0,'2022-12-19 07:21:31',NULL),(480,'N N Hardware','25, gulshan shopping center  Gulshan 1 dhaka 1212',1,'01711809943','',0,'2022-12-19 07:22:20',NULL),(481,'Asif Mahmud','Flat: B-3, House: 41 (Park Panorama)\r\nRoad: 05, Dhanmondi R/A\r\nDhaka\r\nDhaka\r\n1209',1,'01717764540','asifmahmud1506@gmail.com',0,'2022-12-19 07:22:36',NULL),(482,'Eng. Murad Khan','Uttara, sector - 7, Plot - 87, BNS Center-5th Floor',1,'01787021698','',0,'2022-12-19 07:23:00',NULL),(483,'Khaza Tasin','10/a, confidence tower, 5/ kha, saat masjid road, Mohammadpur, Dhaka',1,'01790726336','',0,'2022-12-19 07:23:14',NULL),(484,'DIZIT LIMTED','House-17, Road-04, Block-F, Banani, Dhaka-1213',1,'8801894928004','',0,'2022-12-19 07:23:43',NULL),(485,'Mohammed Aoran Roxie','Bengla Corporation \r\n89 B.C.C Road ,Thatari Bazar,Wari-Dhaka-1203',1,'01713272845','',0,'2022-12-19 07:23:58',NULL),(486,'Borna Architect','Mirpur, DOHS',1,'01321229562','',0,'2022-12-19 07:24:13',NULL),(487,'SCT- Bangla Ltd.','Plot# 7-8, B# A, Main road, Banasree,Rampura, Dhaka-1219',1,'01682490358','rajibhasan528@gmail.com',0,'2022-12-19 07:24:28',NULL),(488,'Arch. Tanvir','Mirpur, Dohs,Lane-9,House-122',1,'01321229562','',0,'2022-12-19 07:24:43',NULL),(489,'Mr. Arafat Salam','Flat No- 9/H, Police Plaza Concord, Plot No-02  Road No-144, Gulshan Model Town, Dhaka-1212',1,'01688988366','',0,'2022-12-19 07:24:55',NULL),(490,'Md Shaan Tasirul Islam','Laki Hotel Bus Stop, Pahartali , Chittagong',1,'01831408226','',0,'2022-12-19 07:25:09',NULL),(491,'Delphi','MF Tower,Ga-95/C, Level#1,Progoti Sarani, Middle Badda, Dhaka  1212',1,'8801701217729','',0,'2022-12-19 07:25:26',NULL),(492,'Akib Raihan Popeye','House#05  ,Road#09, Block#E, Banasree, Dhaka-1212',1,'8801790725171','',0,'2022-12-19 07:25:37',NULL),(493,'Mahmuda Ferdous','House#111/A, Road#03, Block#F, Banani',1,'01771959735','',0,'2022-12-19 07:25:52',NULL),(494,'Uttara Client','Ashiana, 8th floor, House # 31, Road #3, Sector #13, Uttara',1,'','',0,'2022-12-19 07:26:08',NULL),(495,'Shahin Builders','Sylhet',1,'01722898006','',0,'2022-12-19 07:26:21',NULL),(496,'Agar Chowdhury','21, Kazi Nazrul Islam Avenue, Poribagh, Dhaka',1,'01724530800','',0,'2022-12-19 07:26:36',NULL),(497,'MD. Abdul Quyum (Shihab)','Dhanmondi 10-A , Houase 48, Rangs Annono',1,'01715025551','',0,'2022-12-19 07:26:56',NULL),(498,'Mr. Hadiansa','Tropical High Homes Building no 3, houde-I-11 Sahajadpur',1,'01966421014','',0,'2022-12-19 07:27:19',NULL),(500,'Mr. Sajib','House# 217, Road# 02, Mirpur DOHS',1,'8801725343188','',0,'2022-12-19 07:27:49',NULL),(501,'Musfiq Rahman Tomal ','House 14, Flat 1/A, Road 1/A, Baridhara J Block, Notunbajar, Dhaka 1212, Opposite US Embassy \r\nBehind Bhatara Thana',1,'01673776011','',0,'2022-12-19 07:29:55',NULL),(502,'Md Jakariya','Sundarban Courier Service (Pvt.) LTD. Sibu Market - Fatulla Rd, Narayanganj',1,'01687411335','',0,'2022-12-19 07:30:26',NULL),(503,'Md. Mamunor Rashid','',1,'1816614890','mamunor@gmail.com',0,'2022-12-19 07:30:45',NULL),(504,'Ted Bernhardtz Textile Ltd.','H-482, -8, Baridhara , DOHS.',1,'','',0,'2022-12-19 07:30:53',NULL),(505,'Kishor Majumder','7/a, dhanmondi, Dhaka',1,'01676933136','',0,'2022-12-19 07:31:09',NULL),(698,'Mr. Shakil Ahmad','24 Nondolal Datta Lane, Luxmibazar, Sutrapur',1,'01840507777',NULL,0,'2023-06-06 07:05:11',NULL),(507,'Aftab Khan','road 112 house 114 gulshan 2 dhaka ',1,'01735717188','',0,'2022-12-19 07:31:41',NULL),(508,'Nazmul Haque','Haque Hardware and Electric\r\n1028, Asmat Shopping Complex\r\nMalibagh Bazar Road, Malibgh, Dhaka',1,'01303018000','nazmulhaque097@gmail.com',0,'2022-12-19 07:32:01',NULL),(509,'City Group ','House#2, Road#96 Gulshan-2, Dhaka-1212',1,'01911745904','',0,'2022-12-19 08:54:04',NULL),(510,'Ahnaf Shahid','Banani block B house 84',1,'01760686222','ahnafshahid2004@gmail.com',0,'2022-12-19 08:54:20',NULL),(511,'Nazir Ahmed','Chittagong',1,'01761573719','',0,'2022-12-19 08:54:48',NULL),(512,'Mohammad Aoran Roxie','Bengla Corporation 89, B.C.C Road, Thatari Bazar, Wari, Dhaka',1,'01713272845','',0,'2022-12-19 08:55:03',NULL),(513,'Khurshida Khan','Flat-8C, 147/4-A, Green Road. MCT Green Dhaka-1215',1,'01716311763','',0,'2022-12-19 08:55:23',NULL),(514,'Mrs Bina','2no mailer matha. EPZ CTC ph  ',1,'01779605970','',0,'2022-12-19 08:55:55',NULL),(515,'Spot Solution','Rupayan 287, Flat- A2,Road-8A,Dhanmondi',1,'','',0,'2022-12-19 08:56:17',NULL),(516,'Syed Zaman','H89, Gausal Azam Avenue, Sector 14, Uttara, Dhaka',1,'0170999909','sszaman009@gmail.com',0,'2022-12-19 08:56:33',NULL),(517,'Md Hasan','Ahsan Ullah, 10,Toyenbee circular Road, Motijheel, Dhaka -1000,Bangladesh, Motijheel, Dhaka, Dhaka',1,'01924424184','',0,'2022-12-19 08:57:24',NULL),(518,'Rochita Sakina','27, Shilpachariya Joynul Abedin Road Shantinagar Dhaka Sky View Group',1,'01926665713','',0,'2022-12-19 08:57:38',NULL),(519,'Shabbir Dewan','Pollibiddut bus stand, Shafipur, Kaliakair, Gazipur Dewan tower, pollibiddut, Shafipur Pollibiddut bus stand, Shafipur, Kaliakair, Gazipur Gazipur 175',1,'01927370335','dewanshabbir@gmail.com',0,'2022-12-19 08:58:05',NULL),(520,'farukul islam','duet, Dhaka university of engineering and technology, gazipur sadar gazipur, islam',1,'01927933199','farukulislam98@gmail.com',0,'2022-12-19 08:58:23',NULL),(521,'Mr. Kabir','Flat B2, 161/5, Bagan Bari, Dhaka Cantonment, Dhaka',1,'01929371500','mail-kabir4229@yahoo.com',0,'2022-12-19 08:58:38',NULL),(522,'MD Noman','House#07, Road#11, Mohammadia Housing Society, Mohammadpur, Dhaka., Mohammadpur, Dhaka, Dhaka',1,'01939900057','sumon2000it@gmail.com',0,'2022-12-19 08:58:51',NULL),(523,'Mobashir Hossan Rifat','Jubilee Road, Chittagong',1,'01976725736','',0,'2022-12-19 08:59:06',NULL),(524,'Rifaat Newaz','Flat 2C, Plot 1&3, Road 5, Janata Housing, Agargaon Flat 2C Dhaka Dhaka',1,'1977642413','rifaatnewaz@gmail.com',0,'2022-12-19 08:59:26',NULL),(525,'Md Jobaer Hossain','53/2 North Brook Hall Road, Banglabazar, Dhaka Shop 1 Sutrapur Dhaka 1100',1,'01977750005','sikderjobaer@gmail.com',0,'2022-12-19 08:59:51',NULL),(526,'SHAMSUDDIN KHAN','77/2 A.K.M Shamsujjoha road, Noth Chashara Dhaka Narayanganj Narayanganj Sadar Bangladesh',1,'01978975762','',0,'2022-12-19 09:00:37',NULL),(527,'Muhammad Niaz Morshed','House-50, Road :7/A Apt: A5, Dhanmondi R/A',1,'01989982102','',0,'2022-12-19 09:00:51',NULL),(528,'Dr Jashim','cHouse 11 2nd floor Block C Banasree Main Road',1,'01989997701','tarunna.pvt@gmail.com',0,'2022-12-19 09:02:33',NULL),(529,'mahbubur rahman','village -kutubpur, post-pirpurkulla,thana-damurhuda, District -Chuadanga Poschimpara Damurhuda Chuadanga 7221',1,'01303510963','mahbuburrahman3971@gmail.com',0,'2022-12-19 09:03:06',NULL),(530,'Nayeem Fardose','302, shantee neer, 1st floor, flat 2D, Ahammadnogor, Mirpur-1, Dhaka-1216',1,'01610507057','shushamp@gmail.com',0,'2022-12-19 09:03:33',NULL),(531,'Fahad Kabir','Unique Footwear Industries House no : 6/2, Orphanage road, Lalbag, near Dhakeshwari mandir Apartment name : Queens heights Dhaka Dhaka 1211',1,'01675698846','fahadkabir.fk@gmail.com',0,'2022-12-19 09:04:01',NULL),(532,'Rifat Ahmed','69/1 Kadamtala, East Basabo, Dhaka - 1214',1,'01736981848','arannyabd.amwaj@gmail.com',0,'2022-12-19 09:04:31',NULL),(533,'Ridoy Rayhan','Royal Group House 1, Road 12/A, Sector 07 Apt- AB3 Uttara Dhaka 1230',1,'01740229920','rayhanahmedridoy@gmail.com',0,'2022-12-19 09:05:03',NULL),(534,'Nayem Islam','House#152, Road#02, North Shyamoli, West Agargaon (Near Kazi Office) 3rd Floor Dhaka Dhaka 1207',1,'01922003953','iamnayem@yahoo.com',0,'2022-12-19 09:05:29',NULL),(536,'Akila Begum','Wireless Railgate Bepari Goli Boro Magbazar Dhaka',1,'','',0,'2022-12-19 09:07:00',NULL),(537,'Mr Rahman','Uttara Sector 6',1,'','',0,'2022-12-19 09:07:17',NULL),(538,'Mr Minhaz','House No 82 Road 17/A Block E Banani',1,'','',0,'2022-12-19 09:07:26',NULL),(539,'Mr Asif','House No 23/G Road 2 Block D Bashundhara R/A Dhaka',1,'','',0,'2022-12-19 09:07:40',NULL),(540,'Mr Shawkat Islam','Gulshan 2 Dhaka 1212',1,'','',0,'2022-12-19 09:07:50',NULL),(541,'Mr Moinul','Dubai Sharja',1,'','',0,'2022-12-19 09:08:01',NULL),(542,'Mr Jubayer','Bashundhara Block G Road 9',1,'','',0,'2022-12-19 09:08:23',NULL),(544,'Mr Ali Arsalan','Flat-A1, House-22/A Road-3 Old DOHS Banani Dhaka 1212',1,'1713117791','',0,'2022-12-19 09:08:57',NULL),(545,'Afroza Begum ','Road Block I House 387 Bashundhara R/A',1,'1703415543','',0,'2022-12-19 09:09:14',NULL),(546,'Mr Shamim Chowdhury','Ghasipara, Dinajpur',1,'01713131745','',0,'2022-12-19 09:09:37',NULL),(547,'Nahid Haider','7 Shegun Bagicha Eastern Dream, Shahbag Dhaka.',1,'01713228446','',0,'2022-12-19 09:09:53',NULL),(548,'Mr. Salman','H#4, R#59,Gulshan 2,Dhaka',1,'01713230087','salmanm86@gmail.com',0,'2022-12-19 09:10:14',NULL),(549,'Mr.Aziz','UCEP Cheyna Tower 25 Shegunbagicha',1,'01713238567','amitfaisal@gmail.com',0,'2022-12-19 09:10:38',NULL),(550,'Ahmed Fayez','Sylhet',1,'01713300200','holysylhettower@gmail.com',0,'2022-12-19 09:11:03',NULL),(551,'S M Zobair','292/c,Khilgaon,Dhaka-1219',1,'01713370595','zubo013@yahoo.com',0,'2022-12-19 09:11:25',NULL),(552,'Osman Haidar','House#11A, Road#90, Gulshan 2, Dkaka-1212',1,'01713482060','osman.haidar@trax.com.bd',0,'2022-12-19 09:11:48',NULL),(553,'Dipto Dey','1/7, S S Khled Road,Jamal Khan,  ABC MAHBUB HILLS(oposite of rima convention centre) Flat E3, Chittagong',1,'01676848737','diptodey087@gmail.com',0,'2022-12-19 09:12:11',NULL),(554,'Shovan Sarkar','mobarak house(3rd floor), 42 m m ali road, wasa circle,lal khan bazar, chattagram-4202',1,'01715001385','',0,'2022-12-19 09:12:30',NULL),(556,'Reliance Rizia Rayhana','Reliance Rizia Rayhana Plot :152 Road :7 Block I Bashundhara R/A Flat: 8A',1,'01713756221','',0,'2022-12-19 09:13:05',NULL),(557,'Ahmed Mehedi','71, Mohakhali Wireless Gate Nitol Niloy Center, Dhaka',1,'0171402499','',0,'2022-12-19 09:13:24',NULL),(558,'Tahmeed Alam Sameen','H#1255,Road-10,Avenue 2,Mirpur DOHS',1,'01713653390','tahmeed_alam_sameen@bat.com',0,'2022-12-19 09:14:15',NULL),(560,'Zubayer Ahmed','House-1/x, Road-9, Block-G, Bashundhara R/a Flat-A3 Dhaka Dhaka',1,'01714323413','ahmedzubayer@yahoo.com',0,'2022-12-19 09:15:25',NULL),(561,'Niloy Das','83 ,Boyra, Khulna',1,'01714403250','niloydas970@gail.com',0,'2022-12-19 09:15:44',NULL),(562,'Md Anwarul Kabir','161/5, Bagan Bari, Dhaka Cantonment, Dhaka',1,'01715028795','',0,'2022-12-19 09:16:01',NULL),(563,'Biswajit K Dey','10th Floor (2nd Annex Building), IAD, Bangladesh Bank, Motijheel C/A, Dhaka-1000.',1,'01715088933','biswa.bd@gmail.com',0,'2022-12-19 09:16:28',NULL),(564,'Jezaul Khair Hazique','H# 49,R# 15/a,F# c4,Dhanmondi,Dhaka',1,'01715327112','jezaulkhairhazique@gmail.com',0,'2022-12-19 09:17:03',NULL),(565,'Mohammed Farhan Khan','Lucky Villa, House-4/B, Flat- C/2, Road -2, Gulshan -1',1,'01715384968','',0,'2022-12-19 09:17:21',NULL),(566,'Abdur Rahman Faisal','Ware Street, wari. (opposite of wari thana) House no.31 Dhaka Dhaka 1203',1,'01715551106','abdurrahman.92@hotmail.com',0,'2022-12-19 09:17:54',NULL),(567,'Fakaruddin Ali Hyder Khan','NCC BANK BHABAN.13/1,13/2,TOYENBEECIRCULAR ROAD MOTIJHEEL,C/A. DHAKA DHAKA Dhaka',1,'01715591774','fakaruddin1803@gmail.com',0,'2022-12-19 09:18:28',NULL),(568,'Sharmin Akter','95/b Middle Pirerbag Near 60 Feet Road Paka Masjid Dhaka',1,'01715668074','',0,'2022-12-19 09:18:43',NULL),(569,'Mrs Kakoli','House- 20/A/3, Block -G, Road-17 Bashundhara R/A Dhaka - 1229.',1,'01715791329','',0,'2022-12-19 09:19:13',NULL),(570,'Shafayat Hossain','House 16, Road 1, Sector 10, Uttara, Dhaka 2nd floor Dhaka Dhaka',1,'0171579132','hossain.sh@gmail.com',0,'2022-12-19 09:19:51',NULL),(571,'Ibrahim Khalil','H# 16, R# avenue 9,Sector# 15C/1,Uttara,Dhaka',1,'01715894554','winbengal@yahoo.com',0,'2022-12-19 09:20:14',NULL),(572,'Mr Hafiz','Prime Minister Office Gate-4',1,'01716050959','',0,'2022-12-19 09:20:49',NULL),(573,'Mukarram Sohul','Banani Nam Village Building No-2A Flat B1 Road 1 Block I',1,'01716785863','',0,'2022-12-19 09:21:07',NULL),(574,'Riyad Ashraf','Mahbuba Villa, comilla medical college road, kuchaitoly, comilla, Bangladesh',1,'01716897694','riyadashraf456@gmail.com',0,'2022-12-19 09:21:38',NULL),(575,'Mahade Iqbal','House-40, Road-11, Sector-4, Uttara, Uttara, Dhaka, Dhaka',1,'01717001940','',0,'2022-12-19 09:21:57',NULL),(576,'Md. Makibul Alalm','MRS industries Ltd. Bacic industries estate, Kushtia',1,'01717015863','',0,'2022-12-19 09:22:16',NULL),(577,'Md. Kamrul Ahmed','R# 6,Block# E,H# 12/14, NIketon,Gulshan 1',1,'01717299978','kamrul01@gmail.com',0,'2022-12-19 09:22:39',NULL),(578,'Rubel Dey','Cox\'s bazar ,court building',1,'01717381981','',0,'2022-12-19 09:22:55',NULL),(579,'AREA44','CHITTAGONG',1,'01717472112','',0,'2022-12-19 09:23:09',NULL),(580,'Ujjal Hazari','SuchanaLink, Riaz Tower (2nd Floor), Gouripur Bazar, Daudkandi, Cumilla',1,'01717535450','mimpna@gmail.com',0,'2022-12-19 09:23:39',NULL),(582,'Khairulislam Jiku','1/j Middle Bashabo, Modina Road',1,'01717819130','jack.jiku@yahoo.com',0,'2022-12-19 09:25:10',NULL),(583,'Ahmadia Traders','Gulshan 2 circle, Bidisha market.',1,'01974607691','',190732,'2022-12-19 09:25:32','2023-11-12 10:51:23.000000'),(584,'Humaira','Mirpur 11, Kalsi Road, Shangbadik Plot, Road-4, Building-95',1,'01631917060','',0,'2022-12-19 09:25:49',NULL),(585,'Ventra X Radisson','Radisson Blu Hotel',1,'01954320968','',0,'2022-12-19 09:26:06',NULL),(586,'Ahnaf Jan Chowdhury','',1,'01749680506','',0,'2022-12-19 09:26:19',NULL),(587,'Allhar Dan Light House','New Eskaton road,Banglamotor,Ramna,Dhaka',1,'01405481444','',0,'2022-12-19 09:26:40',NULL),(588,'Md Benjir Ahmed','Flat-C4, 34 North Dhanmondi, Kalabagan, Dhaka 1205',1,'01722227303','',0,'2022-12-19 09:27:06',NULL),(589,'Irtisam Ahmed','Flat- a2, Madina Amena Tower, 9/1, Taltola, Agargaon, Dhaka flat a2, Madina Amena Tower Dhaka Dhaka',1,'01719266570','',0,'2022-12-19 09:27:27',NULL),(590,'Nayeem Us Samad Chowdhury','New D.o.h.s Mohakhali road-28 house-383 Dhaka Dhaka - North Mohakhali Bangladesh',1,'01720046828','',0,'2022-12-19 09:27:49',NULL),(591,'MD Alamin','27, Shilpachariya Joynul Abedin Road Shantinagar Dhaka Sky View Group',1,'','',0,'2022-12-19 09:28:23',NULL),(592,'Arman Hossain','Samim Sarani, Shawrapara, Mirpur',1,'01721733887','',0,'2022-12-19 09:28:42',NULL),(593,'Imran Islam','21/6 New Khanpur , Bank Colony, Narayanganj, Naryanganj Sadar, Narayanganj, Dhaka',1,'1722091707','',0,'2022-12-19 09:29:07',NULL),(594,'Md. Ahsan Habib','Silken Sewing Ltd. 197, Khan Palace, Dighir chala road, Truck Stand, Chandona Chowrasta 1A (1st floor) Gazipur Chowrasta Gazipur 1702',1,'01722411388','masum.ahsanhabib@gmail.com',0,'2022-12-19 09:29:42',NULL),(595,'Mr Shahriar','Flat-D1 House : 15, Road:07 Gulshan :1 Dhaka',1,'01722695223','hasan97263@gmail.com',0,'2022-12-19 09:30:11',NULL),(596,'Md Quamrul Ahsan','house-13,road-3,block-B, west dhanmondi residential area , bosila bridge,mohammadpur, dhaka',1,'01722858066','',0,'2022-12-19 09:30:29',NULL),(597,'Sayem Khandaker','4 Holy lane, Shyamoli, Ring road, Dhaka-1207 Ashiana apartment, Flat:A2-02 Dhaka Dhaka 1207',1,'01723407417','',0,'2022-12-19 09:30:49',NULL),(598,'Bikrampur Tradders','Gulshan 2 ',1,'01731865855','',0,'2022-12-19 09:31:08',NULL),(599,'Dr Morshed','Mugda Khilgaon Dhaka ',1,'01712161900','',0,'2022-12-19 09:31:29',NULL),(600,'P 2 P','687 Mehedibag Chittagong, 4203\r\n\r\n',1,'01709665010','',0,'2022-12-19 09:31:50',NULL),(601,'Mr Arafat','Apt A1 House 55 Road 28 Gulshan 1',1,'01833182667','',0,'2022-12-19 09:32:10',NULL),(603,'Md Sazib Ahmed','Nazirpur Naogaon (Shundarban Courier Branch- Najirpur Branch Code -NJP)',1,'01871887499','',0,'2022-12-19 09:32:53',NULL),(699,'STATA Customer 1','Dhaka, Hajaribag',1,NULL,NULL,0,'2023-06-06 10:28:29',NULL),(700,'Liya Enterprise','Shahajadpur',1,NULL,NULL,0,'2023-06-06 11:17:44',NULL),(701,'Paramount Medical Center','572/K, ECB Chotor,  Mirpur DOHS, Matikata Road',1,'01321157317',NULL,0,'2023-06-06 11:20:49',NULL),(606,'Ahmed Food Products PVT LTD','M/4/4 Road -07 Section-07 Mirpur Dhaka',1,'01952229011','',0,'2022-12-19 09:33:55',NULL),(607,'Mr Mahbubur Rahman ','Village Kutubpur, P.O Pirpurkulla, P.S- Damurhuda Distric Chuadanga, Poschimpara-7221',1,'01303510963','',0,'2022-12-19 09:34:15',NULL),(702,'Mr. Rajib',NULL,1,NULL,NULL,0,'2023-06-06 11:21:07',NULL),(609,'atik khan','',1,'1717224184','',0,'2022-12-19 09:34:48',NULL),(611,'Arnob Furniture','Hazipara north Badda, Dhaka',1,'01611314302','',0,'2022-12-19 09:35:17',NULL),(614,'Zahed Sadeque','167, Green point, Green road, Dhaka-1205',1,'','amigozahed@gmail.com',0,'2022-12-29 05:15:43',NULL),(616,'STATA IT LIMITED','West Wind Point, Badda, Dhaka, Bangladesh',1,'','stataitltd@gmail.com',0,'2023-01-03 17:53:25',NULL),(617,'A A RASHAYAN SHILPA LIMITED','SGI HEADQUARTER',1,'','aarsl.bd@gmail.com',0,'2023-01-03 17:54:31',NULL),(618,'STATA EXPERIANCE ZONE (SGI HQ)','',1,'','showroom@statait.com',0,'2023-01-11 09:56:11',NULL),(619,'SGI HQ','',1,'','sgibangladesh@gmail.com',0,'2023-01-11 09:57:33',NULL),(620,'Director General','Bangladesh Rice research Institute (Gazipur)',1,'01712466223','panna_ali@yahoo.com',0,'2023-01-16 06:39:55',NULL),(621,'Mr. Rashed','H-38, R-8, BLOCK-E, Banasree, Rampura, Dhaka',1,'','',0,'2023-01-18 07:07:23',NULL),(622,'Mr. Mamun','Ashiana, 8th Floor, House-31, Road-3, Sector-13, Uttara, Dhaka',1,'01976047662','',0,'2023-01-23 08:49:47',NULL),(623,'Astound Chemical Industry','Pragati Sharani',1,'','',0,'2023-01-24 08:58:28',NULL),(624,'Khondokar Abdul Muktalif','Apartment- 1D, House-2/A, Road-55, Gulshan Dhaka',1,'01678618702','',0,'2023-01-24 09:56:34',NULL),(625,'STATA M.D','Bashundhara R/A',1,'01742205557','',0,'2023-01-24 10:07:46',NULL),(626,'Mr. Niamul','House-19/B, Road-117, Gulshan-1',1,'01730703609','',0,'2023-01-24 10:23:10',NULL),(628,'Mashkur Sarwar','Plot#27, Road#17C, Banani, Dhaka',1,'01713403630','',0,'2023-02-06 06:59:20',NULL),(629,'Mr. Ovi','Concord I-K TowerBlock: CEN (A), 02 Madani Ave, Dhaka 1212',1,'8801913050858','',0,'2023-02-06 10:36:41',NULL),(630,'Md. Ahsan Habib Chowdhury','',1,'01911881336','',0,'2023-02-07 10:47:31',NULL),(631,'Momtex Expo Limited','Pachdona mor, Narshindi',1,'01819444968','',7920,'2023-02-07 11:01:28','2023-10-22 11:20:12.000000'),(632,'Naaf Group','Uttara Jashimuddin Road, House-21, Road-8',1,'01919331919','',0,'2023-02-07 11:07:14',NULL),(633,'Muntasir Alam Chowdhury','162 Shantinagar, farida clinic goli, oppsote of Eastern Plus',1,'01833556779','',0,'2023-02-08 06:11:43',NULL),(634,'Woodland','Road-10, House-15, Old Dhanmondi Dhaka',1,'01944138321','',0,'2023-02-08 06:31:54',NULL),(635,'Mr. Rana','House-90, Road-5, Banani Dhaka',1,'01711528275','',0,'2023-02-08 06:35:38',NULL),(636,'Faisal Hassan','Chittagong, Gate-2, Shundarban Courier',1,'01716084942','',0,'2023-02-08 06:49:20',NULL),(637,'Formate Design Architect','Mirpur DOHS',1,'','',0,'2023-02-08 06:52:33',NULL),(638,'Mr. Tomol','89B, Borbag Mirpur 2, Dhaka',1,'01711162365','',0,'2023-02-08 07:05:55',NULL),(639,'Mr. Sajjad','72 Shidhdheshwari Road, Dream Tower, Flat-5C, Dhaka',1,'01787669190','',0,'2023-02-08 07:28:07',NULL),(640,'Mr. Rana Morshed','House-2A, Road-8, Baridhara, Dhaka',1,'01713303087','',0,'2023-02-08 09:31:46',NULL),(641,'Sujit Rai','Mymensingh',1,'','',0,'2023-02-08 09:46:38',NULL),(642,'Saidul Islam Parash','',1,'01833777296','',0,'2023-02-08 09:56:27',NULL),(643,'Eng. Shamim','Gulshan-1',1,'01703934575','',0,'2023-02-08 10:00:52','2023-11-01 06:34:16.000000'),(644,'Bismillah Airlines LTD','Arafat Tower, 94 DIT Road, Malibagh (Opposite of Shohag Headquarter)',1,'01817041397','',0,'2023-02-08 10:06:47',NULL),(645,'Quest Medical Center','GA-2/Bir Uttam Rafiqul Islam Avenue, Shahajadpur Gulshan, Dhaka-1212',1,'','',0,'2023-02-08 10:22:11',NULL),(646,'Mr. Fahim Bin Kashem','Chadgaon R/A, Chittagong',1,'01531866563','',0,'2023-02-08 10:25:04',NULL),(647,'Mr. Faysal','Level-12, Natore Tower, Rajlokhkhi, Uttara \r\n(Beside Rajlokhkhi Complex)',1,'01764616664','',0,'2023-02-08 10:28:02',NULL),(648,'STATA Querry','West wind point',1,'','',0,'2023-02-22 08:28:39',NULL),(649,'Hossain Haider','11/15, Iqbal Road, Mohammadpur, Dhaka-1207',1,'01713257718','',0,'2023-02-22 09:19:56',NULL),(650,'Tanjil Ibn Alam','House- 966, Road-22, Block -K Bashundhara R/A',1,'','',0,'2023-02-22 10:14:28',NULL),(651,'Midul Lighting','',1,'','',-37060,'2023-02-25 04:48:36','2023-11-18 06:38:21.000000'),(652,'Dewan Abdul Hai','House-209, Road-6, Block-D, Bashundhara R/A',1,'01711374372','dewan.sakib98@gmail.com',0,'2023-03-05 06:46:40',NULL),(653,'Mr Rubel Rana','',1,'8801750892666','ithidden2023@gmail.com',0,'2023-03-06 10:47:06',NULL),(654,'Md Ashfaqur Rahman','House 30/A, Road: 8, Navana Raindrops, Flat : A8. Gulshan : 1',1,'01790117777','',0,'2023-03-09 05:36:46',NULL),(655,'Ashfaq Ahmed Sadi','Khilgaon,Dhaka',1,'01320578152','',0,'2023-03-12 08:40:48',NULL),(656,'Sal Sabeel Cars','House-14, Road-7, Zaara Convention Gulshan-1, Dhaka-1212, Bangladesh',1,'01670000777','',0,'2023-03-13 06:24:14',NULL),(657,'Walking Customer','STATA IT LIMITED',1,'','',0,'2023-03-13 07:01:32',NULL),(658,'Md Jahed Hassan','BTI SORRENTO, FLAT NO. A1, \r\nEAST NASIRABAD, 2 NO GATE, JAHANBAGH  HOUSING SOCIETY BESIDE SUNDARBAN COURIER SERVICE.',1,'01867787878','',0,'2023-03-14 05:50:26',NULL),(659,'Mr. Anwarul Haque','',1,'01844217305','',0,'2023-03-14 06:29:10',NULL),(660,'Tahmid Hassan','316/1/c South Goran, Shantipur, Khilgaon, Dhaka-1219\r\n',1,'01992680588','shantotahmid@gmail.com',0,'2023-03-14 07:53:57',NULL),(661,'Pachmishali Hardware','Mirpur',1,'','',0,'2023-03-15 06:11:09',NULL),(662,'Nobinagor Light House','Md.abdur rahim (Muktijodda) market shop 138/139 Nawabpur dhaka.',1,'01743011587','',0,'2023-03-22 05:41:13',NULL),(663,'Rakib khan ','',1,'','',0,'2023-03-28 04:04:14',NULL),(664,'Rakib khan ','65/B kamal Ataturk Avenue,Banani\r\n',1,'01777757665','',0,'2023-03-28 04:06:22',NULL),(665,'Circle Holdings Limited','House # 57/C, Road # 15/A, Dhanmondi R/A, Dhaka  1209. Bangladesh, Dhaka, Bangladesh',1,'01730057284','circleholdingsltd@gmail.com',0,'2023-03-29 08:04:27',NULL),(666,'NN Hardware','Gulshan DCC-1',1,'','',0,'2023-04-01 04:57:42',NULL),(667,'Circle Holdings Ltd.','House # 57/C, Road # 15/A, Dhanmondi R/A, Dhaka  1209. Bangladesh, Dhaka, Bangladesh',1,'8801730057284','',0,'2023-04-01 09:13:19',NULL),(668,'Brothers Security System & Access Control','208/2,A Chasara Balur Math Narayangonj',1,'01963330008','mjubaer2@gmail.com',0,'2023-04-05 05:48:22',NULL),(669,'Abir khan ','Chunkutia Aminpara South Keranigonj Shuvadda Dhaka-1310',1,'01986697604','',0,'2023-04-05 18:34:10',NULL),(670,'Asnaf Saraf Souvi','Flat#11A Concept Tower, Green Road, Panthapath, Dhaka\r\n',1,'01795089242','',0,'2023-04-06 08:45:40',NULL),(671,'Rajib Electric','',1,'01630237675','',0,'2023-04-06 09:06:57',NULL),(672,'Enamul Haq','House-2, Road-20A, Sector-3, Uttara, Dhaka',1,'','',70000,'2023-04-09 04:49:46','2023-12-06 05:10:04.000000'),(673,'Md. Shakowat Hossain','28, Tejgaon Industrilal Area, Dhaka\r\n',1,'01715619962','',0,'2023-04-09 06:50:56',NULL),(674,'Shayan Ismat','180, ENA Green Heights, Greenroad. Flat#B1 ',1,'01312666855','',0,'2023-04-09 07:19:20',NULL),(675,'MsSamim','',1,'','',0,'2023-04-13 03:51:03',NULL),(676,'Md Samim','niketon ',1,'01710087796','',0,'2023-04-13 03:52:26',NULL),(677,'ABB Corporation','Uttara sector 7 \r\n',1,'01711167734','',0,'2023-04-13 03:58:26',NULL),(678,'Md. Al Kashem','',1,'01714164875','',0,'2023-04-16 08:07:47',NULL),(679,'ABB Corporation','Azompur, Uttara',1,'','',0,'2023-04-29 04:46:26',NULL),(680,'Ahmad Anondo','Mohammadpur, Adabor, Road- 11, House- 590, Flat-2B, Dhaka - 1207',1,'01915631447','',0,'2023-04-30 05:49:33',NULL),(681,'Mr. Jayanta','Dhaka Cantonment',1,'8801720102525','',0,'2023-05-06 07:34:49',NULL),(682,'Fixit','Ground Floor, RM Center, 101 Gulshan Avenue, Dhaka',1,'01755648290','',0,'2023-05-06 08:20:50','2023-11-16 09:56:20.000000'),(683,'Furkan Farook','Gulistan R/A, Ghat Forhad Begh, Anderkillah, Chittagong.\r\n',1,'8801707000246','',0,'2023-05-08 08:43:11',NULL),(684,'Shifat Talukder','Uttar Badda foot over bridge side cha 97/1, Sujon Metal Works ',1,'01912352899','',0,'2023-05-09 05:34:03',NULL),(685,'Urban Properties Lake View','House#14 Road#14 Baridhara',1,'01911516996','',0,'2023-05-13 09:33:24',NULL),(686,'Upol Rahman','Kaligonj bazar, Hazi ataur rahman shopping complex, south keranigonj shuvadda Dhaka-1310',1,'01711277799','',0,'2023-05-13 09:55:52',NULL),(687,'Toufic Ahmmed','47/4 Indira Road, Farmgate, Tejgaon, Dhaka\r\n',1,'8801977150415','',0,'2023-05-15 07:55:34',NULL),(688,'Mustafa Rabbi','Aprt#A2, House#76, Road#18, Block#A, Banani, Dhaka.',1,'01730438180','',0,'2023-05-17 05:35:27',NULL),(689,'Jubair Hasan Architects','H: 9/4, Block D, Lalmatia, Dhaka-1205',1,'01717946570','',0,'2023-05-17 12:15:24',NULL),(690,'Mahedi Hasan','147/C Arambag Motijheel Shokhina Bhobon 5th Floor',1,'01913761211','',0,'2023-05-20 04:46:02',NULL),(691,'Mim Electric','Shop 190 bhabon 1 nawabpur dhaka 1203',1,'01714646839','Mimelectric23@yahoo.com',0,'2023-05-21 12:06:18',NULL),(692,'Amzad Hossain','Chattrogram Lalkhan Bazar, 14 No Ward.',1,'01834566663','',0,'2023-05-24 08:01:51',NULL),(693,'Eng Rigan','Belly road ,Naoroton colony',1,'01302539889','',0,'2023-05-25 10:21:09',NULL),(694,'Eng. Md. Kamruzzaman','House#47, Road#27, Sector#7, Uttara, Dhaka-1230',1,'01726587087','',0,'2023-05-27 07:46:18',NULL),(695,'Marjia Chowdhury','38 Dilu Road, New Eskaton, Dhaka',1,'01783507783','',0,'2023-05-28 04:20:49',NULL),(696,'Mr. Md Ali','Ventura Sky Valley, House-25 Road-24, Gulshan, Dhaka-1212',1,'8801711568053','',0,'2023-05-31 10:04:17',NULL),(697,'test','Sed officia tempora',1,'01234','test@test.com',0,'2023-06-05 08:24:32',NULL),(705,'Muntaha Kabir',NULL,1,NULL,NULL,0,'2023-06-13 10:24:12',NULL),(706,'Walking Customer (2)','H-6/A, R-31, Sector-7, Uttora',1,'01727277613',NULL,0,'2023-06-13 11:22:38',NULL),(707,'Monju hasan','Agrabad, Chittagong',1,'+8801674077543',NULL,0,'2023-06-14 08:54:07',NULL),(708,'Mr Mamun',NULL,1,NULL,NULL,0,'2023-06-15 10:01:01',NULL),(709,'House de arch','Level-12, Natore Tower, Rajlokhkhi, Uttara (Beside Rajlokhkhi Complex)',1,'01764676664',NULL,0,'2023-06-17 06:44:43',NULL),(710,'Solution Provider','Plot: I/A/5, Block: E, Kazi Nazrul Islam road, Mohammadpur, Dhaka- 1207 1207 Dhaka, Dhaka Division, Bangladesh',1,'01949-654499','solution.provider.interior@gmail.com',0,'2023-06-17 09:03:38',NULL),(711,'Dali Corporation Ltd. (Banasree branch)','H-27, Road-8, Block-E, Banasree, Rampura',1,'01730592659',NULL,0,'2023-06-17 09:57:50',NULL),(714,'Leo Opu',NULL,1,'01971116098',NULL,0,'2023-06-17 12:14:09',NULL),(715,'Padma Lighting','akram center,212 shahid nazrul  islam sharoni, Dhaka 1000',1,'01491434742',NULL,7052,'2023-06-18 05:19:27','2023-12-04 05:41:22.000000'),(713,'Dali Corporation Ltd. (Kuril branch)','Near Jamuna Future Park, Swish showroom building, Level-3, Kuril chowrasta, Dhaka-1229',1,NULL,NULL,-26000,'2023-06-17 10:05:56','2023-11-04 05:45:47.000000'),(716,'Archi. Momo','House-3, Road-2, Nikunjo-1, Dhaka, Bangladesh',1,'01611687968',NULL,0,'2023-06-18 05:20:19',NULL),(717,'Rangs Merisa','Banani, Road 19/A, Dhaka 1212.',1,'01933399930',NULL,0,'2023-06-19 07:28:07',NULL),(718,'Mr. Noor',NULL,1,'01786529212',NULL,0,'2023-06-22 05:07:15',NULL),(719,'Mahatab Uddin','Uttar badda Sobji goli, Rojonigondha, cho 65/3 65/4/65/5 10thfloorFlat902',1,'01730739134',NULL,0,'2023-06-24 04:46:43',NULL),(720,'Mr. Safayatullah Saad','China Town, Polton, Dhaka',1,'+8801793599571','N/A',0,'2023-06-27 06:20:56',NULL),(721,'Mr. Fahim Zaman','Fakir Bari Road, Barisal',1,'01312580207',NULL,0,'2023-07-04 06:57:52',NULL),(722,'Newaz Yaseen Rahman','House 38 Road 8 Block D Niketon Dhaka',1,'01711320757',NULL,0,'2023-07-06 11:40:56',NULL),(723,'Portfolio','A S Tower (3rd floor), 3022/A, Hill view R/A, Probartok, Chittagong',1,'+8801786529212',NULL,0,'2023-07-13 08:35:46',NULL),(724,'Dr. Muhibul Islam Chowdhury','House# 6, Road#33, Gulshan-1',1,'01831822890',NULL,0,'2023-07-18 06:02:51',NULL),(725,'Hidden Automation','Mirpur 10, senpara',1,'01750892666',NULL,16480,'2023-07-18 08:52:45','2023-11-20 10:47:32.000000'),(726,'Molla Electric','Mirpur',1,NULL,NULL,0,'2023-07-20 07:00:18',NULL),(727,'Nozrul Islam','Ma Electirc , Kuril Road',1,'01823686726',NULL,0,'2023-07-27 05:08:35',NULL),(728,'Jamal Bhuiyan','Gausul Azam Avenue House, House#13, Sector#14, Uttara',1,NULL,NULL,0,'2023-07-27 07:46:22',NULL),(729,'Design and Decor','Banani,Lakepar',1,'01726782709',NULL,0,'2023-08-02 05:16:48',NULL),(730,'STAR TECH','28, Navana Zohura Square ( 6th floor ) Kazi Nazrul islam Avenue bangla motor, Dhaka 1000',1,'01313717044',NULL,0,'2023-08-05 05:40:16',NULL),(731,'Mr.Mahir','Baridhara DOHS',1,'01915488885',NULL,0,'2023-08-05 10:30:55',NULL),(732,'Engineer. Amanullah','Notunbazar',1,'01786949319',NULL,0,'2023-08-06 05:17:12',NULL),(733,'IXora Solution Ltd.','Lift-7,Building-m/5 jahangir tower,Main Road, Mirpur 14,Dhaka',1,'01717718719',NULL,0,'2023-08-06 06:16:39',NULL),(734,'Maker Technology and Ideas Pvt LTD','145, Old Airport Road Super Market, Monipuri para, Dhaka',1,'01712176889','mekertech@yahoo.com',0,'2023-08-07 06:09:22',NULL),(735,'SQ CELSIUS LTD.','Jamirdia, Valuka, Mymensingh Bangladesh Mymensingh Bangladesh',1,'01738629106',NULL,0,'2023-08-08 06:32:49',NULL),(736,'Noorjahan Parvez','Plot: 9, Road: 6, Priyankan Runway City, Dhaka',1,'01730711499',NULL,0,'2023-08-09 06:14:24',NULL),(737,'Alif Builder','B.C.C Road Nobabpur',1,'01720053036',NULL,0,'2023-08-09 11:48:08',NULL),(738,'Design and Build','Dhanmondi, Road - 13 , House -08',1,'01973337979',NULL,0,'2023-08-16 09:43:44',NULL),(739,'Shaffin Sadman','H#239, R#7, Block#D, Bashundhara R/A',1,'+880 1789001074',NULL,0,'2023-08-21 04:29:38',NULL),(740,'Adv Sohel',NULL,1,'01715092972',NULL,0,'2023-08-22 05:21:04',NULL),(741,'Mr. Kayes','Gulshan 2, Dhaka',1,'01610602553',NULL,0,'2023-08-29 05:07:22',NULL),(742,'Politon Electric','Shop 160-161 bhabon 1 nawabpur dhaka',1,'01711261448',NULL,0,'2023-08-29 05:35:31','2023-11-18 06:46:26.000000'),(743,'Tahmina Rahman',NULL,1,'+8801750777689',NULL,0,'2023-09-02 16:30:18',NULL),(744,'Md. Jahangir Alam','House#59/A, 2nd & 3rd Floor, Road 12/A, Dhanmondi R/A, Dhaka 1209',1,'01716925383','office.studiodhaka@gmail.com',0,'2023-09-04 09:59:52',NULL),(745,'Mr. Musa','Post office goli, Wari, Dhaka',1,'01700712797',NULL,0,'2023-09-07 04:34:11',NULL),(746,'Ezzy Automation','House 214, Road 13, Mohakhali DOHS Dhaka - 1206, Bangladesh',1,'01844143480',NULL,0,'2023-09-07 06:35:51',NULL),(747,'Sadia Taiyeba','H-171, R-6, Block-A, Bashundhara R/A',1,'01312771773','sadiataiyeba32@gmail.com',0,'2023-09-07 12:06:11',NULL),(748,'MUNTAHA KABIR','4no road katalgonj, chawbazar,chattogram',1,'01844558541',NULL,33210,'2023-09-07 13:26:02','2023-10-11 12:42:24.000000'),(749,'Shariful Alam','Simpletree Hashi , House-135/ 5A,Road 4, Block - A, Banani',1,'01713000258',NULL,0,'2023-09-09 06:37:00',NULL),(750,'Mr. Kowshik','Banasree, Dhaka',1,'01979231550',NULL,0,'2023-09-09 11:51:51',NULL),(751,'Luxuarius Home Decor','Mirpur 1',1,NULL,NULL,0,'2023-09-14 03:41:20',NULL),(752,'SYED ASHIK SIR','West Wind Point, Cha-89/4-5, Progoti Sarani, North Badda, Bir Uttam Rafikul Islam Avenue, Commercial Level 2, Dhaka, Bangladesh',1,NULL,NULL,0,'2023-09-19 04:59:09',NULL),(753,'SHARSHINA','163, Shahaid Syed Nazrul Islam Sarani, Old 3/3-A, Purana Paltan, Dhaka 1000',1,NULL,NULL,0,'2023-09-19 05:02:32',NULL),(754,'Mr.Kamrul','uttara',1,'01833103280',NULL,0,'2023-09-20 04:29:35',NULL),(755,'Circle Electric CO','131/2 B.C.C Road, Ashraf Electric Market Nawabpur Road, Dhaka-1203',1,'01734030534',NULL,0,'2023-09-20 08:58:48',NULL),(756,'Syed Rahman','3/1, A.K Lane, Wari,Dhaka',1,'01777757260',NULL,0,'2023-09-25 04:41:28',NULL),(757,'Dwl Architects','Gulshan 2, Road 37,house 39,Suit F,Level 3',1,'01866463311',NULL,0,'2023-09-25 06:07:44',NULL),(758,'Muhtasim Mahi','Dhaka',1,'01790735666','..',0,'2023-09-25 08:44:31',NULL),(759,'Ghashforing','( Asif ) Bashundhara R/A',1,'01722029513',NULL,0,'2023-10-01 05:28:09',NULL),(760,'BTI','plot#3&5, R:113/a, Gulshan, Dhaka-1212',1,'01777719789','eliach.procurement@btibd.org',0,'2023-10-01 10:25:16',NULL),(761,'Sayed Afridy','Road#2, Block-b, Banasree',1,'01673717802','sayedafridy7@gmail.com',0,'2023-10-02 06:39:38',NULL),(762,'Mr.faisal','Gulshan 2',1,'01711591099',NULL,0,'2023-10-02 08:01:28',NULL),(763,'Asset development & Holding','91 gulshan Avenue dhaka',1,'01711627238',NULL,0,'2023-10-03 05:12:27',NULL),(764,'Ajit Dutt','Grand Residence, Flat-C8, House-32, Road-14A, Dhanmondi R/A, Dhaka-1206',1,'01720039555',NULL,-20100,'2023-10-05 09:18:13','2023-11-01 18:19:40.000000'),(765,'Eklasur Rahman','Mirpur',1,'01977075427',NULL,0,'2023-10-09 05:46:55',NULL),(766,'Zubayer Ahmed','Flat-A6, House-112, Road-3, Block-J, Bashundhara R/A, Dhaka',1,'01714323417',NULL,0,'2023-10-10 04:46:52','2023-11-30 06:24:29.000000'),(767,'Modern Architect','Dhanmondi , Lalmatia punirtank',1,'01761118378',NULL,0,'2023-10-10 05:28:41','2023-11-09 05:51:17.000000'),(768,'STATA Lifestyle Mohakhali','Mohakhali',1,'09678200509','stataitltd@gmail.com',0,'2023-10-11 04:47:07',NULL),(769,'INEX SOLUTION','House:26, Road:22, Sector-14, Uttara, Dhaka-1230',1,'01733347711',NULL,-110000,'2023-10-11 11:12:23','2023-11-02 10:12:35.000000'),(770,'MUNTAHA KABIR CTG','Chawkbazar, Chittagong',1,'01844558541',NULL,0,'2023-10-11 13:11:44','2023-11-04 05:46:59.000000'),(771,'STATA DIGITAL TEAM',NULL,1,'01759805243','abdasamio@stataglobal.com',0,'2023-10-12 06:48:36',NULL),(772,'Padma Electric','136,Nawabpur Road, Towfiq Electric market Dhaka',1,'01973311554',NULL,0,'2023-10-14 09:40:16','2023-10-17 06:13:07.000000'),(773,'S.M Nazmul Anam','Road#20, House#2198/2199, Block-L Bashundhara R/A',1,'01720038981, 01712711706',NULL,0,'2023-10-16 08:22:26',NULL),(774,'Mohammad Aman Ullah','29/B, Kakrail, VIP Road, Dhaka-1000',1,'01819315767','aullahcoxy@yahoo.com',0,'2023-10-17 11:44:20','2023-10-18 04:59:43.000000'),(775,'ANEX Engineering','Shop 219, kaptan bazar Complex, Bhabon 1 Nawabpur road, Dhaka 1203',1,'01313700731','sell@anexbd.com',0,'2023-10-18 05:31:15',NULL),(776,'Engr. Riaz','Capitech, Nowratan, Nowratan colony, Bailyroad.',1,'+880 1725-461112',NULL,0,'2023-10-19 06:50:51',NULL),(777,'Mohammad Ali','South potuapara, Natore Sadore',1,'01716697058',NULL,0,'2023-10-25 06:32:57',NULL),(778,'Bio-Access Tech Co','H-9, Banani 2/2 1/b, Dhaka',1,'01762628841','bioaccess.commercial@gmail.com',0,'2023-10-25 09:40:21',NULL),(779,'In artstudio','shawon tower purana polton',1,'01681917731',NULL,240,'2023-10-25 10:41:48','2023-10-25 10:47:54.000000'),(780,'Arafat Azad',NULL,1,'01771115661',NULL,0,'2023-10-26 08:35:34',NULL),(781,'A2Z Dental Supply','Floor-20, R# 2, Senpara, Mirpur-10, Dhaka',1,'01710945454',NULL,2700,'2023-10-31 05:12:16','2023-10-31 05:14:56.000000'),(782,'Md. Mostalib','Room 401, Level 4, Shorok and Janopath, Tejgaon, Dhaka',1,'01881808213',NULL,0,'2023-11-01 04:21:41',NULL),(783,'Rufsan Rean','125 Heritage Bhaban. Flat-6A. Shantinagar',1,'+8801683432282','rufsanrean@gmail.com',2310,'2023-11-05 12:09:15','2023-11-05 12:12:38.000000'),(784,'Barrister Ali Tahasin','7th Floor, 7/1 Rankin Street, Wari, Dhaka',1,'01880882776',NULL,0,'2023-11-06 10:52:38',NULL),(785,'Bengal Automation','Bahsundhara R/A',1,'01603815703','N/A',0,'2023-11-07 06:08:00',NULL),(786,'FLAGSHIP DIGITAL LTD','Road 1A, House 16, Apartment A4, Gulshan-1',1,'01723559496',NULL,0,'2023-11-08 11:12:02',NULL),(787,'Syed  Tasdiq (Madhupur)','Madhupur, Faridpur, Dhaka Division',1,'017422-205557',NULL,31680,'2023-11-08 12:56:58','2023-11-12 06:02:24.000000'),(797,'Shah Md. Ashik','Multiplan Red Crescent City, Zoo Road, Mirpur-1.',1,'01866371012',NULL,0,'2023-11-18 06:22:07',NULL),(788,'Kazi Mahfuzul Haque','Shamoly',1,'01716637844',NULL,0,'2023-11-09 05:00:59',NULL),(789,'Barrister Jyotirmoy Barua','102, Kakrail Road, Ground Floor, Kakrail, Dhaka-1000',1,'01754505954, 01715432385','jyotirmoy.barua@yahoo.com',35250,'2023-11-09 05:15:16','2023-12-03 12:09:40.000000'),(790,'Mr.Turjo','nil',1,'01723541570',NULL,0,'2023-11-11 07:12:53',NULL),(791,'Northern Engineering BD','West Agargaon, Pani Tank, Dhaka',1,'01328225606',NULL,0,'2023-11-11 11:21:16',NULL),(792,'shezan','78-c purana paltan(1st floor)',1,'01568406500',NULL,0,'2023-11-12 11:32:27',NULL),(793,'Mesbah Uddin Shohag','Uttara Sector-15, Dhaka',1,'01742544168',NULL,0,'2023-11-13 09:57:32',NULL),(794,'Asif Ishtiak','433/5 (J.N Daffodil), Shostitola, Boalia, Rajshahi',1,'01758355468','asifishtiak@gmail.com',0,'2023-11-13 10:08:52','2023-12-03 12:22:05.000000'),(795,'Al-dagoor Prefabricated Homes','Riyadh, Saudi Arabia',1,'0544665658',NULL,42300,'2023-11-15 07:22:03','2023-11-18 08:23:49.000000'),(796,'Mohammad Omer Hasan','Orison Tours And Travels Road-04, House-17, Gulshan-01.',1,'01946824361',NULL,14940,'2023-11-15 12:15:35','2023-11-15 12:16:49.000000'),(798,'Eng. Sohel','Gulshan 2',1,'01797554116',NULL,0,'2023-11-21 04:49:32',NULL),(810,'Raheen','Family World Grand Hall, Asad Gate',1,'01757692826',NULL,0,'2023-12-04 09:41:07',NULL),(799,'Ratin Siddique','House#14, Road#8, Sector#13, Uttara',1,'01715391869','RatinSiddique@gmail.com',0,'2023-11-22 11:58:02',NULL),(800,'Bengal Interior and Exterior','Shawon Tower,Level#7,Suite# C-1,2/c,Purana Paltan',1,'01678538053',NULL,0,'2023-11-23 05:13:12',NULL),(801,'Mr. Faysal','Building-4, Level-1, Flat-B2, Rupayan City',1,'01766681838',NULL,0,'2023-11-27 05:48:47',NULL),(802,'Al Islam Electronics','Kaptan Bazaar Complex Bhaban-1, Shop- 101',1,'01717789970',NULL,0,'2023-11-28 07:26:20',NULL),(803,'Ismail Hossain','Kaptan Bazar Complex, Building#1, Shop#205, Nowabpur',1,'01917696402','airian97@gmail.com',0,'2023-11-28 10:53:37',NULL),(805,'Zaman','.',1,'01708455865','.',0,'2023-11-30 09:13:18',NULL),(804,'Mr. Anam','Block#L Road#20 Plot#2198/2199 Bashundhara Residential Area.',1,'-',NULL,0,'2023-11-29 09:05:15',NULL),(806,'Pronoy Tarafdar','3 no Kashem Nagar, Gollamari, Khulna sadar, Khulna',1,'01912160787',NULL,0,'2023-11-30 10:22:33','2023-11-30 10:54:04.000000'),(807,'Md.Ibrahim','Head office',1,'01850177957',NULL,0,'2023-12-02 11:22:55',NULL),(808,'MD.Shomu','Head office',1,'01840182017',NULL,0,'2023-12-02 11:23:30',NULL),(809,'Shadiqul gani','Jalalabad point , amborkhana ,sylhet',1,'01711900242',NULL,0,'2023-12-03 08:40:29','2023-12-04 05:41:54.000000'),(811,'Sheikh Mohammed Sadik','Beraidherchala, Sreepur, Gazipur',1,'01911154460','sms6318@gmail.com',0,'2023-12-06 05:54:31',NULL);
/*!40000 ALTER TABLE `customers` ENABLE KEYS */;
UNLOCK TABLES;

--
-- Table structure for table `departments`
--

DROP TABLE IF EXISTS `departments`;
/*!40101 SET @saved_cs_client     = @@character_set_client */;
/*!50503 SET character_set_client = utf8mb4 */;
CREATE TABLE `departments` (
  `id` bigint unsigned NOT NULL AUTO_INCREMENT,
  `department` varchar(255) CHARACTER SET utf8mb4 COLLATE utf8mb4_unicode_ci NOT NULL,
  `created_at` timestamp NULL DEFAULT NULL,
  `updated_at` timestamp NULL DEFAULT NULL,
  PRIMARY KEY (`id`)
) ENGINE=InnoDB AUTO_INCREMENT=11 DEFAULT CHARSET=utf8mb4 COLLATE=utf8mb4_unicode_ci;
/*!40101 SET character_set_client = @saved_cs_client */;

--
-- Dumping data for table `departments`
--

LOCK TABLES `departments` WRITE;
/*!40000 ALTER TABLE `departments` DISABLE KEYS */;
INSERT INTO `departments` VALUES (1,'B2B',NULL,NULL),(2,'Dealership',NULL,NULL),(3,'Marketing and B2C',NULL,NULL),(4,'After Sales',NULL,NULL),(5,'Operations',NULL,NULL),(6,'IT',NULL,NULL),(7,'Management',NULL,NULL),(8,'Office Assistant',NULL,NULL),(9,'Branding & Design',NULL,NULL),(10,'R&D',NULL,NULL);
/*!40000 ALTER TABLE `departments` ENABLE KEYS */;
UNLOCK TABLES;

--
-- Table structure for table `deposits`
--

DROP TABLE IF EXISTS `deposits`;
/*!40101 SET @saved_cs_client     = @@character_set_client */;
/*!50503 SET character_set_client = utf8mb4 */;
CREATE TABLE `deposits` (
  `id` bigint unsigned NOT NULL AUTO_INCREMENT,
  `deposit_date` date NOT NULL,
  `employee_id` bigint unsigned NOT NULL,
  `cashType_id` bigint unsigned NOT NULL,
  `bank_id` bigint unsigned NOT NULL,
  `amount` double(8,2) NOT NULL,
  `details` text COLLATE utf8mb4_unicode_ci,
  `created_at` timestamp NULL DEFAULT NULL,
  `updated_at` timestamp NULL DEFAULT NULL,
  `type_of_deposit` varchar(255) COLLATE utf8mb4_unicode_ci DEFAULT NULL,
  `user_id` varchar(255) COLLATE utf8mb4_unicode_ci NOT NULL,
  PRIMARY KEY (`id`)
) ENGINE=InnoDB AUTO_INCREMENT=17 DEFAULT CHARSET=utf8mb4 COLLATE=utf8mb4_unicode_ci;
/*!40101 SET character_set_client = @saved_cs_client */;

--
-- Dumping data for table `deposits`
--

LOCK TABLES `deposits` WRITE;
/*!40000 ALTER TABLE `deposits` DISABLE KEYS */;
INSERT INTO `deposits` VALUES (1,'2023-11-20',32,17,11,395390.00,NULL,'2023-11-20 06:39:18',NULL,'loan','1'),(2,'2023-11-20',29,15,8,5180.00,'UV Machine Color (White & Varnish)','2023-11-20 09:11:23',NULL,'loan','1'),(3,'2023-11-22',17,17,15,130000.00,NULL,'2023-11-22 07:34:32',NULL,'loan','1'),(4,'2023-11-26',10,15,8,10000.00,'Salary and Expense','2023-11-26 09:53:17',NULL,'loan','1'),(5,'2023-11-26',17,14,15,10000.00,'Loan Repayment From STATA Account','2023-11-26 09:55:33',NULL,'return_loan','1'),(6,'2023-11-26',17,17,15,135000.00,'Crusher Machine Purchase','2023-11-26 09:57:29',NULL,'loan','1'),(7,'2023-11-27',23,15,17,10000.00,'Loan adjustment','2023-11-27 05:30:00',NULL,'return_loan','1'),(8,'2023-11-26',23,15,14,11000.00,'For purchase adjustment (STC)','2023-11-27 05:41:32',NULL,'loan','1'),(9,'2023-11-27',23,14,15,11000.00,'Loan Repayment for purchase purpose','2023-11-27 05:42:19',NULL,'return_loan','1'),(10,'2023-11-27',17,8,14,174000.00,'Ahmadia Sales Bank Deposit','2023-11-27 08:49:21',NULL,'deposit','1'),(11,'2023-11-27',23,14,15,81410.00,'Group B Product Purchase','2023-11-27 08:54:45',NULL,'deposit','1'),(12,'2023-11-27',10,14,11,32428.00,'Group A Product','2023-11-27 08:59:02',NULL,'deposit','1'),(13,'2023-11-27',17,14,8,60000.00,'Withdraw For Salary , commission and office expense','2023-11-27 09:07:06',NULL,'deposit','1'),(14,'2023-11-28',29,17,8,180000.00,'Cable Purchase for factory (SQ Cable)','2023-11-28 07:20:40',NULL,'loan','1'),(15,'2023-11-28',10,15,8,78280.00,'Imperial Series Purchase','2023-11-28 11:02:23',NULL,'loan','1'),(16,'2023-11-29',23,17,8,368300.00,NULL,'2023-11-29 11:11:11',NULL,'loan','1');
/*!40000 ALTER TABLE `deposits` ENABLE KEYS */;
UNLOCK TABLES;

--
-- Table structure for table `designations`
--

DROP TABLE IF EXISTS `designations`;
/*!40101 SET @saved_cs_client     = @@character_set_client */;
/*!50503 SET character_set_client = utf8mb4 */;
CREATE TABLE `designations` (
  `id` bigint unsigned NOT NULL AUTO_INCREMENT,
  `designation` varchar(255) CHARACTER SET utf8mb4 COLLATE utf8mb4_unicode_ci NOT NULL,
  `created_at` timestamp NULL DEFAULT NULL,
  `updated_at` timestamp NULL DEFAULT NULL,
  PRIMARY KEY (`id`)
) ENGINE=InnoDB AUTO_INCREMENT=16 DEFAULT CHARSET=utf8mb4 COLLATE=utf8mb4_unicode_ci;
/*!40101 SET character_set_client = @saved_cs_client */;

--
-- Dumping data for table `designations`
--

LOCK TABLES `designations` WRITE;
/*!40000 ALTER TABLE `designations` DISABLE KEYS */;
INSERT INTO `designations` VALUES (2,'Sales',NULL,NULL),(3,'Sales & Marketing Executive',NULL,NULL),(4,'Brand Executive',NULL,NULL),(5,'Marketing & Sales Manager',NULL,NULL),(6,'Head Of Sales',NULL,NULL),(7,'Support Specialist',NULL,NULL),(8,'Managing Director',NULL,NULL),(9,'Operation Manager',NULL,NULL),(10,'Commercial Executive',NULL,NULL),(11,'Software Engineer',NULL,NULL),(12,'Office Assistant',NULL,NULL),(13,'Sr. Branding & Design',NULL,NULL),(14,'Project Engineer',NULL,NULL),(15,'Business Development Manager',NULL,NULL);
/*!40000 ALTER TABLE `designations` ENABLE KEYS */;
UNLOCK TABLES;

--
-- Table structure for table `employees`
--

DROP TABLE IF EXISTS `employees`;
/*!40101 SET @saved_cs_client     = @@character_set_client */;
/*!50503 SET character_set_client = utf8mb4 */;
CREATE TABLE `employees` (
  `id` bigint unsigned NOT NULL AUTO_INCREMENT,
  `f_name` varchar(255) CHARACTER SET utf8mb4 COLLATE utf8mb4_unicode_ci NOT NULL,
  `l_name` varchar(255) CHARACTER SET utf8mb4 COLLATE utf8mb4_unicode_ci NOT NULL,
  `designation_id` varchar(255) CHARACTER SET utf8mb4 COLLATE utf8mb4_unicode_ci DEFAULT NULL,
  `phone` int NOT NULL,
  `r_type` varchar(20) CHARACTER SET utf8mb4 COLLATE utf8mb4_unicode_ci DEFAULT NULL,
  `basic` int DEFAULT NULL,
  `rent` int DEFAULT NULL,
  `medical` int DEFAULT NULL,
  `conveyance` int DEFAULT NULL,
  `salary` int DEFAULT NULL,
  `email` varchar(255) CHARACTER SET utf8mb4 COLLATE utf8mb4_unicode_ci DEFAULT NULL,
  `b_group` varchar(255) CHARACTER SET utf8mb4 COLLATE utf8mb4_unicode_ci DEFAULT NULL,
  `department_id` varchar(255) CHARACTER SET utf8mb4 COLLATE utf8mb4_unicode_ci DEFAULT NULL,
  `address` varchar(255) CHARACTER SET utf8mb4 COLLATE utf8mb4_unicode_ci DEFAULT NULL,
  `city` varchar(255) CHARACTER SET utf8mb4 COLLATE utf8mb4_unicode_ci DEFAULT NULL,
  `country` varchar(255) CHARACTER SET utf8mb4 COLLATE utf8mb4_unicode_ci DEFAULT NULL,
  `image` varchar(255) CHARACTER SET utf8mb4 COLLATE utf8mb4_unicode_ci DEFAULT NULL,
  `created_at` timestamp NULL DEFAULT NULL,
  `updated_at` timestamp NULL DEFAULT NULL,
  PRIMARY KEY (`id`)
) ENGINE=InnoDB AUTO_INCREMENT=38 DEFAULT CHARSET=utf8mb4 COLLATE=utf8mb4_unicode_ci;
/*!40101 SET character_set_client = @saved_cs_client */;

--
-- Dumping data for table `employees`
--

LOCK TABLES `employees` WRITE;
/*!40000 ALTER TABLE `employees` DISABLE KEYS */;
INSERT INTO `employees` VALUES (6,'Freya','Snow','2',85,'Hourly',NULL,NULL,NULL,NULL,67,'wafovu@mailinator.com','Quos omnis harum ull','1','Aut ex culpa beatae','Sylhet','Bangladesh',NULL,'2023-06-12 12:14:07',NULL),(7,'Md Ayman','Shorab','3',1322896406,'Salary',NULL,NULL,NULL,NULL,0,'ayman.stata@gmail.com','A+','1','STATA','Dhaka','Bangladesh',NULL,'2023-06-17 11:01:01',NULL),(8,'Md Azizul Haq','Shihab','4',1798691480,'Salary',NULL,NULL,NULL,NULL,0,'shihab.stata@gmail.com','B+','2','STATA','Dhaka','Bangladesh',NULL,'2023-06-17 11:04:44',NULL),(9,'Md.Maruf','Hussain','3',1322896409,'Hourly',NULL,NULL,NULL,NULL,0,NULL,'B+','1','STATA IT LTD','Dhaka','Bangladesh',NULL,'2023-08-10 16:05:31',NULL),(10,'Yeasin Arafat','Fahim','5',1322896400,'Salary',NULL,NULL,NULL,NULL,0,'yeasin.stata@gmail.com','AB+','3','STATA IT LTD','Dhaka','Bangladesh',NULL,'2023-08-12 10:35:49',NULL),(11,'Fahmid','Hasan','11',1964870827,'Salary',NULL,NULL,NULL,NULL,0,NULL,'1964870827','6','STATA IT LTD','Dhaka','Bangladesh',NULL,'2023-08-12 10:37:07',NULL),(12,'Ifaz','Alam','11',1677341032,'Salary',NULL,NULL,NULL,NULL,0,NULL,'A+','6','STATA IT LTD','Dhaka','Bangladesh',NULL,'2023-08-12 14:51:00',NULL),(13,'Abrar','Haque','9',1753021207,'Salary',NULL,NULL,NULL,NULL,0,NULL,'O+','5','STATA IT LTD','Dhaka','Bangladesh',NULL,'2023-08-12 14:51:58',NULL),(14,'MD. Shakil','Hosen','7',1860657561,'Salary',NULL,NULL,NULL,NULL,0,NULL,'A+','4','STATA IT LTD','Dhaka','Bangladesh',NULL,'2023-08-12 14:55:20',NULL),(15,'Zhintu','Mistry','7',1797035637,'Salary',NULL,NULL,NULL,NULL,0,NULL,'B+','4','STATA IT LTD','Dhaka','Bangladesh',NULL,'2023-08-12 15:16:53',NULL),(16,'Joyanta','Biswas','7',1777013089,'Salary',NULL,NULL,NULL,NULL,0,NULL,'O+','4','STATA IT LTD','Dhaka','Bangladesh',NULL,'2023-08-12 15:20:09',NULL),(17,'Md.Ashraful','Islam','10',1991018822,'Salary',NULL,NULL,NULL,NULL,0,NULL,'A+','5','STATA IT LTD','Dhaka','Bangladesh',NULL,'2023-08-12 15:21:01',NULL),(18,'Kaushik','Barua','3',1833093683,'Salary',NULL,NULL,NULL,NULL,0,NULL,'B+','3','STATA IT LTD','Dhaka','Bangladesh',NULL,'2023-08-12 15:22:20',NULL),(19,'Abu Yousuf','Bappy','4',1867956595,'Salary',NULL,NULL,NULL,NULL,0,NULL,'A+','2','STATA IT LTD','Dhaka','Bangladesh',NULL,'2023-08-12 15:24:42',NULL),(20,'Rakib','Hossain','7',1618408012,'Salary',NULL,NULL,NULL,NULL,0,NULL,'A+','4','STATA IT LTD','Dhaka','Bangladesh',NULL,'2023-08-12 15:26:36',NULL),(21,'Noman','Sheikh','7',1980687335,'Salary',NULL,NULL,NULL,NULL,0,NULL,'B+','4','STATA IT LTD','Dhaka','Bangladesh',NULL,'2023-08-12 15:27:16',NULL),(22,'Rahul','Chakrabarty','6',1720514565,'Salary',NULL,NULL,NULL,NULL,0,NULL,'O+','3','STATA IT LTD','Dhaka','Bangladesh',NULL,'2023-08-12 15:28:08',NULL),(23,'Syed','Tasdiq','8',1742205557,'Salary',NULL,NULL,NULL,NULL,0,NULL,'O+','7','STATA IT LTD','Dhaka','Bangladesh',NULL,'2023-08-12 15:33:19',NULL),(24,'Shahedul','Islam','4',1312735557,'Salary',NULL,NULL,NULL,NULL,0,NULL,'B+','2','STATA IT LTD','Dhaka','Bangladesh',NULL,'2023-08-12 15:35:11',NULL),(25,'Abda Samio','Shobhan','13',1759805243,'Salary',NULL,NULL,NULL,NULL,0,NULL,'AB+','9','STATA IT LTD','Dhaka','Bangladesh',NULL,'2023-08-12 15:56:49',NULL),(26,'Shakhawat','Hossain','14',1827684727,'Salary',NULL,NULL,NULL,NULL,0,NULL,'O+','10','STATA IT LTD','Dhaka','Bangladesh',NULL,'2023-08-12 15:58:39',NULL),(27,'Md','Emon','12',1969763483,'Salary',NULL,NULL,NULL,NULL,0,NULL,'N/A','8','STATA IT LTD','Dhaka','Bangladesh',NULL,'2023-08-12 15:59:53',NULL),(28,'Md','Hasnain','12',1937973908,'Salary',NULL,NULL,NULL,NULL,0,NULL,'N/A','8','STATA IT LTD','Dhaka','Bangladesh',NULL,'2023-08-12 16:00:42',NULL),(29,'Md Sofiqul Alam','Sagor','7',1733648252,'Salary',NULL,NULL,NULL,NULL,0,NULL,'B+','4','STATA IT LTD','Dhaka','Bangladesh',NULL,'2023-08-12 16:01:36',NULL),(30,'Md Zahid Iqbal','Antu','3',1675000772,'Salary',NULL,NULL,NULL,NULL,0,NULL,'A+','3','STATA IT LTD','Dhaka','Bangladesh',NULL,'2023-08-12 16:03:53',NULL),(31,'Sajib','Ahsan','12',1600297694,'Salary',NULL,NULL,NULL,NULL,0,NULL,'O+','8','STATA IT LTD','Dhaka','Bangladesh',NULL,'2023-08-12 16:05:02',NULL),(32,'Md Motiur','Rahman','7',1732524620,'Salary',NULL,NULL,NULL,NULL,0,NULL,'O+','4','STATA IT LTD','Dhaka','Bangladesh',NULL,'2023-08-12 16:05:42',NULL),(33,'Md Abidul','Islam','3',1552541604,'Salary',NULL,NULL,NULL,NULL,0,NULL,'N/A','1','Dhaka','Dhaka','Bangladesh',NULL,'2023-08-31 05:10:34',NULL),(34,'Solaiman Islam','Akash','2',9,'Salary',NULL,NULL,NULL,NULL,75,'solaimanakash@stataglobal.com','A','1','Dhaka','Dhaka','Bangladesh',NULL,'2023-09-18 05:43:21',NULL),(35,'Rufsan Jany','Rean','15',1683432282,'Salary',11000,6000,2000,1000,20000,NULL,'N/A','1','Motijheel','Dhaka','Bangladesh',NULL,'2023-11-01 18:18:18',NULL),(36,'Istiak','James','3',1779925513,'Salary',0,0,0,0,0,'istiakjames.stata@gmail.com','O+ ve','1','41, Dilu Road, New Eskaton, Mogbazar','Dhaka','Bangladesh',NULL,'2023-11-26 07:33:22',NULL),(37,'Dibakor','Baral','7',1728959727,'Salary',3000,3000,2000,2000,10000,'dibakor.statait.com','B+','4','West Wind Point, Shahjadpur, Dhaka 1212','Dhaka','Bangladesh',NULL,'2023-11-30 04:36:29',NULL);
/*!40000 ALTER TABLE `employees` ENABLE KEYS */;
UNLOCK TABLES;

--
-- Table structure for table `expense_types`
--

DROP TABLE IF EXISTS `expense_types`;
/*!40101 SET @saved_cs_client     = @@character_set_client */;
/*!50503 SET character_set_client = utf8mb4 */;
CREATE TABLE `expense_types` (
  `id` bigint unsigned NOT NULL AUTO_INCREMENT,
  `expenseType` varchar(255) CHARACTER SET utf8mb4 COLLATE utf8mb4_unicode_ci NOT NULL,
  `created_at` timestamp NULL DEFAULT NULL,
  `updated_at` timestamp NULL DEFAULT NULL,
  PRIMARY KEY (`id`)
) ENGINE=InnoDB AUTO_INCREMENT=33 DEFAULT CHARSET=utf8mb4 COLLATE=utf8mb4_unicode_ci;
/*!40101 SET character_set_client = @saved_cs_client */;

--
-- Dumping data for table `expense_types`
--

LOCK TABLES `expense_types` WRITE;
/*!40000 ALTER TABLE `expense_types` DISABLE KEYS */;
INSERT INTO `expense_types` VALUES (10,'Travel Allowance','2023-07-24 23:17:02',NULL),(11,'Food Allowance','2023-07-24 23:17:05',NULL),(12,'Entertainment','2023-07-24 23:17:08',NULL),(13,'Mobile Bill','2023-07-24 23:17:19',NULL),(14,'Conveyence','2023-07-24 23:17:26',NULL),(15,'Office Accessories','2023-07-24 23:18:02',NULL),(16,'VAT/TAX','2023-08-19 12:31:52',NULL),(17,'Salary','2023-08-19 12:31:58',NULL),(18,'Office Event','2023-08-19 12:32:16',NULL),(19,'Office Guest Coffee and Snacks','2023-08-30 06:09:27',NULL),(20,'Factory and Machinery','2023-08-31 04:52:56',NULL),(21,'Office Lunch','2023-09-07 06:56:50',NULL),(22,'Courier Charge','2023-09-12 05:10:26',NULL),(23,'Purchase','2023-10-14 12:44:45',NULL),(24,'Commission','2023-11-01 18:14:50',NULL),(25,'Salary','2023-11-01 18:18:49',NULL),(26,'Shipping Charge','2023-11-22 07:37:41',NULL),(27,'IVR Bill','2023-11-23 08:12:16',NULL),(28,'Currency Fluctuation','2023-11-26 09:24:57',NULL),(29,'C&F Charge','2023-11-26 09:25:10',NULL),(30,'Salary','2023-11-27 09:07:29',NULL),(31,'NPSB Charge','2023-11-27 09:10:20',NULL),(32,'Car Parking','2023-11-27 10:26:43',NULL);
/*!40000 ALTER TABLE `expense_types` ENABLE KEYS */;
UNLOCK TABLES;

--
-- Table structure for table `expenses`
--

DROP TABLE IF EXISTS `expenses`;
/*!40101 SET @saved_cs_client     = @@character_set_client */;
/*!50503 SET character_set_client = utf8mb4 */;
CREATE TABLE `expenses` (
  `id` bigint unsigned NOT NULL AUTO_INCREMENT,
  `expenseType_id` bigint unsigned NOT NULL,
  `date` date NOT NULL,
  `user_id` varchar(5) CHARACTER SET utf8mb4 COLLATE utf8mb4_unicode_ci DEFAULT NULL,
  `amount` double(8,2) NOT NULL,
  `location` varchar(255) CHARACTER SET utf8mb4 COLLATE utf8mb4_unicode_ci DEFAULT NULL,
  `details` varchar(255) CHARACTER SET utf8mb4 COLLATE utf8mb4_unicode_ci DEFAULT NULL,
  `status` varchar(50) CHARACTER SET utf8mb4 COLLATE utf8mb4_unicode_ci DEFAULT 'Pending',
  `approved_by` varchar(50) CHARACTER SET utf8mb4 COLLATE utf8mb4_unicode_ci DEFAULT NULL,
  `created_at` timestamp NULL DEFAULT NULL,
  `updated_at` timestamp NULL DEFAULT NULL,
  `made_by_id` varchar(255) CHARACTER SET utf8mb4 COLLATE utf8mb4_unicode_ci DEFAULT NULL,
  `from_bank_id` int DEFAULT NULL,
  `amount_from` int DEFAULT NULL,
  PRIMARY KEY (`id`)
) ENGINE=InnoDB AUTO_INCREMENT=399 DEFAULT CHARSET=utf8mb4 COLLATE=utf8mb4_unicode_ci;
/*!40101 SET character_set_client = @saved_cs_client */;

--
-- Dumping data for table `expenses`
--

LOCK TABLES `expenses` WRITE;
/*!40000 ALTER TABLE `expenses` DISABLE KEYS */;
INSERT INTO `expenses` VALUES (10,11,'2023-08-17','24',40.00,'Head Office','Snacks','Approved','54','2023-08-17 10:48:55','2023-08-17 12:07:51','41',NULL,NULL),(11,11,'2023-08-19','24',40.00,'Head Office','Snacks','Approved','54','2023-08-19 15:12:06','2023-08-19 15:18:59','41',NULL,NULL),(12,13,'2023-08-19','10',100.00,'Head Office','Shagor','Approved','54','2023-08-19 16:32:50','2023-08-20 15:51:42','54',NULL,NULL),(13,11,'2023-08-20','24',40.00,'Head Office','Snacks','Approved','54','2023-08-20 15:49:34','2023-08-20 15:51:44','41',NULL,NULL),(14,13,'2023-08-20','13',100.00,'Head Office','Md. Shakil Hossain Manik','Approved','54','2023-08-20 16:10:54','2023-08-21 12:03:42','52',NULL,NULL),(15,13,'2023-08-20','13',100.00,'Head Office','Zhintu Mistry','Approved','54','2023-08-20 16:11:21','2023-08-21 12:03:47','52',NULL,NULL),(16,15,'2023-08-19','13',2450.00,'Head Office','Plus- 1050\r\nCutting Plus-600\r\nCable Cutter - 600\r\nScrew -20\r\nTester - 180','Approved','54','2023-08-20 16:13:09','2023-08-21 12:03:51','52',NULL,NULL),(17,15,'2023-08-17','13',320.00,'Head Office','Screw - 200\r\nScotch Tape - 120\r\n( Motiur)','Approved','54','2023-08-20 16:13:50','2023-08-21 12:03:55','52',NULL,NULL),(18,13,'2023-08-21','13',100.00,'Head Office','Rakib Hosen','Approved','54','2023-08-21 10:55:27','2023-08-21 12:03:59','52',NULL,NULL),(19,11,'2023-08-21','24',40.00,'Head Office','Snacks','Approved','54','2023-08-21 14:47:01','2023-09-19 11:20:10','41',NULL,NULL),(20,11,'2023-08-22','15',130.00,'Head Office','Lunch','Pending',NULL,'2023-08-23 11:33:24',NULL,'52',NULL,NULL),(21,18,'2023-08-22','29',780.00,'Factory','Labour - 700\r\nMirinda 1L - 80','Approved','54','2023-08-23 11:35:38','2023-10-02 06:21:26','52',NULL,NULL),(22,15,'2023-08-21','29',100.00,'Head Office','Anti-Cutter- 80\r\nSuper Glue- 20','Approved','54','2023-08-23 11:36:42','2023-10-02 06:21:22','52',NULL,NULL),(23,11,'2023-08-23','24',40.00,'Head Office','Snacks','Approved','54','2023-08-24 09:44:44','2023-09-19 11:20:05','41',NULL,NULL),(24,11,'2023-08-24','24',40.00,'Head Office','Snacks','Approved','54','2023-08-24 16:25:37','2023-09-19 11:20:00','41',NULL,NULL),(25,15,'2023-08-23','32',50.00,'Head Office','Drill Bit - 30\r\nSuper Glue- 20','Approved','54','2023-08-26 10:42:26','2023-08-30 05:18:27','56',NULL,NULL),(26,18,'2023-08-23','29',930.00,'Head Office','Mirinda - 80\r\nCleaning Showroom - 450\r\nJharu + Belcha - 150\r\nSpray Matte Black Color - 250','Approved','54','2023-08-26 10:47:15','2023-10-02 06:21:16','52',NULL,NULL),(27,11,'2023-08-24','15',200.00,'Factory','Lunch for 2\r\nZhintu - 100\r\nDibakor - 100','Pending',NULL,'2023-08-26 10:49:02',NULL,'52',NULL,NULL),(28,13,'2023-08-26','16',100.00,'Head Office',NULL,'Pending',NULL,'2023-08-26 10:50:21',NULL,'52',NULL,NULL),(29,13,'2023-08-26','8',260.00,'Head Office','1.5 Gb Net  and 150 Mint For August','Approved','54','2023-08-26 16:01:05','2023-08-30 05:24:01','45',NULL,NULL),(30,11,'2023-08-26','7',80.00,'Head Office','supporting omar.     2person','Approved','54','2023-08-27 10:07:23','2023-08-30 05:58:56','39',NULL,NULL),(31,11,'2023-08-27','9',500.00,'Head Office','1. Lunch For 4 Personnel -  300\r\n2. Entertainment for Mr.Hafiz And Kamal from Design And Decor- 200','Approved','54','2023-08-28 11:40:27','2023-09-03 08:53:07','42',NULL,NULL),(32,11,'2023-08-29','14',100.00,'Head Office','Lunch bill-100','Approved','54','2023-08-30 04:48:07','2023-08-30 05:21:06','52',NULL,NULL),(33,11,'2023-08-28','24',40.00,'Head Office','Snack + lunch','Approved','54','2023-08-30 04:50:32','2023-09-19 11:19:55','41',NULL,NULL),(34,12,'2023-08-30','7',110.00,'Head Office','supporting Akash clients entertainment','Approved','54','2023-08-30 04:53:50','2023-08-30 06:00:25','39',NULL,NULL),(35,11,'2023-08-28','20',90.00,'Head Office','Snacks + Coke - 90','Approved','54','2023-08-30 04:53:52','2023-08-30 06:14:11','52',NULL,NULL),(36,11,'2023-08-26','15',250.00,'Factory','Lunch (2) - 200\r\nMk Screw - 50','Approved','54','2023-08-30 04:57:31','2023-08-30 05:12:56','52',NULL,NULL),(37,11,'2023-08-28','29',240.00,'Head Office','Lunch (3)- Shagor, Bappi, Zhintu - 240','Approved','54','2023-08-30 05:01:32','2023-08-30 06:53:14','52',NULL,NULL),(38,11,'2023-08-27','29',190.00,'Head Office','Lunch (4)- 160\r\nMk Screw - 30','Approved','54','2023-08-30 05:07:02','2023-08-30 05:11:19','52',NULL,NULL),(39,11,'2023-08-26','26',100.00,'Head Office','lunch - 100','Approved','54','2023-08-30 05:29:22','2023-08-30 06:02:07','51',NULL,NULL),(40,13,'2023-08-21','19',150.00,'Head Office',NULL,'Approved','54','2023-08-30 05:30:56','2023-08-30 05:37:07','44',NULL,NULL),(41,15,'2023-08-30','17',2500.00,'Head Office','Laptop Servicing','Approved','54','2023-08-30 05:31:54','2023-08-30 05:32:00','46',NULL,NULL),(42,15,'2023-08-23','19',120.00,'Head Office','Courier Bill - 120','Approved','54','2023-08-30 05:32:08','2023-08-30 05:37:02','44',NULL,NULL),(43,13,'2023-08-30','22',160.00,'Head Office',NULL,'Approved','54','2023-08-30 05:33:52','2023-08-30 05:34:00','48',NULL,NULL),(44,19,'2023-08-30','10',630.00,'Head Office','Office Coffee','Approved','54','2023-08-30 06:10:11','2023-08-30 06:10:21','54',NULL,NULL),(45,15,'2023-08-28','25',80.00,'Head Office','Card reader','Approved','54','2023-08-30 06:27:22','2023-08-30 06:28:22','57',NULL,NULL),(46,15,'2023-08-30','32',400.00,'Head Office','Selector Switch - 400 (1pc)','Approved','54','2023-08-31 04:51:10','2023-08-31 04:53:36','56',NULL,NULL),(47,13,'2023-08-31','33',200.00,'Head Office',NULL,'Approved','54','2023-08-31 05:11:01','2023-08-31 05:11:07','42',NULL,NULL),(48,11,'2023-08-30','19',60.00,'Head Office','coffee with dealers (ahmediya)','Approved','54','2023-08-31 06:44:52','2023-09-03 09:10:43','44',NULL,NULL),(50,11,'2023-08-31','24',40.00,'Head Office','Snacks','Approved','54','2023-08-31 11:31:36','2023-09-19 11:19:51','41',NULL,NULL),(51,11,'2023-08-31','8',40.00,'Head Office','snacks','Approved','54','2023-09-02 04:51:36','2023-09-03 11:37:29','45',NULL,NULL),(52,11,'2023-09-02','19',60.00,'Head Office','coca cola 600ml','Approved','54','2023-09-02 09:14:52','2023-09-03 09:10:48','44',NULL,NULL),(53,11,'2023-09-02','8',40.00,'Head Office','Some Snacks','Approved','54','2023-09-02 11:43:22','2023-09-03 11:37:21','45',NULL,NULL),(54,11,'2023-09-04','24',40.00,'Head Office','Snacks','Approved','54','2023-09-05 04:42:52','2023-09-19 11:19:47','41',NULL,NULL),(55,11,'2023-09-05','19',60.00,'Head Office','Coca cola  600ml','Approved','54','2023-09-05 08:51:26','2023-09-05 08:55:05','44',NULL,NULL),(56,15,'2023-05-09','17',80.00,'Head Office','Cash out charge','Approved','54','2023-09-05 09:02:52','2023-09-05 09:40:26','46',NULL,NULL),(57,15,'2023-09-05','20',810.00,'Head Office','Marshal Geometry Box - 170\r\nAlkaline Battery (AAA) 4pcs - 280\r\nSunlight Battery 2pcs - 30\r\nAnti Cutter (2pcs) - 180\r\nCutter Blade (1 box) - 60\r\nPlastic Box (1pc)- 90','Approved','54','2023-09-07 05:57:45','2023-09-07 13:37:27','52',NULL,NULL),(58,18,'2023-09-04','20',535.00,'Head Office','Carpenter - 300\r\nCoca Cola - 60\r\n1inch Nuts (4pcs) - 80\r\nPerag - 20\r\nScrew 1.5 inch(3 doz) - 75','Approved','54','2023-09-07 06:03:56','2023-09-07 13:37:20','52',NULL,NULL),(59,20,'2023-09-05','16',200.00,'Head Office','S.A Paribahan - 200','Pending',NULL,'2023-09-07 06:14:57',NULL,'52',NULL,NULL),(60,21,'2023-08-30','28',2929.00,'Head Office',NULL,'Pending',NULL,'2023-09-07 06:57:26',NULL,'54',NULL,NULL),(61,21,'2023-08-29','28',2513.00,'Head Office',NULL,'Pending',NULL,'2023-09-07 06:57:53',NULL,'54',NULL,NULL),(62,21,'2023-08-28','28',1660.00,'Head Office',NULL,'Pending',NULL,'2023-09-07 06:58:23',NULL,'54',NULL,NULL),(63,21,'2023-08-16','28',1675.00,'Head Office',NULL,'Pending',NULL,'2023-09-07 06:59:07',NULL,'54',NULL,NULL),(64,21,'2023-08-21','28',1602.00,'Head Office',NULL,'Pending',NULL,'2023-09-07 06:59:38',NULL,'54',NULL,NULL),(65,21,'2023-08-23','28',1540.00,'Head Office',NULL,'Pending',NULL,'2023-09-07 07:00:23',NULL,'54',NULL,NULL),(66,18,'2023-09-03','16',500.00,'Head Office','Coffee Cup - 500','Pending',NULL,'2023-09-07 07:00:34',NULL,'52',NULL,NULL),(67,21,'2023-08-19','28',2750.00,'Head Office',NULL,'Pending',NULL,'2023-09-07 07:01:57',NULL,'54',NULL,NULL),(68,21,'2023-08-27','28',1740.00,'Head Office',NULL,'Pending',NULL,'2023-09-07 07:02:53',NULL,'54',NULL,NULL),(69,21,'2023-08-22','28',2173.00,'Head Office',NULL,'Pending',NULL,'2023-09-07 07:03:33',NULL,'54',NULL,NULL),(70,21,'2023-08-08','28',1725.00,'Head Office',NULL,'Pending',NULL,'2023-09-07 07:04:00',NULL,'54',NULL,NULL),(71,21,'2023-08-07','28',2430.00,'Head Office',NULL,'Pending',NULL,'2023-09-07 07:04:22',NULL,'54',NULL,NULL),(72,21,'2023-08-01','28',2907.00,'Head Office',NULL,'Pending',NULL,'2023-09-07 07:04:45',NULL,'54',NULL,NULL),(73,21,'2023-09-01','28',2165.00,'Head Office',NULL,'Pending',NULL,'2023-09-07 07:05:08',NULL,'54',NULL,NULL),(74,21,'2023-09-02','28',1635.00,'Head Office',NULL,'Pending',NULL,'2023-09-07 07:06:18',NULL,'54',NULL,NULL),(75,21,'2023-09-03','28',2627.00,'Head Office',NULL,'Pending',NULL,'2023-09-07 07:06:40',NULL,'54',NULL,NULL),(76,21,'2023-09-04','28',1710.00,'Head Office',NULL,'Pending',NULL,'2023-09-07 07:07:35',NULL,'54',NULL,NULL),(77,21,'2023-09-06','28',3015.00,'Head Office',NULL,'Pending',NULL,'2023-09-07 07:07:57',NULL,'54',NULL,NULL),(78,11,'2023-09-07','15',380.00,'Head Office','1.5ware+scroo+clip+sub lunch','Approved','54','2023-09-07 13:05:20','2023-09-07 13:10:48','44',NULL,NULL),(79,11,'2023-09-07','14',120.00,'Head Office','Lunch','Approved','54','2023-09-07 14:39:22','2023-09-07 14:41:38','54',NULL,NULL),(80,15,'2023-09-07','14',160.00,'Head Office','Batteries for lock','Approved','54','2023-09-07 14:39:50','2023-09-07 14:41:28','54',NULL,NULL),(81,11,'2023-05-09','15',40.00,'Head Office','Sub-Lunch','Approved','54','2023-09-09 06:50:58','2023-10-04 07:48:09','44',NULL,NULL),(82,11,'2023-09-07','9',500.00,'Head Office','Curtain Install , lunch for noman, Joyanto, Jhintu','Approved','54','2023-09-09 11:36:38','2023-09-16 11:29:02','42',NULL,NULL),(83,11,'2023-09-09','19',780.00,'Head Office',NULL,'Approved','54','2023-09-10 04:43:28','2023-09-10 12:08:38','44',NULL,NULL),(84,11,'2023-09-07','24',80.00,'Head Office','Snacks With Azizul Shihab','Approved','54','2023-09-10 06:53:50','2023-09-19 11:15:44','41',NULL,NULL),(85,11,'2023-09-09','24',80.00,'Head Office','Snacks With Shihab','Approved','54','2023-09-10 06:59:11','2023-09-19 11:15:31','41',NULL,NULL),(86,15,'2023-09-10','21',330.00,'Head Office','Solution-330','Approved','54','2023-09-10 10:09:20','2023-09-12 05:17:43','52',NULL,NULL),(87,11,'2023-09-11','8',40.00,'Head Office','Sancks','Approved','54','2023-09-11 11:06:28','2023-09-12 04:47:14','45',NULL,NULL),(88,15,'2023-08-30','17',314.00,'Head Office','Tissue','Approved','54','2023-09-12 05:06:06','2023-09-12 05:17:37','54',NULL,NULL),(89,13,'2023-08-30','22',160.00,'Head Office',NULL,'Approved','54','2023-09-12 05:06:37','2023-09-12 05:17:28','54',NULL,NULL),(90,11,'2023-09-05','15',40.00,'Head Office',NULL,'Approved','54','2023-09-12 05:08:36','2023-09-12 05:17:32','54',NULL,NULL),(91,22,'2023-09-09','15',150.00,'Head Office',NULL,'Approved','54','2023-09-12 05:11:13','2023-09-12 05:17:18','54',NULL,NULL),(92,11,'2023-09-12','8',40.00,'Head Office','Subsity','Approved','54','2023-09-13 04:54:27','2023-10-03 12:00:19','45',NULL,NULL),(93,13,'2023-09-13','19',160.00,'Head Office','mobile recharge','Approved','54','2023-09-13 08:09:00','2023-09-13 08:10:05','44',NULL,NULL),(94,11,'2023-09-12','20',60.00,'Head Office','sub lunch','Approved','54','2023-09-13 08:41:37','2023-09-16 08:38:59','44',NULL,NULL),(95,15,'2023-09-08','14',260.00,'Head Office','battery','Approved','54','2023-09-13 08:44:15','2023-09-16 08:35:34','44',NULL,NULL),(96,11,'2023-09-13','20',200.00,'Head Office','foods (rakib and Noman)','Approved','54','2023-09-14 05:56:50','2023-09-16 08:38:54','44',NULL,NULL),(97,11,'2023-09-14','24',40.00,'Head Office','Snacks','Approved','54','2023-09-16 09:57:50','2023-09-19 11:15:24','41',NULL,NULL),(98,13,'2023-09-16','10',318.00,'Head Office',NULL,'Pending',NULL,'2023-09-16 11:31:51',NULL,'54',NULL,NULL),(99,15,'2023-09-17','15',200.00,'Head Office','Water tep+Poly','Approved','54','2023-09-17 09:44:18','2023-10-04 07:48:01','44',NULL,NULL),(100,11,'2023-09-17','8',40.00,'Head Office','Snacks','Approved','54','2023-09-18 04:43:53','2023-10-03 12:00:15','45',NULL,NULL),(101,15,'2923-09-18','17',100.00,'Head Office','pen purchase','Pending',NULL,'2023-09-18 11:05:02',NULL,'46',NULL,NULL),(102,15,'2023-09-19','21',80.00,'Head Office','Best buy(shop name)','Pending',NULL,'2023-09-19 11:19:06',NULL,'46',NULL,NULL),(103,15,'2023-09-19','21',490.00,'Head Office','being the amount pain to Maa Accessories & Stationary through Noman','Pending',NULL,'2023-09-19 11:23:37',NULL,'46',NULL,NULL),(104,11,'2023-09-19','24',40.00,'Head Office','Snacks','Approved','54','2023-09-20 05:25:57','2023-10-03 11:49:07','41',NULL,NULL),(105,13,'2023-09-20','15',0.00,'Head Office',NULL,'Approved','54','2023-09-20 06:36:40','2023-10-04 07:47:50','45',NULL,NULL),(106,13,'2023-09-20','15',100.00,'Head Office',NULL,'Approved','54','2023-09-20 06:43:52','2023-10-04 07:48:05','44',NULL,NULL),(107,11,'2023-09-20','24',40.00,'Head Office','Snacks','Approved','54','2023-09-20 11:46:54','2023-10-03 11:49:03','41',NULL,NULL),(108,21,'2023-09-20','24',120.00,'Head Office','Lunch','Approved','54','2023-09-20 11:50:57','2023-09-20 11:52:27','41',NULL,NULL),(109,13,'2023-09-23','29',100.00,'Head Office',NULL,'Approved','54','2023-09-23 06:45:07','2023-09-25 05:31:26','44',NULL,NULL),(110,11,'2023-09-24','7',120.00,'Head Office','servey mirpur with omor ,sohel & kawsar electric manager','Approved','54','2023-09-24 07:22:53','2023-10-03 11:40:34','39',NULL,NULL),(111,18,'2023-09-24','9',200.00,'Head Office','Printed 2 sets of layout , Mirpur amin groups showroom project - A3 Paper.','Approved','54','2023-09-24 10:00:56','2023-10-03 11:40:54','42',NULL,NULL),(112,11,'2023-09-24','8',40.00,'Head Office','Subsity','Approved','54','2023-09-24 10:45:26','2023-09-26 05:54:00','45',NULL,NULL),(113,15,'2023-09-24','16',200.00,'Head Office','Lanky sat and tep','Approved','54','2023-09-25 05:17:07','2023-09-25 05:19:43','44',NULL,NULL),(114,15,'2023-09-24','29',2150.00,'Head Office','faridpur 1800 taka\r\nvan bara 350','Approved','54','2023-09-25 05:20:34','2023-09-25 05:29:40','44',NULL,NULL),(115,15,'2023-09-25','19',1100.00,'Head Office','paint 1000\r\nfood 100','Approved','54','2023-09-25 10:49:13','2023-10-02 06:21:35','44',NULL,NULL),(116,13,'2023-09-25','32',100.00,'Head Office',NULL,'Approved','54','2023-09-25 10:50:39','2023-09-26 05:51:46','44',NULL,NULL),(117,21,'2023-09-25','14',110.00,'Head Office',NULL,'Approved','54','2023-09-26 06:12:00','2023-09-30 11:20:51','44',NULL,NULL),(118,15,'2023-09-30','14',30.00,'Head Office','tibbat saban 3ps','Approved','54','2023-09-30 08:48:33','2023-09-30 11:20:45','44',NULL,NULL),(119,15,'2023-09-24','14',80.00,'Head Office','print pepar','Pending',NULL,'2023-09-30 11:31:49',NULL,'44',NULL,NULL),(120,13,'2023-09-30','8',260.00,'Head Office','150 mint and 1.5 gb net','Approved','54','2023-10-01 04:51:43','2023-10-03 12:00:10','45',NULL,NULL),(121,15,'2023-09-30','29',450.00,'Head Office','ryelvold 12ps \r\n12 m  bit','Approved','54','2023-10-01 05:07:52','2023-10-02 06:20:46','44',NULL,NULL),(122,13,'2023-10-01','20',100.00,'Head Office',NULL,'Pending',NULL,'2023-10-01 05:26:57',NULL,'44',NULL,NULL),(123,11,'2023-10-01','19',60.00,'Head Office','Coffee with dealer','Approved','54','2023-10-01 08:32:23','2023-10-03 11:56:25','44',NULL,NULL),(124,15,'2023-10-01','29',350.00,'Head Office','Slide Range','Approved','54','2023-10-02 05:04:36','2023-10-02 06:20:41','45',NULL,NULL),(125,22,'2023-10-01','14',170.00,'Head Office',NULL,'Pending',NULL,'2023-10-02 06:24:04',NULL,'44',NULL,NULL),(126,11,'2023-10-02','24',40.00,'Head Office','Snacks','Approved','54','2023-10-02 09:43:07','2023-10-03 11:48:59','41',NULL,NULL),(127,13,'2023-09-10','24',250.00,'Head Office','Net and recharge','Approved','54','2023-10-02 09:52:14','2023-10-03 11:48:56','41',NULL,NULL),(128,15,'2023-10-03','19',20.00,'Head Office',NULL,'Approved','54','2023-10-03 09:55:03','2023-10-03 11:56:21','44',NULL,NULL),(129,11,'2023-10-03','24',40.00,'Head Office','Snacks','Approved','54','2023-10-03 11:04:31','2023-10-03 11:48:49','41',NULL,NULL),(130,21,'2023-10-03','32',510.00,'Head Office','lunch 120*3= 360\r\nscrew bit roclug 150','Approved','54','2023-10-03 11:39:07','2023-10-03 11:45:20','44',NULL,NULL),(131,13,'2023-10-03','29',95.00,'Head Office',NULL,'Approved','54','2023-10-03 12:28:40','2023-10-03 12:28:46','54',NULL,NULL),(132,15,'2023-10-04','19',1185.00,'Head Office','light 5ps= 920\r\n2pin,squre and cable= 265','Approved','54','2023-10-04 06:46:53','2023-10-04 07:41:16','44',NULL,NULL),(133,13,'2023-10-04','34',200.00,'Head Office','Phone calls for client\r\nMonth of September 2023','Approved','54','2023-10-04 08:08:16','2023-10-04 08:22:30','58',NULL,NULL),(134,13,'2023-10-04','34',200.00,'Head Office','Phone calls for client in October.','Approved','54','2023-10-04 08:09:47','2023-10-04 08:22:26','58',NULL,NULL),(135,13,'2023-10-04','33',400.00,'Head Office','phone calls for client ( September & October)','Approved','54','2023-10-04 08:13:00','2023-10-04 08:22:21','58',NULL,NULL),(136,15,'2023-10-04','19',70.00,'Head Office','taster & tap 30+40','Approved','54','2023-10-05 05:33:55','2023-10-11 05:07:11','44',NULL,NULL),(137,15,'2023-10-02','14',40.00,'Head Office',NULL,'Pending',NULL,'2023-10-05 05:39:27',NULL,'44',NULL,NULL),(138,21,'2023-10-05','20',100.00,'Head Office','rakib,akash\r\nsub lunch','Approved','54','2023-10-05 11:19:57','2023-10-07 06:12:57','44',NULL,NULL),(139,13,'2023-10-05','14',120.00,'Head Office',NULL,'Approved','54','2023-10-07 06:40:45','2023-10-16 05:31:20','44',NULL,NULL),(140,15,'2023-10-07','14',100.00,'Head Office','babolpoli','Approved','54','2023-10-07 06:41:22','2023-10-16 05:31:16','44',NULL,NULL),(141,15,'2023-10-07','32',350.00,'Head Office','Angel for Sign board showroom = 350/-','Approved','54','2023-10-07 09:45:49','2023-10-07 09:48:19','44',NULL,NULL),(142,13,'2023-10-07','32',100.00,'Head Office','Mobile month of October = 100/-','Approved','54','2023-10-07 09:49:22','2023-10-14 06:26:05','44',NULL,NULL),(143,11,'2023-10-05','29',1050.00,'Factory','dinaer cost 520\r\nfiver cable 530','Approved','54','2023-10-08 04:14:01','2023-10-09 05:58:17','44',NULL,NULL),(144,20,'2023-10-05','32',7600.00,'Factory','UV color 7200\r\ncourier charge 250\r\nbkash cost 150','Approved','54','2023-10-08 04:17:14','2023-10-14 06:25:55','44',NULL,NULL),(145,11,'2023-10-07','29',240.00,'Head Office','foods 110\r\nlunch 130','Approved','54','2023-10-08 04:18:27','2023-10-09 05:58:12','44',NULL,NULL),(146,15,'2023-10-07','19',13900.00,'Head Office','pertex matters 1 ps 13500  delivery 400','Approved','54','2023-10-08 05:54:12','2023-10-08 05:57:02','44',NULL,NULL),(147,15,'2023-10-07','19',28000.00,'Head Office','signboard 28000','Approved','54','2023-10-08 05:55:27','2023-10-08 05:56:55','44',NULL,NULL),(148,13,'2023-10-08','19',170.00,'Head Office',NULL,'Approved','54','2023-10-08 06:11:11','2023-10-11 05:06:35','44',NULL,NULL),(149,15,'2023-10-08','29',300.00,'Head Office','royelvol 25*12=300','Approved','54','2023-10-09 05:10:41','2023-10-09 05:58:03','44',NULL,NULL),(150,15,'2023-10-08','15',90.00,'Head Office','Clear Tape, Screew','Approved','54','2023-10-10 05:04:48','2023-10-15 06:08:09','50',NULL,NULL),(151,11,'2023-10-10','15',400.00,'Head Office','Rakib ,Noman,Manik','Approved','54','2023-10-10 05:06:04','2023-10-15 06:08:03','50',NULL,NULL),(152,15,'2023-10-10','15',940.00,'Head Office','PDLC remote batarry,5pin,Silicon,Jhut,Blade,WAter tape,Ware,2pin','Approved','54','2023-10-10 05:07:40','2023-10-15 06:07:48','50',NULL,NULL),(153,11,'2023-10-09','19',240.00,'Head Office','water and coca cola','Approved','54','2023-10-10 08:31:21','2023-10-11 05:07:00','44',NULL,NULL),(154,15,'2023-10-10','19',6055.00,'Head Office','light waer','Approved','54','2023-10-11 04:56:35','2023-10-11 05:06:51','44',NULL,NULL),(155,15,'2023-10-07','19',8000.00,'Head Office','light','Approved','54','2023-10-11 04:59:08','2023-10-11 05:06:48','44',NULL,NULL),(156,21,'2023-10-11','32',420.00,'Head Office','Mr. Noman & Dibakor','Approved','54','2023-10-12 04:19:07','2023-10-12 05:27:57','44',NULL,NULL),(157,21,'2023-10-11','32',80.00,'Head Office','Snack & Water = 80/-\r\nwith Noman & Dibakor','Approved','54','2023-10-12 04:22:57','2023-10-12 05:28:34','44',NULL,NULL),(158,15,'2023-10-11','14',4480.00,'Head Office',NULL,'Approved','54','2023-10-12 05:13:31','2023-10-16 05:31:11','44',NULL,NULL),(159,15,'2023-10-12','17',210.00,'Head Office','Ambse Paper 10 pcs (per pcs 10 taka), note book 30 taka and 2 certificate print 80 taka.\r\nTotal= 210 taka','Pending',NULL,'2023-10-12 10:12:04',NULL,'46',NULL,NULL),(160,22,'2023-10-12','32',510.00,'Head Office','SA Paribahan Courier Service = 470/-\r\nZeai Tar = 40/-','Approved','54','2023-10-14 05:07:43','2023-10-14 06:26:26','44',NULL,NULL),(161,15,'2023-10-12','32',140.00,'Head Office','SS bit for Drill = 140/-','Approved','54','2023-10-14 05:08:57','2023-10-14 06:26:31','44',NULL,NULL),(162,15,'2023-10-14','32',1270.00,'Head Office','SS Pipe & kelam = 1270/-','Approved','54','2023-10-14 05:09:50','2023-10-14 06:26:35','44',NULL,NULL),(163,13,'2023-10-13','13',500.00,'Head Office','October 2023','Approved','54','2023-10-14 09:24:56','2023-10-15 06:52:36','52',NULL,NULL),(164,23,'2023-10-14','19',28000.00,'STATA Lifestyle Mohakhali','shandlir set 1ps','Approved','54','2023-10-14 12:46:08','2023-10-18 10:18:21','44',NULL,NULL),(165,23,'2023-10-11','19',2750.00,'STATA Lifestyle Mohakhali','5 ft chanul 1ps \r\n10w track loght','Approved','54','2023-10-14 12:50:37','2023-10-18 10:18:17','44',NULL,NULL),(166,21,'2023-10-14','14',300.00,'STATA Lifestyle Mohakhali','3 days lunch','Approved','54','2023-10-15 05:10:14','2023-10-16 05:31:05','44',NULL,NULL),(167,13,'2023-10-15','21',100.00,'Head Office',NULL,'Approved','54','2023-10-15 06:02:31','2023-10-15 06:07:40','44',NULL,NULL),(168,23,'2023-10-13','14',400.00,'STATA Lifestyle Mohakhali','1.5\" pom','Approved','54','2023-10-15 06:07:13','2023-10-16 05:30:59','44',NULL,NULL),(169,23,'2023-10-13','14',1280.00,'STATA Lifestyle Mohakhali','atha tarpin','Approved','54','2023-10-15 06:08:33','2023-10-16 05:30:52','44',NULL,NULL),(170,23,'2023-10-14','14',4500.00,'STATA Lifestyle Mohakhali','mastire bill','Approved','54','2023-10-15 06:13:51','2023-10-16 05:30:48','44',NULL,NULL),(171,23,'2023-10-12','14',4800.00,'STATA Lifestyle Mohakhali','sinbort','Approved','54','2023-10-15 06:16:05','2023-10-16 05:30:33','44',NULL,NULL),(172,23,'2023-10-14','14',350.00,'STATA Lifestyle Mohakhali','godir kapor','Approved','54','2023-10-15 06:16:35','2023-10-15 06:59:19','44',NULL,NULL),(173,23,'2023-10-15','32',3190.00,'STATA Lifestyle Mohakhali','sspipe and kealm','Approved','54','2023-10-15 06:18:03','2023-10-15 06:58:30','44',NULL,NULL),(174,23,'2023-10-15','14',900.00,'Head Office','A4 paper 2*','Approved','54','2023-10-15 06:57:23','2023-10-15 06:58:25','44',NULL,NULL),(175,15,'2023-10-15','29',280.00,'Head Office','aaa battery','Approved','54','2023-10-15 07:09:29','2023-10-15 07:10:43','44',NULL,NULL),(176,15,'2023-10-15','32',250.00,'STATA Lifestyle Mohakhali','tep and blade','Pending',NULL,'2023-10-15 07:10:43',NULL,'44',NULL,NULL),(177,23,'2023-10-12','19',330.00,'Head Office','Battery 120 /squro 70 /print 40/ tap 100','Approved','54','2023-10-16 04:46:14','2023-10-18 10:18:13','44',NULL,NULL),(178,11,'2023-10-12','19',1110.00,'Head Office','dinner 280 /food 110 / lunch 420/ food 120 /dinner 180','Approved','54','2023-10-16 04:57:43','2023-10-18 10:18:01','44',NULL,NULL),(179,15,'2023-10-16','14',340.00,'Head Office','panc pail 7ps','Approved','54','2023-10-16 06:10:04','2023-10-19 06:30:49','44',NULL,NULL),(180,15,'2023-10-17','15',130.00,'Head Office','tape 60+70','Approved','54','2023-10-17 11:31:52','2023-10-19 06:30:45','44',NULL,NULL),(181,11,'2023-10-18','29',170.00,'STATA Lifestyle Mohakhali','lunch 120 \r\nfood 50','Approved','54','2023-10-18 14:06:44','2023-10-19 06:30:37','44',NULL,NULL),(182,18,'2023-10-18','29',5000.00,'STATA Lifestyle Mohakhali','Mohakhali Showroom','Approved','54','2023-10-19 06:30:22','2023-10-19 06:30:29','54',NULL,NULL),(183,23,'2023-10-17','14',1390.00,'STATA Lifestyle Mohakhali','tp link rauter','Pending',NULL,'2023-10-21 08:48:33',NULL,'44',NULL,NULL),(184,13,'2023-10-21','24',250.00,'Head Office','Mobile recharge and net','Approved','54','2023-10-21 10:40:26','2023-10-21 10:50:25','41',NULL,NULL),(185,21,'2023-10-21','28',1740.00,'Head Office','CHaal,Daal,Dim etc.','Pending',NULL,'2023-10-21 11:08:50',NULL,'46',NULL,NULL),(186,18,'2023-10-21','29',780.00,'STATA Lifestyle Mohakhali','Equipments for Showroom.\r\nAngel, Cleaner, Screws etc','Approved','54','2023-10-21 11:33:33','2023-10-21 11:33:42','54',NULL,NULL),(187,21,'2023-10-22','28',1720.00,'Head Office','Chaal,Daal,Chingri etc','Pending',NULL,'2023-10-22 09:45:09',NULL,'46',NULL,NULL),(188,23,'2023-10-22','32',4000.00,'Head Office','glass printing','Pending',NULL,'2023-10-22 13:29:15',NULL,'44',NULL,NULL),(189,23,'2023-10-22','32',11500.00,'Factory','voltage stablazier','Pending',NULL,'2023-10-22 13:30:51',NULL,'44',NULL,NULL),(190,23,'2023-10-22','32',1400.00,'Factory','adjustable cercuit breaker','Pending',NULL,'2023-10-22 13:32:15',NULL,'44',NULL,NULL),(191,11,'2023-10-22','29',40.00,'STATA Lifestyle Mohakhali','food','Approved','54','2023-10-22 13:33:11','2023-10-25 05:53:47','44',NULL,NULL),(192,21,'2023-10-22','20',40.00,'STATA Lifestyle Mohakhali','rater nasta.','Approved','54','2023-10-23 05:09:23','2023-10-23 05:50:55','44',NULL,NULL),(193,23,'2023-10-22','29',80.00,'STATA Lifestyle Mohakhali','anticutter 80 taka','Pending',NULL,'2023-10-23 05:29:08',NULL,'44',NULL,NULL),(194,23,'2023-10-23','14',2000.00,'STATA Lifestyle Mohakhali','Curtains for Showroom','Approved','54','2023-10-23 05:54:46','2023-10-23 05:54:59','54',NULL,NULL),(195,23,'2023-10-22','29',4600.00,'STATA Lifestyle Mohakhali','Colour  mistry','Pending',NULL,'2023-10-23 06:57:19',NULL,'56',NULL,NULL),(196,23,'2023-10-22','19',7500.00,'STATA Lifestyle Mohakhali','Box lather','Pending',NULL,'2023-10-23 06:57:41',NULL,'56',NULL,NULL),(197,21,'2023-10-22','28',2233.00,'Head Office','Chaal,Daal,Chiken etc.','Pending',NULL,'2023-10-23 09:39:35',NULL,'46',NULL,NULL),(198,22,'2023-10-23','20',150.00,'STATA Lifestyle Mohakhali',NULL,'Pending',NULL,'2023-10-23 11:11:55',NULL,'44',NULL,NULL),(199,21,'2023-10-19','28',2560.00,'Head Office','Chaal,Daal,Chiken etc.','Pending',NULL,'2023-10-23 11:40:11',NULL,'46',NULL,NULL),(200,23,'2023-10-23','29',450.00,'STATA Lifestyle Mohakhali','cable 150 8pin maltiu 300','Approved','54','2023-10-23 14:29:00','2023-10-25 08:15:53','44',NULL,NULL),(201,23,'2023-10-23','29',120.00,'STATA Lifestyle Mohakhali','accessories 120','Approved','54','2023-10-23 14:31:01','2023-10-25 07:14:30','44',NULL,NULL),(202,11,'2023-10-23','29',140.00,'STATA Lifestyle Mohakhali','food','Approved','54','2023-10-23 14:31:42','2023-10-25 07:14:27','44',NULL,NULL),(203,21,'2023-10-24','20',40.00,'STATA Lifestyle Mohakhali','nasta','Approved','54','2023-10-25 04:29:53','2023-10-25 07:14:24','44',NULL,NULL),(204,13,'2023-10-26','20',100.00,'STATA Lifestyle Mohakhali','October 2023','Approved','54','2023-10-25 04:30:30','2023-10-25 06:13:13','44',NULL,NULL),(205,23,'2023-10-23','8',20160.00,'STATA Lifestyle Mohakhali','Tv+Tv Stand+Bkash Khorch','Approved','54','2023-10-25 06:12:44','2023-10-25 06:51:41','45',NULL,NULL),(206,13,'2023-10-25','8',100.00,'Head Office','mbl bill October 2023','Approved','54','2023-10-25 06:14:39','2023-10-25 06:52:44','45',NULL,NULL),(207,19,'2023-10-25','27',250.00,'Head Office','Greenmark Cleaning Service','Approved','54','2023-10-25 07:14:13','2023-10-25 07:14:20','54',NULL,NULL),(208,18,'2023-10-25','29',2608.00,'STATA Lifestyle Mohakhali','Battery, Wire, Tape, Motor (Aquarium)','Approved','54','2023-10-25 08:14:49','2023-10-25 08:15:45','54',NULL,NULL),(209,21,'2023-10-24','28',2340.00,'Head Office','Chaal,Daal,Dim etc.','Approved','54','2023-10-25 09:19:22','2023-10-26 05:12:02','46',NULL,NULL),(210,23,'2023-10-23','14',0.00,'STATA Lifestyle Mohakhali','curtin 4 pic','Approved','54','2023-10-26 04:50:42','2023-10-26 05:12:28','44',NULL,NULL),(211,23,'2023-10-23','14',5500.00,'STATA Lifestyle Mohakhali','curtin 4 pic','Approved','54','2023-10-26 04:51:47','2023-10-26 05:12:26','44',NULL,NULL),(212,23,'2023-10-19','32',4600.00,'STATA Lifestyle Mohakhali','smart boiler switch 2 pic','Pending',NULL,'2023-10-26 06:31:13',NULL,'44',NULL,NULL),(213,23,'2023-10-26','19',100.00,'Factory','USB -100','Approved','54','2023-10-26 08:16:41','2023-11-02 09:29:03','44',8,100),(214,21,'2023-10-28','14',200.00,'STATA Lifestyle Mohakhali','lunch bill 2days','Pending',NULL,'2023-10-30 05:05:30',NULL,'44',NULL,NULL),(215,23,'2023-10-29','14',1570.00,'STATA Lifestyle Mohakhali','showroom accessories and bikash charge','Pending',NULL,'2023-10-30 05:11:27',NULL,'44',NULL,NULL),(216,23,'2023-10-30','28',2780.00,'STATA Lifestyle Mohakhali','Lamp For Showroom','Pending',NULL,'2023-10-30 05:19:02',NULL,'52',NULL,NULL),(217,21,'2023-10-19','28',2130.00,'Head Office','Chaal, Daal, Fish','Pending',NULL,'2023-10-30 05:24:04',NULL,'46',NULL,NULL),(218,21,'2023-10-25','28',2708.00,'Head Office','Chaal,Daal, Chiken etc.','Pending',NULL,'2023-10-30 05:25:34',NULL,'46',NULL,NULL),(219,21,'2023-10-28','28',1700.00,'Head Office','Chaal, Daal etc','Pending',NULL,'2023-10-30 05:27:16',NULL,'46',NULL,NULL),(220,23,'2023-10-30','24',340.00,'Head Office','SPARKLE 4G SWITCH PURCHASE FOR R&D','Pending',NULL,'2023-10-30 07:25:39',NULL,'45',NULL,NULL),(221,21,'2023-10-30','14',100.00,'STATA Lifestyle Mohakhali',NULL,'Pending',NULL,'2023-10-31 05:23:27',NULL,'44',NULL,NULL),(222,23,'2023-10-30','14',50.00,'STATA Lifestyle Mohakhali','3/4 iskru 4-dojon','Pending',NULL,'2023-10-31 05:25:22',NULL,'44',NULL,NULL),(223,23,'2023-10-30','23',4000.00,'STATA Lifestyle Mohakhali','Ac Bill: 4000','Pending',NULL,'2023-10-31 06:44:22',NULL,'52',NULL,NULL),(224,21,'2023-10-30','28',1710.00,'STATA Lifestyle Mohakhali','Chaal,Daal,Dim etc.','Pending',NULL,'2023-10-31 09:25:57',NULL,'46',NULL,NULL),(225,11,'2023-10-31','20',30.00,'STATA Lifestyle Mohakhali','coco cola=500 ml','Pending',NULL,'2023-11-01 04:45:04',NULL,'44',NULL,NULL),(226,23,'2023-11-01','19',160.00,'Head Office','mk box','Pending',NULL,'2023-11-01 05:50:35',NULL,'44',NULL,NULL),(227,21,'2023-10-31','28',1680.00,'Head Office','Chaal,Daal,Chiken etc.','Approved','54','2023-11-01 10:27:58','2023-11-01 18:14:10','46',8,1680),(228,23,'2023-11-01','20',350.00,'STATA Lifestyle Mohakhali','jali kapor 6 goj=180\r\n12v bettary 2 pc =120\r\ntestar 1 pc=50\r\n\r\ntotal=350','Pending',NULL,'2023-11-02 04:05:57',NULL,'44',NULL,NULL),(229,23,'2023-10-30','19',7500.00,'STATA Lifestyle Mohakhali','box ledhar','Pending',NULL,'2023-11-02 04:19:36',NULL,'44',NULL,NULL),(230,23,'2023-10-31','19',800.00,'Head Office','4gang switch 2ps','Pending',NULL,'2023-11-02 04:21:39',NULL,'44',NULL,NULL),(231,21,'2023-11-01','19',200.00,'Head Office','Shagor and Bappy','Approved','54','2023-11-02 05:54:19','2023-11-02 06:30:13','44',8,200),(232,24,'2023-11-02','24',13545.00,'Head Office','Invoice No: STA202378581','Approved','54','2023-11-02 08:25:33','2023-11-02 08:26:17','54',8,13545),(233,23,'2023-11-02','29',180.00,'Head Office','coshtape and blade','Pending',NULL,'2023-11-02 10:07:40',NULL,'44',NULL,NULL),(234,18,'2023-11-03','29',2500.00,'STATA Lifestyle Mohakhali','Pillow and cover','Pending',NULL,'2023-11-04 06:51:28',NULL,'54',NULL,NULL),(235,18,'2023-11-03','29',1500.00,'STATA Lifestyle Mohakhali','Pocket Router','Pending',NULL,'2023-11-04 06:53:01',NULL,'54',NULL,NULL),(236,23,'2023-10-31','14',540.00,'STATA Lifestyle Mohakhali','ware+2pin+favicole','Pending',NULL,'2023-11-04 06:54:03',NULL,'44',NULL,NULL),(237,21,'2023-11-01','14',300.00,'STATA Lifestyle Mohakhali','1-2-3 days','Pending',NULL,'2023-11-04 06:56:52',NULL,'44',NULL,NULL),(238,15,'2023-11-01','15',600.00,'Head Office','Silicone+jhut+tep+cleaner+_Maskin tep','Approved','54','2023-11-04 06:58:25','2023-11-07 06:05:54','44',8,600),(239,11,'2023-11-02','15',160.00,'Head Office','Rakib+Zhintu+Noman+Dibakor','Approved','54','2023-11-04 06:59:23','2023-11-07 06:05:35','44',8,160),(240,21,'2023-11-01','28',1750.00,'Head Office','Chaal,Daal,Dim etc.','Pending',NULL,'2023-11-04 08:51:48',NULL,'46',NULL,NULL),(241,21,'2023-11-03','28',1740.00,'Head Office','Chaal,Daal,Dim etc.','Pending',NULL,'2023-11-04 08:52:58',NULL,'46',NULL,NULL),(242,21,'2023-11-04','28',1680.00,'Head Office','Chaal,Daal,Vegetable etc.','Pending',NULL,'2023-11-05 07:19:23',NULL,'46',NULL,NULL),(243,21,'2023-11-04','14',200.00,'STATA Lifestyle Mohakhali','2parson','Pending',NULL,'2023-11-06 05:35:27',NULL,'44',NULL,NULL),(244,21,'2023-11-05','14',220.00,'STATA Lifestyle Mohakhali','lunch+ nasta','Pending',NULL,'2023-11-06 05:40:18',NULL,'44',NULL,NULL),(245,21,'2023-11-06','28',1980.00,'Head Office','Chaal,Daal,Dim etc','Pending',NULL,'2023-11-06 06:07:14',NULL,'46',NULL,NULL),(246,24,'2023-11-06','24',150.00,'Head Office','#STA202330956','Approved','54','2023-11-06 09:28:24','2023-11-06 09:28:57','54',8,150),(247,23,'2023-11-06','20',400.00,'STATA Lifestyle Mohakhali','ac socket= 1pc','Approved','54','2023-11-06 10:19:07','2023-11-06 11:38:15','44',8,400),(248,21,'2023-11-06','14',100.00,'STATA Lifestyle Mohakhali','shihab','Approved','54','2023-11-07 05:47:08','2023-11-07 06:07:57','44',8,100),(249,21,'2023-11-07','14',370.00,'STATA Lifestyle Mohakhali','3 parson','Approved','54','2023-11-07 05:48:26','2023-11-07 06:07:43','44',8,370),(250,19,'2023-11-06','7',100.00,'Head Office','Purchased battery and coffee for client','Pending',NULL,'2023-11-07 07:08:11',NULL,'42',NULL,NULL),(251,21,'2023-11-06','28',2605.00,'Head Office','Chaal,Daal,Chiken etc.','Pending',NULL,'2023-11-07 09:22:07',NULL,'46',NULL,NULL),(252,23,'2023-11-07','20',300.00,'STATA Lifestyle Mohakhali','cable 3 ta','Approved','54','2023-11-07 12:24:33','2023-11-08 11:29:28','44',8,300),(253,21,'2023-11-07','29',120.00,'Head Office','Lunch','Approved','54','2023-11-08 04:19:06','2023-11-08 06:15:07','44',8,120),(254,23,'2023-11-08','14',350.00,'STATA Lifestyle Mohakhali','AA Bettary 4pc max','Pending',NULL,'2023-11-08 10:37:20',NULL,'41',NULL,NULL),(255,21,'2023-11-08','14',500.00,'STATA Lifestyle Mohakhali','lunch+nasta+pani\r\n 3parson','Pending',NULL,'2023-11-08 10:46:15',NULL,'41',NULL,NULL),(256,23,'2023-11-06','14',120.00,'STATA Lifestyle Mohakhali','tishu+ hijlar Chada','Pending',NULL,'2023-11-08 11:04:48',NULL,'41',NULL,NULL),(257,23,'2023-11-08','20',80.00,'STATA Lifestyle Mohakhali','lock battery=4 pc','Approved','54','2023-11-08 11:10:41','2023-11-08 11:29:14','44',8,80),(258,23,'2023-11-08','19',475.00,'Head Office','suta,tap,katun','Approved','54','2023-11-08 11:22:44','2023-11-09 06:01:49','44',8,475),(259,22,'2023-11-08','19',2500.00,'Head Office','light,ac for factory','Approved','54','2023-11-08 11:28:59','2023-11-09 06:01:36','44',8,2500),(260,21,'2023-11-07','28',1505.00,'Head Office','Chaal,daal,Fish etc.','Approved','54','2023-11-08 12:12:54','2023-11-09 06:01:21','46',8,1505),(261,21,'2023-11-07','15',200.00,'Head Office','Dibakor','Approved','54','2023-11-09 05:31:15','2023-11-09 06:01:06','53',8,200),(262,18,'2023-11-06','22',6000.00,'Head Office','AC Servicing','Approved','54','2023-11-09 05:52:14','2023-11-09 06:00:53','54',8,6000),(263,21,'2023-11-09','15',200.00,'Head Office','Dibakor','Approved','54','2023-11-09 10:56:55','2023-11-09 11:00:20','53',8,200),(264,21,'2023-11-08','28',2806.00,'Head Office','CHaal,Daal,Chiken etc.','Approved','54','2023-11-09 10:59:21','2023-11-09 11:00:34','46',8,2806),(265,23,'2023-11-11','20',30.00,'STATA Lifestyle Mohakhali','all time scale','Pending',NULL,'2023-11-11 08:48:03',NULL,'44',NULL,NULL),(266,21,'2023-11-10','14',300.00,'STATA Lifestyle Mohakhali','3parson','Pending',NULL,'2023-11-11 10:19:55',NULL,'41',NULL,NULL),(267,13,'2023-11-11','14',200.00,'STATA Lifestyle Mohakhali','mobile bill','Pending',NULL,'2023-11-11 10:21:45',NULL,'41',NULL,NULL),(268,23,'2023-11-10','14',100.00,'STATA Lifestyle Mohakhali','pani + nasta','Pending',NULL,'2023-11-11 10:25:59',NULL,'41',NULL,NULL),(269,21,'2023-11-11','14',360.00,'STATA Lifestyle Mohakhali','lunch + nasta','Pending',NULL,'2023-11-11 10:28:25',NULL,'41',NULL,NULL),(270,23,'2023-11-11','14',40.00,'STATA Lifestyle Mohakhali','pani','Approved','54','2023-11-11 10:30:25','2023-11-12 07:36:27','41',8,40),(271,21,'2023-11-10','28',1475.00,'Head Office','Chaal,Daal,Dim etc.','Pending',NULL,'2023-11-11 11:58:42',NULL,'46',NULL,NULL),(272,13,'2023-11-12','33',200.00,'Head Office','Mobile bill- Novembar','Pending',NULL,'2023-11-12 10:50:21',NULL,'53',NULL,NULL),(273,21,'2023-11-11','28',2265.00,'STATA Lifestyle Mohakhali','Chaal,Daal,Fish etc.','Pending',NULL,'2023-11-12 12:03:00',NULL,'46',NULL,NULL),(274,21,'2023-11-12','28',2413.00,'Head Office','Chaal,Daal,Chiken etc.','Pending',NULL,'2023-11-13 05:25:31',NULL,'46',NULL,NULL),(275,21,'2023-11-12','14',400.00,'STATA Lifestyle Mohakhali','lunch +nasta+pani','Pending',NULL,'2023-11-13 10:50:46',NULL,'44',NULL,NULL),(276,21,'2023-11-11','14',400.00,'STATA Lifestyle Mohakhali','lunch+nasta+pani','Pending',NULL,'2023-11-13 10:52:13',NULL,'44',NULL,NULL),(277,23,'2023-11-13','14',20.00,'STATA Lifestyle Mohakhali','wheel powder','Pending',NULL,'2023-11-13 10:54:30',NULL,'44',NULL,NULL),(278,21,'2023-11-13','14',400.00,'STATA Lifestyle Mohakhali','lunch+nasta+pani','Pending',NULL,'2023-11-13 10:56:39',NULL,'44',NULL,NULL),(279,21,'2023-11-13','20',480.00,'STATA Lifestyle Mohakhali','Rakib, Devakor, Bappy, Zhintu( 4th person)','Pending',NULL,'2023-11-13 11:29:50',NULL,'46',NULL,NULL),(280,23,'2023-11-13','20',250.00,'Head Office','10 Dojon Scruu=200 tk\r\nRoyal Plug=50','Pending',NULL,'2023-11-13 11:31:47',NULL,'46',NULL,NULL),(281,15,'2023-11-14','15',2800.00,'Head Office','Weight Machine','Pending',NULL,'2023-11-14 11:18:23',NULL,'53',NULL,NULL),(282,11,'2023-11-14','21',30.00,'Head Office','food','Pending',NULL,'2023-11-14 11:40:22',NULL,'44',NULL,NULL),(283,21,'2023-11-14','14',400.00,'STATA Lifestyle Mohakhali','lunch+nasta +pani','Pending',NULL,'2023-11-15 04:55:31',NULL,'45',NULL,NULL),(284,23,'2023-11-14','14',100.00,'STATA Lifestyle Mohakhali','hijla chada+ poli','Pending',NULL,'2023-11-15 04:57:09',NULL,'45',NULL,NULL),(285,13,'2023-11-15','24',150.00,'STATA Lifestyle Mohakhali','OCTOBER','Pending',NULL,'2023-11-15 06:02:05',NULL,'41',NULL,NULL),(286,16,'2023-11-15','17',15347.00,'Head Office','House rent=6000+Product 7427+Samsujjaman Sohel=1500+Seal table=300','Pending',NULL,'2023-11-15 08:27:38',NULL,'46',NULL,NULL),(287,21,'2023-11-13','28',1555.00,'Head Office','Chaal,Daal, Dim etc.','Pending',NULL,'2023-11-15 08:32:51',NULL,'46',NULL,NULL),(288,21,'2023-11-15','14',400.00,'STATA Lifestyle Mohakhali','3 parson lunch','Pending',NULL,'2023-11-16 05:02:17',NULL,'44',NULL,NULL),(289,23,'2023-11-15','20',1340.00,'Head Office','tester,istar,bit,scro,tep','Pending',NULL,'2023-11-16 09:18:23',NULL,'44',NULL,NULL),(290,21,'2023-11-15','20',600.00,'STATA Lifestyle Mohakhali','bappy,debakor,rakib,noman,jinto','Pending',NULL,'2023-11-16 09:19:09',NULL,'44',NULL,NULL),(291,21,'2023-11-16','20',200.00,'Head Office','nasta,pani','Pending',NULL,'2023-11-16 09:20:08',NULL,'44',NULL,NULL),(292,23,'2023-11-16','14',150.00,'STATA Lifestyle Mohakhali','Screw Driver Star and Blade for Cutter','Approved','54','2023-11-16 09:38:25','2023-11-16 09:52:21','44',8,150),(293,21,'2023-11-14','28',1535.00,'Head Office','Chaal,Daal,Chingree etc.','Pending',NULL,'2023-11-18 06:44:14',NULL,'46',NULL,NULL),(294,21,'2023-11-15','28',2780.00,'Head Office','Chaal,Daal,Chiken etc.','Pending',NULL,'2023-11-18 06:46:13',NULL,'46',NULL,NULL),(295,21,'2023-11-16','28',2570.00,'Head Office','Chaal,Daal,Fish etc.','Pending',NULL,'2023-11-18 06:48:22',NULL,'46',NULL,NULL),(296,21,'2023-11-18','14',540.00,'STATA Lifestyle Mohakhali','lunch+pani+nasta','Pending',NULL,'2023-11-19 08:20:01',NULL,'44',NULL,NULL),(297,23,'2023-11-20',NULL,500.00,NULL,NULL,'Pending',NULL,'2023-11-20 07:48:05',NULL,'1',NULL,NULL),(298,21,'2023-11-18','28',1650.00,'STATA Lifestyle Mohakhali','Chaal,Daal,Dim etc.','Pending',NULL,'2023-11-20 08:39:52',NULL,'46',NULL,NULL),(299,21,'2023-11-19','28',2410.00,'STATA Lifestyle Mohakhali','Chaal,Daal,Chiken etc.','Pending',NULL,'2023-11-20 08:41:14',NULL,'46',NULL,NULL),(300,23,'2023-11-20','29',5180.00,'Factory','1 PC White & 1 PC Varnish Paint for UV Flatbed Machine','Approved','1','2023-11-20 09:12:33','2023-11-20 10:20:47','1',8,5180),(301,21,'2023-11-19','14',380.00,'STATA Lifestyle Mohakhali','lunch+nasta pani','Pending',NULL,'2023-11-20 09:51:32',NULL,'44',NULL,NULL),(302,21,'2023-11-20','14',400.00,'STATA Lifestyle Mohakhali','lunch+nasta pani','Pending',NULL,'2023-11-20 09:52:48',NULL,'44',NULL,NULL),(303,23,'2023-11-20','14',60.00,'STATA Lifestyle Mohakhali','hijlar chada+tester','Pending',NULL,'2023-11-20 09:54:30',NULL,'44',NULL,NULL),(304,21,'2023-11-20','15',200.00,'Head Office','Dibakor','Pending',NULL,'2023-11-20 11:54:36',NULL,'50',NULL,NULL),(305,23,'2023-11-21','21',1440.00,'Factory','mask.hand globes battary cable','Pending',NULL,'2023-11-22 05:15:49',NULL,'44',NULL,NULL),(306,21,'2023-11-20','28',1390.00,'Head Office','Chaal,Daal,Vegetable etc.','Pending',NULL,'2023-11-22 06:52:35',NULL,'46',NULL,NULL),(307,21,'2023-11-21','28',1580.00,'Head Office','Chaal,Daal,Dim etc.','Pending',NULL,'2023-11-22 06:54:17',NULL,'46',NULL,NULL),(308,21,'2023-11-21','14',200.00,'STATA Lifestyle Mohakhali',NULL,'Pending',NULL,'2023-11-22 07:20:59',NULL,'44',NULL,NULL),(309,15,'2023-11-22','17',10000.00,'STATA Lifestyle Mohakhali','Printing Due Payment','Approved','1','2023-11-22 07:35:55','2023-11-22 07:36:18','1',15,10000),(310,26,'2023-11-22','17',120000.00,'Head Office','STC DUE payment','Approved','1','2023-11-22 07:53:00','2023-11-22 07:53:44','1',15,120000),(311,23,'2023-11-22','21',600.00,'Head Office','battery nat box','Pending',NULL,'2023-11-23 07:24:30',NULL,'44',NULL,NULL),(312,27,'2023-11-23','13',2400.00,'Head Office','September and October bills\r\nTransaction ID- AKN8RDPSZA\r\nPaid through Bkash (01753021207)','Pending',NULL,'2023-11-23 08:14:44',NULL,'52',NULL,NULL),(313,13,'2023-11-11','13',500.00,'Head Office',NULL,'Pending',NULL,'2023-11-23 08:15:18',NULL,'52',NULL,NULL),(314,21,'2023-11-15','13',165.00,'Head Office','Zhintu, Bappy, Rakib, Dibakor, Noman','Pending',NULL,'2023-11-23 08:20:09',NULL,'52',NULL,NULL),(315,21,'2023-11-21','13',600.00,'Head Office','shakh','Pending',NULL,'2023-11-23 08:26:36',NULL,'52',NULL,NULL),(316,21,'2023-11-22','14',400.00,'STATA Lifestyle Mohakhali','lunch 3 person','Pending',NULL,'2023-11-23 08:51:09',NULL,'44',NULL,NULL),(317,21,'2023-11-23','14',400.00,'STATA Lifestyle Mohakhali','Lunch 3 person','Pending',NULL,'2023-11-23 08:51:56',NULL,'44',NULL,NULL),(318,23,'2023-11-25','29',60000.00,'Factory','UV print head 2 pcs = 30000*2=60000/-','Pending',NULL,'2023-11-25 08:12:55',NULL,'44',NULL,NULL),(319,23,'2023-11-25','29',9320.00,'Factory','Printing color, ribbon, Damper and art paper\r\n=9320/-','Pending',NULL,'2023-11-25 08:14:22',NULL,'44',NULL,NULL),(320,26,'2023-11-25','29',750.00,'Factory','Dahaka to Faridpur','Pending',NULL,'2023-11-25 08:14:56',NULL,'44',NULL,NULL),(321,20,'2023-11-25','29',4000.00,'Factory','Molding Machine Eng= 4000/-','Pending',NULL,'2023-11-25 08:15:46',NULL,'44',NULL,NULL),(322,26,'2023-11-25','29',250.00,'Factory','Dhaka to Faridpur','Pending',NULL,'2023-11-25 08:16:28',NULL,'44',NULL,NULL),(323,20,'2023-11-25','29',3500.00,'Factory','Glass clean, Water line work & Cleaner = 3500/-','Pending',NULL,'2023-11-25 08:24:38',NULL,'44',NULL,NULL),(324,21,'2023-11-25','29',120.00,'Factory','120','Pending',NULL,'2023-11-25 08:25:16',NULL,'44',NULL,NULL),(325,11,'2023-11-25','29',650.00,'Factory','Factory Lunch purpose = 650/-','Pending',NULL,'2023-11-25 08:26:18',NULL,'44',NULL,NULL),(326,13,'2023-11-25','32',100.00,'Head Office',NULL,'Pending',NULL,'2023-11-25 08:28:32',NULL,'44',NULL,NULL),(327,13,'2023-11-25','29',100.00,'Head Office',NULL,'Pending',NULL,'2023-11-25 08:28:51',NULL,'44',NULL,NULL),(328,13,'2023-11-25','15',100.00,'Head Office',NULL,'Pending',NULL,'2023-11-25 08:29:08',NULL,'44',NULL,NULL),(329,21,'2023-11-22','28',2695.00,'Head Office','Chaal,Daal,Chiken etc.','Pending',NULL,'2023-11-25 09:24:21',NULL,'46',NULL,NULL),(330,21,'2023-11-23','28',1715.00,'STATA Lifestyle Mohakhali','Chaal,Daal,Chingri etc.','Pending',NULL,'2023-11-25 09:25:45',NULL,'46',NULL,NULL),(331,23,'2023-11-20','20',225.00,'Head Office','royal plag=100\r\nscro=60pc=125','Pending',NULL,'2023-11-25 09:31:34',NULL,'44',NULL,NULL),(332,21,'2023-11-25','14',400.00,'STATA Lifestyle Mohakhali','lunch+ pani 3person','Pending',NULL,'2023-11-26 08:16:24',NULL,'44',NULL,NULL),(333,21,'2023-11-26','14',400.00,'STATA Lifestyle Mohakhali','lunch+3person','Pending',NULL,'2023-11-26 08:17:49',NULL,'44',NULL,NULL),(334,23,'2023-11-25','14',150.00,'STATA Lifestyle Mohakhali','chabi bananur charge','Pending',NULL,'2023-11-26 08:25:54',NULL,'44',NULL,NULL),(335,15,'2023-11-26','17',330.00,'STATA Lifestyle Mohakhali','Photo Print (Mina digital studio)','Approved','54','2023-11-26 08:48:03','2023-11-27 18:26:22','46',8,330),(336,21,'2023-11-26','19',100.00,'Head Office','Lunch 100','Pending',NULL,'2023-11-26 09:39:54',NULL,'44',NULL,NULL),(338,26,'2023-11-26','17',520.00,'Head Office','CN to CN Warehouse','Approved','1','2023-11-26 09:50:47','2023-11-26 09:51:05','1',14,520),(339,23,'2023-11-26','29',110000.00,'Factory','Crusher Machine Purchase','Approved','1','2023-11-26 09:59:01','2023-11-26 09:59:27','1',15,110000),(340,22,'2023-11-27','29',5000.00,'Factory','Crusher Machine Transfer from Islam Bagh to STATA Industries, Syed Industrial Zone Total 8K','Approved','1','2023-11-27 05:32:19','2023-11-27 05:33:18','1',15,5000),(341,13,'2023-11-27','20',100.00,'STATA Lifestyle Mohakhali','Mobile bill November 2023','Approved','54','2023-11-27 06:09:34','2023-11-27 10:19:35','44',8,100),(342,23,'2023-11-27','14',140.00,'STATA Lifestyle Mohakhali','battery +hijlar chada','Pending',NULL,'2023-11-27 07:26:14',NULL,'44',NULL,NULL),(343,23,'2023-11-27','14',120.00,'STATA Lifestyle Mohakhali','pani+nasta 2person','Approved','54','2023-11-27 07:32:06','2023-11-27 10:15:26','44',8,120),(344,31,'2023-11-27','17',10.00,'Head Office','NPSB CIty to SJIBL','Approved','1','2023-11-27 09:11:23','2023-11-28 07:28:06','1',14,10),(345,26,'2023-11-27','29',3500.00,'Factory','Due Crusher Machine Shipping to factory Charge and 500 taka Road fine','Approved','1','2023-11-27 09:35:54','2023-11-28 07:27:35','1',15,3500),(346,24,'2023-11-27','19',16365.00,'STATA Lifestyle Mohakhali','STA202365156','Approved','54','2023-11-27 09:36:18','2023-11-27 09:36:45','54',8,16365),(347,21,'2023-11-27','14',450.00,'STATA Lifestyle Mohakhali','Lunch Bill for Manik, Shahedul and Office Staff','Pending',NULL,'2023-11-27 10:18:34',NULL,'54',NULL,NULL),(348,21,'2023-11-26','20',100.00,'Head Office','rakib','Pending',NULL,'2023-11-27 10:25:15',NULL,'44',NULL,NULL),(349,32,'2023-11-27','10',4000.00,'Head Office','Car Parking November','Approved','54','2023-11-27 10:27:16','2023-11-27 10:27:31','54',8,4000),(350,24,'2023-11-27','10',3000.00,'Head Office','STA202330595','Approved','54','2023-11-27 10:34:51','2023-11-27 10:37:01','54',8,3000),(351,15,'2023-11-27','10',920.00,'Head Office',NULL,'Approved','54','2023-11-27 10:36:30','2023-11-27 10:36:45','54',8,920),(352,21,'2023-11-26','28',1545.00,'Head Office','Chaal,Daal,Dim etc.','Approved','54','2023-11-27 10:50:11','2023-11-27 18:25:08','46',8,1545),(353,23,'2023-11-28','29',180000.00,'Factory','SQ Cable 25/10/6 RM for factory Machineries','Approved','1','2023-11-28 07:26:44','2023-11-28 07:27:01','1',8,180000),(354,23,'2023-11-28','20',300.00,'Head Office','maxell bettary 4pc=300','Pending',NULL,'2023-11-29 04:38:12',NULL,'44',NULL,NULL),(355,21,'2023-11-26','32',100.00,'Head Office',NULL,'Pending',NULL,'2023-11-29 08:26:02',NULL,'44',NULL,NULL),(356,11,'2023-11-28','15',40.00,'Head Office','sublunch 40 taka','Pending',NULL,'2023-11-29 08:45:06',NULL,'44',NULL,NULL),(357,23,'2023-11-29','24',330.00,'Head Office','Switch socket purchase','Pending',NULL,'2023-11-29 11:39:08',NULL,'41',NULL,NULL),(358,22,'2023-11-29','21',250.00,'Head Office','Switch Back shale for factory','Pending',NULL,'2023-11-30 04:39:55',NULL,'44',NULL,NULL),(359,23,'2023-11-29','20',400.00,'Head Office','Maxwell battery  4pc=300 tk\r\nRakib,Sojib=Nasta-100 tk','Pending',NULL,'2023-11-30 04:51:45',NULL,'67',NULL,NULL),(360,23,'2023-11-29','20',90.00,'Head Office','katon tep 1pc=90 tk','Pending',NULL,'2023-11-30 04:52:59',NULL,'67',NULL,NULL),(361,11,'2023-11-28','14',300.00,'STATA Lifestyle Mohakhali','2 person 3 days nasta pani','Pending',NULL,'2023-11-30 05:59:16',NULL,'44',NULL,NULL),(362,20,'2023-11-30','29',2000.00,'Factory','Factory Purpose','Pending',NULL,'2023-11-30 06:19:36',NULL,'50',NULL,NULL),(363,15,'2023-11-30','10',15000.00,'Head Office','Rajib Bhai payment for ID card and visiting card','Pending',NULL,'2023-11-30 06:23:25',NULL,'54',NULL,NULL),(364,24,'2023-11-30','18',1400.00,'Head Office','STA202345390','Pending',NULL,'2023-11-30 06:24:21',NULL,'54',NULL,NULL),(365,21,'2023-11-30','14',1500.00,'STATA Lifestyle Mohakhali','10 days lunch bill. 3 person','Pending',NULL,'2023-11-30 06:31:41',NULL,'69',NULL,NULL),(366,21,'2023-11-27','28',1575.00,'Head Office','Chaal,Daal,Dim etc.','Pending',NULL,'2023-11-30 10:43:04',NULL,'46',NULL,NULL),(367,21,'2023-11-28','28',1405.00,'STATA Lifestyle Mohakhali','Chaal,Daal,Vegetable etc.','Pending',NULL,'2023-11-30 10:44:37',NULL,'46',NULL,NULL),(368,21,'2023-11-29','28',2570.00,'Head Office','Chaal,Daal,Chiken etc.','Pending',NULL,'2023-11-30 10:46:21',NULL,'46',NULL,NULL),(369,22,'2023-11-30','21',110.00,'Head Office','switch courier  khulna','Pending',NULL,'2023-11-30 11:31:57',NULL,'44',NULL,NULL),(370,13,'2023-11-28','19',150.00,'Head Office','mobile bill','Pending',NULL,'2023-12-02 04:40:22',NULL,'44',NULL,NULL),(371,23,'2023-11-30','19',1145.00,'Head Office','5 pin 4ps','Pending',NULL,'2023-12-02 04:46:10',NULL,'44',NULL,NULL),(372,23,'2023-12-02','19',1440.00,'Head Office','switch 5ps','Pending',NULL,'2023-12-02 04:49:04',NULL,'44',NULL,NULL),(373,23,'2023-12-02','19',2763.00,'Head Office','switch and socket 11ps','Pending',NULL,'2023-12-02 07:41:34',NULL,'44',NULL,NULL),(374,23,'2023-12-02','20',80.00,'Head Office','sunlight battery 4 poc =80 tk','Pending',NULL,'2023-12-02 09:54:26',NULL,'44',NULL,NULL),(375,21,'2023-11-30','28',1530.00,'Head Office','Chaal,Daal,Chingri','Pending',NULL,'2023-12-02 11:32:40',NULL,'46',NULL,NULL),(376,15,'2023-12-02','15',70.00,'Head Office','MK scroo','Pending',NULL,'2023-12-03 05:13:37',NULL,'67',NULL,NULL),(377,21,'2023-12-02','28',1497.00,'Head Office','Chaal,Daal,Dim etc.','Pending',NULL,'2023-12-03 10:53:01',NULL,'46',NULL,NULL),(378,16,'2023-12-02','17',5784.00,'Head Office','Trademark Payment','Pending',NULL,'2023-12-03 11:03:13',NULL,'46',NULL,NULL),(379,16,'2023-12-02','17',2000.00,'Head Office','Form Send Charge(Tips)','Pending',NULL,'2023-12-03 11:05:24',NULL,'46',NULL,NULL),(380,15,'2023-12-02','17',250.00,'STATA Lifestyle Mohakhali','Sim Purchase','Pending',NULL,'2023-12-03 11:06:48',NULL,'46',NULL,NULL),(381,15,'2023-12-02','17',200.00,'Head Office','Operating system Charge','Pending',NULL,'2023-12-03 11:12:00',NULL,'46',NULL,NULL),(382,23,'2023-12-03','20',140.00,'Head Office','katar belt=90\r\nscru 5d=50','Pending',NULL,'2023-12-03 11:35:44',NULL,'44',NULL,NULL),(383,23,'2023-12-04','20',320.00,'Head Office','sunlite battery 16pc-320taka','Pending',NULL,'2023-12-04 05:38:42',NULL,'67',NULL,NULL),(384,23,'2023-12-04','19',340.00,'Head Office','2 gang switch 1ps 340','Pending',NULL,'2023-12-04 06:08:03',NULL,'44',NULL,NULL),(385,15,'2023-12-04','17',250.00,'Head Office','Sim Purchase','Pending',NULL,'2023-12-04 06:25:29',NULL,'46',NULL,NULL),(386,11,'2023-12-03','19',630.00,'Factory','Dinner and other','Pending',NULL,'2023-12-04 06:33:52',NULL,'44',NULL,NULL),(387,21,'2023-12-03','32',350.00,'Head Office','Motiur, Zhintu & Sumon','Pending',NULL,'2023-12-04 06:41:45',NULL,'44',NULL,NULL),(388,23,'2023-12-04','32',600.00,'Head Office','Visiting Card Print','Pending',NULL,'2023-12-05 04:28:56',NULL,'44',NULL,NULL),(389,23,'2023-12-04','32',2160.00,'Head Office','Steaker Print','Pending',NULL,'2023-12-05 04:30:03',NULL,'44',NULL,NULL),(390,23,'2023-12-04','32',1620.00,'Factory','Mold Tools','Pending',NULL,'2023-12-05 04:31:09',NULL,'44',NULL,NULL),(391,23,'2023-12-04','32',61660.00,'Factory','ABS Plastic Raw Material','Pending',NULL,'2023-12-05 04:32:05',NULL,'44',NULL,NULL),(392,23,'2023-12-04','32',1000.00,'Factory','Mold Polish Chemical','Pending',NULL,'2023-12-05 04:34:47',NULL,'44',NULL,NULL),(393,22,'2023-12-04','32',680.00,'Factory','Labour & Courier Charge (for ABS)','Pending',NULL,'2023-12-05 04:36:25',NULL,'44',NULL,NULL),(394,21,'2023-12-03','28',1730.00,'STATA Lifestyle Mohakhali','Chaal,daal,Dim etc.','Pending',NULL,'2023-12-05 07:02:12',NULL,'46',NULL,NULL),(395,21,'2023-12-04','28',1570.00,'Head Office','Chaal,Daal,Vegetable etc.','Pending',NULL,'2023-12-05 07:03:34',NULL,'46',NULL,NULL),(396,12,'2023-12-05','24',750.00,'STATA Lifestyle Mohakhali','December Internet bill.','Pending',NULL,'2023-12-05 07:32:50',NULL,'41',NULL,NULL),(397,15,'2023-12-05','27',1100.00,'Head Office','A4 Paper x 2','Pending',NULL,'2023-12-05 08:33:31',NULL,'54',NULL,NULL),(398,21,'2023-12-05','21',240.00,'Head Office','rakib,noman','Pending',NULL,'2023-12-05 12:11:39',NULL,'44',NULL,NULL);
/*!40000 ALTER TABLE `expenses` ENABLE KEYS */;
UNLOCK TABLES;

--
-- Table structure for table `failed_jobs`
--

DROP TABLE IF EXISTS `failed_jobs`;
/*!40101 SET @saved_cs_client     = @@character_set_client */;
/*!50503 SET character_set_client = utf8mb4 */;
CREATE TABLE `failed_jobs` (
  `id` bigint unsigned NOT NULL AUTO_INCREMENT,
  `uuid` varchar(255) CHARACTER SET utf8mb4 COLLATE utf8mb4_unicode_ci NOT NULL,
  `connection` text CHARACTER SET utf8mb4 COLLATE utf8mb4_unicode_ci NOT NULL,
  `queue` text CHARACTER SET utf8mb4 COLLATE utf8mb4_unicode_ci NOT NULL,
  `payload` longtext CHARACTER SET utf8mb4 COLLATE utf8mb4_unicode_ci NOT NULL,
  `exception` longtext CHARACTER SET utf8mb4 COLLATE utf8mb4_unicode_ci NOT NULL,
  `failed_at` timestamp NOT NULL DEFAULT CURRENT_TIMESTAMP,
  PRIMARY KEY (`id`),
  UNIQUE KEY `failed_jobs_uuid_unique` (`uuid`)
) ENGINE=InnoDB DEFAULT CHARSET=utf8mb4 COLLATE=utf8mb4_unicode_ci;
/*!40101 SET character_set_client = @saved_cs_client */;

--
-- Dumping data for table `failed_jobs`
--

LOCK TABLES `failed_jobs` WRITE;
/*!40000 ALTER TABLE `failed_jobs` DISABLE KEYS */;
/*!40000 ALTER TABLE `failed_jobs` ENABLE KEYS */;
UNLOCK TABLES;

--
-- Table structure for table `migrations`
--

DROP TABLE IF EXISTS `migrations`;
/*!40101 SET @saved_cs_client     = @@character_set_client */;
/*!50503 SET character_set_client = utf8mb4 */;
CREATE TABLE `migrations` (
  `id` int unsigned NOT NULL AUTO_INCREMENT,
  `migration` varchar(255) CHARACTER SET utf8mb4 COLLATE utf8mb4_unicode_ci NOT NULL,
  `batch` int NOT NULL,
  PRIMARY KEY (`id`)
) ENGINE=InnoDB AUTO_INCREMENT=80 DEFAULT CHARSET=utf8mb4 COLLATE=utf8mb4_unicode_ci;
/*!40101 SET character_set_client = @saved_cs_client */;

--
-- Dumping data for table `migrations`
--

LOCK TABLES `migrations` WRITE;
/*!40000 ALTER TABLE `migrations` DISABLE KEYS */;
INSERT INTO `migrations` VALUES (1,'2014_10_12_000000_create_users_table',1),(2,'2014_10_12_100000_create_password_resets_table',1),(3,'2014_10_12_200000_add_two_factor_columns_to_users_table',1),(4,'2019_08_19_000000_create_failed_jobs_table',1),(5,'2019_12_14_000001_create_personal_access_tokens_table',1),(6,'2022_06_05_035221_create_sessions_table',1),(7,'2022_06_05_093510_create_admins_table',2),(8,'2022_06_08_050819_create_brands_table',3),(9,'2022_06_11_072712_create_sliders_table',4),(10,'2022_06_11_080003_create_sliders_table',5),(11,'2022_06_12_044009_create_categories_table',6),(12,'2022_06_12_044635_create_sub_categories_table',6),(13,'2022_06_12_101831_create_products_table',7),(14,'2022_06_12_102120_create_multi_imgs_table',7),(15,'2022_06_15_111136_create_carts_table',8),(16,'2022_06_18_051335_create_wishlists_table',9),(17,'2022_06_19_061429_create_coupons_table',10),(18,'2022_06_20_055345_create_ship_divisions_table',11),(19,'2022_06_20_082833_create_ship_districts_table',12),(20,'2022_06_21_050936_create_ship_states_table',13),(21,'2022_06_22_153813_create_shippings_table',14),(22,'2022_06_25_052407_create_oders_table',14),(23,'2022_06_25_075304_create_orders_table',15),(24,'2022_06_25_075738_create_order_items_table',15),(25,'2022_06_30_065319_create_site_settings_table',16),(26,'2022_06_30_110044_create_seos_table',17),(27,'2022_07_02_062717_create_reviews_table',18),(28,'2022_08_01_044732_create_locations_table',19),(29,'2022_12_17_142839_create_quotations_table',20),(30,'2022_12_18_071520_create_quotations_table',21),(31,'2022_12_18_083754_create_quotation_items_table',22),(32,'2022_12_21_072212_create_customers_table',22),(33,'2022_12_22_051900_create_quotation_items_table',23),(34,'2022_12_22_051908_create_quotations_table',23),(35,'2022_12_22_051920_create_customers_table',23),(36,'2022_12_22_062042_create_quotation_items_table',24),(37,'2023_01_10_060905_create_banks_table',25),(38,'2023_01_10_071658_create_suppliers_table',26),(39,'2023_01_10_111709_create_purchases_table',27),(40,'2023_01_10_111933_create_purchase_items_table',27),(41,'2023_01_10_114539_create_payment_items_table',27),(42,'2023_01_31_092320_create_expense_types_table',28),(43,'2023_01_31_095728_create_employees_table',29),(44,'2023_01_31_103138_create_designations_table',29),(45,'2023_02_25_093329_create_sulphur_stocks_table',30),(46,'2023_02_27_054051_create_productions_table',31),(47,'2023_02_27_092217_create_todays_productions_table',32),(48,'2023_03_01_052946_create_dealers_table',33),(49,'2023_03_01_091128_create_schedules_table',34),(50,'2023_03_02_094932_create_schedules_table',35),(51,'2023_03_02_113137_create_schedule_dates_table',36),(52,'2023_03_13_103924_create_sales_table',36),(53,'2023_03_13_103937_create_sales_items_table',36),(54,'2023_03_14_101450_create_sales_payment_items_table',37),(55,'2023_03_14_104021_create_acid_products_table',38),(56,'2023_03_15_085403_create_chalans_table',39),(57,'2023_03_22_061304_create_requisitions_table',40),(58,'2023_03_22_061552_create_requisition_types_table',41),(59,'2023_03_22_072837_create_requisitions_table',42),(60,'2023_03_29_095153_create_expenses_table',43),(61,'2023_05_28_104023_create_quotations_table',44),(62,'2023_05_28_104034_create_quotation_items_table',44),(63,'2023_05_28_105102_create_quotation_payment_items_table',45),(64,'2023_06_01_045822_create_chalans_table',46),(65,'2023_06_01_052234_create_chalan_items_table',47),(66,'2023_06_11_063330_create_employees_table',48),(67,'2023_06_11_091553_create_conveyances_table',48),(68,'2023_06_11_092104_create_conveyance_items_table',48),(69,'2023_06_12_055835_create_departments_table',48),(70,'2023_07_26_155959_create_return_products_table',48),(71,'2023_07_26_161000_create_return_product_items_table',48),(72,'2023_08_31_070452_admin_id_new_field',49),(73,'2023_09_17_101358_create_service_invoices_table',50),(74,'2023_09_17_101958_create_service_invoice_items_table',50),(75,'2023_09_17_104419_create_service_invoice_payment_items_table',51),(76,'2023_10_03_101827_create_deposits_table',52),(77,'2023_11_26_080831_create_salaries_table',53),(78,'2023_11_26_095415_create_ship_expense_types_table',53),(79,'2023_11_26_102445_create_ship_expenses_table',53);
/*!40000 ALTER TABLE `migrations` ENABLE KEYS */;
UNLOCK TABLES;

--
-- Table structure for table `password_resets`
--

DROP TABLE IF EXISTS `password_resets`;
/*!40101 SET @saved_cs_client     = @@character_set_client */;
/*!50503 SET character_set_client = utf8mb4 */;
CREATE TABLE `password_resets` (
  `email` varchar(255) CHARACTER SET utf8mb4 COLLATE utf8mb4_unicode_ci NOT NULL,
  `token` varchar(255) CHARACTER SET utf8mb4 COLLATE utf8mb4_unicode_ci NOT NULL,
  `created_at` timestamp NULL DEFAULT NULL,
  KEY `password_resets_email_index` (`email`)
) ENGINE=InnoDB DEFAULT CHARSET=utf8mb4 COLLATE=utf8mb4_unicode_ci;
/*!40101 SET character_set_client = @saved_cs_client */;

--
-- Dumping data for table `password_resets`
--

LOCK TABLES `password_resets` WRITE;
/*!40000 ALTER TABLE `password_resets` DISABLE KEYS */;
/*!40000 ALTER TABLE `password_resets` ENABLE KEYS */;
UNLOCK TABLES;

--
-- Table structure for table `payment_items`
--

DROP TABLE IF EXISTS `payment_items`;
/*!40101 SET @saved_cs_client     = @@character_set_client */;
/*!50503 SET character_set_client = utf8mb4 */;
CREATE TABLE `payment_items` (
  `id` bigint unsigned NOT NULL AUTO_INCREMENT,
  `purchase_id` bigint unsigned NOT NULL,
  `bank_id` bigint unsigned NOT NULL,
  `b_paid_amount` double(28,2) NOT NULL,
  `created_at` timestamp NULL DEFAULT NULL,
  `updated_at` timestamp NULL DEFAULT NULL,
  PRIMARY KEY (`id`),
  KEY `payment_items_purchase_id_foreign` (`purchase_id`),
  CONSTRAINT `payment_items_purchase_id_foreign` FOREIGN KEY (`purchase_id`) REFERENCES `purchases` (`id`) ON DELETE CASCADE
) ENGINE=InnoDB AUTO_INCREMENT=100 DEFAULT CHARSET=utf8mb4 COLLATE=utf8mb4_unicode_ci;
/*!40101 SET character_set_client = @saved_cs_client */;

--
-- Dumping data for table `payment_items`
--

LOCK TABLES `payment_items` WRITE;
/*!40000 ALTER TABLE `payment_items` DISABLE KEYS */;
INSERT INTO `payment_items` VALUES (73,81,7,854477.00,'2023-06-15 12:06:13','2023-06-15 12:06:13'),(74,82,7,1300682.00,'2023-06-18 10:35:52','2023-06-18 10:35:52'),(75,83,7,26107.00,'2023-06-18 14:52:08','2023-06-18 14:52:08'),(76,84,7,193800.00,'2023-06-26 14:23:55','2023-06-26 14:23:55'),(77,85,7,76864.00,'2023-07-05 11:27:10','2023-07-05 11:27:10'),(78,86,7,42690.00,'2023-07-05 11:47:50','2023-07-05 11:47:50'),(79,87,7,311680.00,'2023-07-08 10:26:32','2023-07-08 10:26:32'),(80,88,7,29960.00,'2023-08-03 11:02:31','2023-08-03 11:02:31'),(81,89,7,69019.00,'2023-08-08 12:15:09','2023-08-08 12:15:09'),(82,90,7,183490.00,'2023-08-17 11:02:45','2023-08-17 11:02:45'),(83,91,7,21750.00,'2023-08-29 06:37:42','2023-08-29 06:37:42'),(84,92,8,46025.00,'2023-10-23 08:14:47','2023-10-23 08:14:47'),(85,93,11,91450.00,'2023-11-01 06:23:55','2023-11-01 06:23:55'),(86,94,8,2400.00,'2023-11-01 07:01:46','2023-11-01 07:01:46'),(87,95,8,66870.00,'2023-11-01 07:36:11','2023-11-01 07:36:11'),(89,98,8,1541.00,'2023-11-08 13:05:51','2023-11-08 13:05:51'),(90,99,8,5750.00,'2023-11-11 11:30:03','2023-11-11 11:30:03'),(92,101,8,77580.00,'2023-11-12 10:26:30','2023-11-12 10:26:30'),(93,102,8,3982.00,'2023-11-13 10:15:08','2023-11-13 10:15:08'),(94,103,8,672.00,'2023-11-13 10:37:32','2023-11-13 10:37:32'),(95,104,8,244000.00,'2023-11-13 10:53:00','2023-11-13 10:53:00'),(96,105,8,484270.00,'2023-11-13 11:35:43','2023-11-13 11:35:43'),(97,106,8,83000.00,'2023-11-14 12:38:36','2023-11-14 12:38:36'),(98,107,16,47423.00,'2023-11-15 07:29:21','2023-11-15 07:29:21'),(99,108,17,196920.00,'2023-11-15 07:46:40','2023-11-15 07:46:40');
/*!40000 ALTER TABLE `payment_items` ENABLE KEYS */;
UNLOCK TABLES;

--
-- Table structure for table `personal_access_tokens`
--

DROP TABLE IF EXISTS `personal_access_tokens`;
/*!40101 SET @saved_cs_client     = @@character_set_client */;
/*!50503 SET character_set_client = utf8mb4 */;
CREATE TABLE `personal_access_tokens` (
  `id` bigint unsigned NOT NULL AUTO_INCREMENT,
  `tokenable_type` varchar(255) CHARACTER SET utf8mb4 COLLATE utf8mb4_unicode_ci NOT NULL,
  `tokenable_id` bigint unsigned NOT NULL,
  `name` varchar(255) CHARACTER SET utf8mb4 COLLATE utf8mb4_unicode_ci NOT NULL,
  `token` varchar(64) CHARACTER SET utf8mb4 COLLATE utf8mb4_unicode_ci NOT NULL,
  `abilities` text CHARACTER SET utf8mb4 COLLATE utf8mb4_unicode_ci,
  `last_used_at` timestamp NULL DEFAULT NULL,
  `created_at` timestamp NULL DEFAULT NULL,
  `updated_at` timestamp NULL DEFAULT NULL,
  PRIMARY KEY (`id`),
  UNIQUE KEY `personal_access_tokens_token_unique` (`token`),
  KEY `personal_access_tokens_tokenable_type_tokenable_id_index` (`tokenable_type`,`tokenable_id`)
) ENGINE=InnoDB DEFAULT CHARSET=utf8mb4 COLLATE=utf8mb4_unicode_ci;
/*!40101 SET character_set_client = @saved_cs_client */;

--
-- Dumping data for table `personal_access_tokens`
--

LOCK TABLES `personal_access_tokens` WRITE;
/*!40000 ALTER TABLE `personal_access_tokens` DISABLE KEYS */;
/*!40000 ALTER TABLE `personal_access_tokens` ENABLE KEYS */;
UNLOCK TABLES;

--
-- Table structure for table `productions`
--

DROP TABLE IF EXISTS `productions`;
/*!40101 SET @saved_cs_client     = @@character_set_client */;
/*!50503 SET character_set_client = utf8mb4 */;
CREATE TABLE `productions` (
  `id` bigint unsigned NOT NULL AUTO_INCREMENT,
  `product_id` bigint unsigned NOT NULL,
  `qty` varchar(255) CHARACTER SET utf8mb4 COLLATE utf8mb4_unicode_ci NOT NULL,
  `created_at` timestamp NULL DEFAULT NULL,
  `updated_at` timestamp NULL DEFAULT NULL,
  PRIMARY KEY (`id`)
) ENGINE=InnoDB AUTO_INCREMENT=25 DEFAULT CHARSET=utf8mb4 COLLATE=utf8mb4_unicode_ci;
/*!40101 SET character_set_client = @saved_cs_client */;

--
-- Dumping data for table `productions`
--

LOCK TABLES `productions` WRITE;
/*!40000 ALTER TABLE `productions` DISABLE KEYS */;
/*!40000 ALTER TABLE `productions` ENABLE KEYS */;
UNLOCK TABLES;

--
-- Table structure for table `products`
--

DROP TABLE IF EXISTS `products`;
/*!40101 SET @saved_cs_client     = @@character_set_client */;
/*!50503 SET character_set_client = utf8mb4 */;
CREATE TABLE `products` (
  `id` int NOT NULL AUTO_INCREMENT,
  `category_id` varchar(255) DEFAULT NULL,
  `product_name` varchar(255) NOT NULL,
  `sale_price` int DEFAULT NULL,
  `cost_price` int DEFAULT NULL,
  `qty` int NOT NULL DEFAULT '0',
  `p_vat` float DEFAULT NULL,
  `product_code` varchar(100) DEFAULT NULL,
  `product_details` varchar(255) DEFAULT NULL,
  `product_img` varchar(255) DEFAULT NULL,
  `status` int DEFAULT NULL,
  `created_at` timestamp(6) NULL DEFAULT NULL,
  `updated_at` timestamp(6) NULL DEFAULT NULL,
  `stock_b` int DEFAULT '0',
  PRIMARY KEY (`id`),
  KEY `category_id` (`category_id`)
) ENGINE=MyISAM AUTO_INCREMENT=367 DEFAULT CHARSET=utf8mb3;
/*!40101 SET character_set_client = @saved_cs_client */;

--
-- Dumping data for table `products`
--

LOCK TABLES `products` WRITE;
/*!40000 ALTER TABLE `products` DISABLE KEYS */;
INSERT INTO `products` VALUES (1,'1','STATA 1G Smart Switch Body (Metal )',1500,672,49,0,'ST-MV-SGS-1G-DF','Smart Switch','my-assets/image/product.png',1,NULL,'2023-12-02 05:32:26.000000',19),(3,'1','STATA 2G Smart Switch Body (Metal Body)',1800,733,101,0,'ST-MV-SGS-2G-DF','Smart Switch','my-assets/image/product.png',1,NULL,'2023-11-29 11:14:09.000000',20),(5,'1','STATA 3G Smart Switch Body (Metal Body)',2200,793,0,0,'ST-MV-SGS-3G-DF','Smart Switch','my-assets/image/product.png',1,NULL,'2023-11-26 11:34:50.000000',65),(7,'1','STATA 4G Smart Switch Body (Metal Body)',2600,1060,100,0,'ST-MV-SGS-4G-DF','Smart Switch','my-assets/image/product.png',1,NULL,'2023-11-29 11:14:09.000000',0),(9,'1','STATA Boiler Smart Switch Body (Metal Series)',2300,1110,0,0,'ST-MV-SGS-BS-DF','Smart Switch','my-assets/image/product.png',1,NULL,'2023-11-13 10:46:01.000000',0),(10,'1','STATA Boiler Smart Switch (Metal Series)',3000,NULL,0,0,'ST-MV-SGS-BS-JB',NULL,'my-assets/image/product.png',1,NULL,'2023-11-11 05:22:23.000000',0),(11,'8','Crystal Glass Panel 1G (Front Shell) (Metal Series)',700,206,295,0,'ST-MV-S1SP-GMB-GW',NULL,'my-assets/image/product.png',1,NULL,'2023-10-07 07:40:01.000000',0),(12,'8','Crystal Glass Panel 1G (Front Shell) (Metal Series)',700,206,207,0,'ST-MV-S1SP-GMB-JB',NULL,'my-assets/image/product.png',1,NULL,'2023-12-02 05:32:26.000000',0),(13,'8','Crystal Glass Panel 2G (Front Shell) (Metal Series)',700,206,163,0,'ST-MV-S2SP-GMB-GW',NULL,'my-assets/image/product.png',1,NULL,'2023-11-20 11:34:55.000000',0),(14,'8','Crystal Glass Panel 2G (Front Shell) (Metal Series)',700,206,181,0,'ST-MV-S2SP-GMB-JB',NULL,'my-assets/image/product.png',1,NULL,'2023-11-26 05:59:18.000000',0),(15,'8','Crystal Glass Panel 3G (Front Shell) (Metal Series)',700,206,138,0,'ST-MV-S3SP-GMB-GW',NULL,'my-assets/image/product.png',1,NULL,'2023-11-20 11:34:55.000000',0),(16,'8','Crystal Glass Panel 3G (Front Shell) (Metal Series)',700,206,166,0,'ST-MV-S3SP-GMB-JB',NULL,'my-assets/image/product.png',1,NULL,'2023-11-15 09:32:49.000000',0),(17,'8','Crystal Glass Panel 4G (Front Shell) (Metal Series)',700,206,148,0,'ST-MV-S4SP-GMB-GW',NULL,'my-assets/image/product.png',1,NULL,'2023-12-02 06:17:11.000000',0),(18,'8','Crystal Glass Panel 4G (Front Shell) (Metal Series)',700,206,168,0,'ST-MV-S4SP-GMB-JB',NULL,'my-assets/image/product.png',1,NULL,'2023-11-13 10:46:02.000000',0),(19,'8','Crystal Glass Panel Boiler (Front Shell) (Metal Series)',700,206,186,0,'ST-MV-SBSP-GMB-GW',NULL,'my-assets/image/product.png',1,NULL,'2023-12-03 06:29:20.000000',0),(20,'8','Crystal Glass Panel Boiler (Front Shell) (Metal Series)',700,206,199,0,'ST-MV-SBSP-GMB-JB',NULL,'my-assets/image/product.png',1,NULL,'2023-11-18 06:24:44.000000',0),(21,'1','STATA Smart 3-Pin Socket',2400,999,0,0,'ST-MV-SS-3PS-GW',NULL,'my-assets/image/product.png',1,NULL,'2023-06-14 12:47:44.000000',0),(22,'1','STATA Smart 3-Pin Socket',2400,999,0,0,'ST-MV-SS-3PS-JB',NULL,'my-assets/image/product.png',1,NULL,'2023-11-28 11:03:03.000000',0),(23,'7','STATA Smart Doorbell',7500,3753,1,0,'ST-MV-SVDB-MB',NULL,'my-assets/image/product.png',1,NULL,'2023-10-18 08:25:44.000000',0),(24,'7','STATA Smart Doorbell',7500,3753,0,0,'ST-MV-SVDB-GR',NULL,'my-assets/image/product.png',1,NULL,'2023-06-14 12:49:36.000000',0),(25,'1','STATA Smart Fan Switch Body  (Metal Series)',2200,919,0,0,'ST-TNG-SGS-FD-DF','Smart Switch','my-assets/image/product.png',1,NULL,'2023-11-22 08:08:23.000000',0),(26,'1','STATA Smart Fan Switch',2900,NULL,0,0,'ST-TNG-SGS-FD-JB',NULL,'my-assets/image/product.png',1,NULL,'2023-09-07 08:20:51.000000',0),(27,'1','STATA Smart Switch 1G',2200,NULL,0,0,'ST-YTT-SGS-1G-GW',NULL,'my-assets/image/product.png',1,NULL,'2023-10-18 08:26:24.000000',0),(28,'1','STATA Smart Switch 1G',2200,NULL,0,0,'ST-YTT-SGS-1G-JB',NULL,'my-assets/image/product.png',1,NULL,'2023-07-10 14:44:55.000000',0),(29,'1','STATA Smart Switch 2G',2500,NULL,0,0,'ST-YTT-SGS-2G-GW',NULL,'my-assets/image/product.png',1,NULL,'2023-10-18 08:26:14.000000',0),(30,'1','STATA Smart Switch 2G',2500,NULL,2,0,'ST-YTT-SGS-2G-JB',NULL,'my-assets/image/product.png',1,NULL,'2023-10-31 06:07:59.000000',0),(31,'1','STATA Smart Switch 3G',2900,NULL,0,0,'ST-YTT-SGS-3G-GW',NULL,'my-assets/image/product.png',1,NULL,'2023-10-18 08:26:04.000000',0),(32,'1','STATA Smart Switch 3G',2900,NULL,0,0,'ST-YTT-SGS-3G-JB',NULL,'my-assets/image/product.png',1,NULL,'2023-07-10 14:44:55.000000',0),(33,'1','STATA Smart Switch 4G',3300,NULL,1,0,'ST-YTT-SGS-4G-GW',NULL,'my-assets/image/product.png',1,NULL,'2023-11-01 07:46:06.000000',0),(34,'1','STATA Smart Switch 4G',3300,NULL,1,0,'ST-YTT-SGS-4G-JB',NULL,'my-assets/image/product.png',1,NULL,'2023-10-23 06:50:04.000000',0),(35,'1','STATA Smart Boiler Switch 20A',3000,NULL,0,0,'ST-YTT-SGS-BS-GW',NULL,'my-assets/image/product.png',1,NULL,'2023-11-22 05:50:00.000000',0),(36,'1','STATA Smart Boiler Switch 20A',3000,NULL,0,0,'ST-YTT-SGS-BS-JB','','my-assets/image/product.png',1,NULL,'2023-06-06 19:44:52.000000',0),(37,'1','STATA Smart Fan Dimmer',2900,NULL,0,0,'ST-YTT-SGS-FD-GW',NULL,'my-assets/image/product.png',1,NULL,'2023-11-14 06:37:41.000000',0),(38,'1','STATA Smart Fan Dimmer',2900,NULL,0,0,'ST-YTT-SGS-FD-JB','','my-assets/image/product.png',1,NULL,'2023-06-06 17:33:00.000000',0),(39,'1','STATA Curtain Switch',0,NULL,0,0,'ST-YTT-SGS-CS-GW','','my-assets/image/product.png',1,NULL,NULL,0),(40,'1','STATA Curtain Switch',0,NULL,2,0,'ST-YTT-SGS-CS-JB',NULL,'my-assets/image/product.png',1,NULL,'2023-07-05 11:11:47.000000',0),(41,'1','STATA Light Dimmer',2900,1130,6,0,'ST-YTT-SGS-LD-GW',NULL,'my-assets/image/product.png',1,NULL,'2023-11-30 10:40:44.000000',0),(42,'1','STATA Light Dimmer',2900,NULL,1,0,'ST-YTT-SGS-LD-JB',NULL,'my-assets/image/product.png',1,NULL,'2023-09-25 06:30:40.000000',0),(43,'8','Crystal Glass Panel 1G (Front Shell)',700,NULL,248,0,'ST-YTT-S1SP-GMB-GW',NULL,'my-assets/image/product.png',1,NULL,'2023-11-15 05:15:44.000000',0),(44,'8','Crystal Glass Panel 1G (Front Shell)',700,NULL,220,0,'ST-YTT-S1SP-GMB-JB',NULL,'my-assets/image/product.png',1,NULL,'2023-11-23 05:12:38.000000',0),(45,'8','Crystal Glass Panel 2G (Front Shell)',700,NULL,227,0,'ST-YTT-S2SP-GMB-GW',NULL,'my-assets/image/product.png',1,NULL,'2023-11-15 11:52:24.000000',0),(46,'8','Crystal Glass Panel 2G (Front Shell)',700,NULL,215,0,'ST-YTTS2SP-GMB-JB',NULL,'my-assets/image/product.png',1,NULL,'2023-11-11 05:22:23.000000',0),(47,'8','Crystal Glass Panel 3G (Front Shell)',500,NULL,10,0,'ST-YTT-S3SP-GMB-GW',NULL,'my-assets/image/product.png',1,NULL,'2023-11-15 11:52:24.000000',0),(48,'8','Crystal Glass Panel 3G (Front Shell)',700,NULL,326,0,'ST-YTT-S3SP-GMB-JB',NULL,'my-assets/image/product.png',1,NULL,'2023-11-18 05:41:54.000000',0),(49,'8','Crystal Glass Panel 4G (Front Shell)',700,NULL,26,0,'ST-YTT-S4SP-GMB-GW',NULL,'my-assets/image/product.png',1,NULL,'2023-12-06 06:11:28.000000',0),(50,'8','Crystal Glass Panel 4G (Front Shell)',700,NULL,283,0,'ST-YTT-S4SP-GMB-JB',NULL,'my-assets/image/product.png',1,NULL,'2023-11-18 06:01:54.000000',0),(51,'8','Crystal Glass Panel Boiler (Front Shell)',700,NULL,226,0,'ST-YTT-SBSP-GMB-GW',NULL,'my-assets/image/product.png',1,NULL,'2023-11-22 08:06:03.000000',0),(52,'8','Crystal Glass Panel Boiler (Front Shell)',700,NULL,168,0,'ST-YTT-SBSP-GMB-JB',NULL,'my-assets/image/product.png',1,NULL,'2023-10-19 06:55:59.000000',0),(53,'8','Crystal Glass Panel Fan Switch (Front Shell)',700,NULL,110,0,'ST-YTT-SFDP-GMB-GW',NULL,'my-assets/image/product.png',1,NULL,'2023-11-22 08:27:14.000000',0),(54,'8','Crystal Glass Panel Fan Switch (Front Shell)',700,NULL,188,0,'ST-YTT-SFDP-GMB-JB',NULL,'my-assets/image/product.png',1,NULL,'2023-10-18 05:18:38.000000',0),(55,'8','Smart 1 Gang Switch Body',1500,NULL,0,0,'ST-YTT-S1GSB-PSB-GW',NULL,'my-assets/image/product.png',1,NULL,'2023-11-14 06:37:41.000000',0),(56,'8','Smart 1 Gang Switch Body',1500,NULL,1,0,'ST-YTT-S1GSB-PSB-JB',NULL,'my-assets/image/product.png',1,NULL,'2023-11-15 09:32:49.000000',0),(57,'8','Smart 2 Gang Switch Body ',1800,NULL,0,0,'ST-YTT-S2GSB-PSB-JB','','my-assets/image/product.png',1,NULL,'2023-06-06 16:08:06.000000',0),(58,'8','Smart 2 Gang Switch Body',1800,735,5,0,'ST-YTT-S2GSB-PSB-GW',NULL,'my-assets/image/product.png',1,NULL,'2023-11-15 11:52:24.000000',0),(59,'8','Smart 3 Gang Switch Body',2200,NULL,0,0,'ST-YTT-S3GSB-PSB-GW',NULL,'my-assets/image/product.png',1,NULL,'2023-10-14 09:51:42.000000',0),(60,'8','Smart 3 Gang Switch Body',2200,NULL,4,0,'ST-YTT-S3GSB-PSB-JB',NULL,'my-assets/image/product.png',1,NULL,'2023-11-18 05:41:54.000000',0),(61,'8','Smart 4 Gang Switch Body',2600,850,7,0,'ST-YTT-S4GSB-PSB-GW',NULL,'my-assets/image/product.png',1,NULL,'2023-11-28 11:03:03.000000',0),(62,'8','Smart 4 Gang Switch Body ',2600,NULL,0,0,'ST-YTT-S4GSB-PSB-JB','','my-assets/image/product.png',1,NULL,'2023-06-06 16:02:44.000000',0),(63,'8','Smart Boiler Switch Body ',2300,NULL,0,0,'ST-YTT-SBSB-PSB-GW','','my-assets/image/product.png',1,NULL,'2023-06-08 10:49:25.000000',0),(64,'8','Smart Boiler Switch Body',2300,NULL,0,0,'ST-YTT-SBSB-PSB-JB',NULL,'my-assets/image/product.png',1,NULL,'2023-11-05 05:08:02.000000',0),(65,'8','Smart Fan Dimmer Body',2200,NULL,1,0,'ST-YTT-SFDB-PSB-GW',NULL,'my-assets/image/product.png',1,NULL,'2023-11-22 08:27:14.000000',0),(66,'8','Smart Fan Dimmer Body',2200,NULL,1,0,'ST-YTT-SFDB-PSB-JB',NULL,'my-assets/image/product.png',1,NULL,'2023-11-14 06:02:54.000000',0),(67,'2','STATAX9+',27999,8920,3,0,'ST-DEF-SDL-X9+-BL',NULL,'my-assets/image/product.png',1,NULL,'2023-12-02 10:21:45.000000',0),(68,'2','STATAX9+',27999,8920,0,0,'ST-DEF-SDL-X9+-RG',NULL,'my-assets/image/product.png',1,NULL,'2023-12-04 09:44:11.000000',0),(69,'2','STATAX9',25000,6877,2,0,'ST-DEF-SDL-X9-BL',NULL,'my-assets/image/product.png',1,NULL,'2023-11-22 11:32:34.000000',0),(70,'2','STATAX9',25000,6877,4,0,'ST-DEF-SDL-X9-RG',NULL,'my-assets/image/product.png',1,NULL,'2023-11-11 06:59:53.000000',0),(71,'2','STATAX9',27000,6877,1,0,'ST-DEF-SDL-X9-SE',NULL,'my-assets/image/product.png',1,NULL,'2023-11-06 11:36:53.000000',0),(72,'2','STATAX9 Lite',20999,6238,2,0,'ST-DEF-SDL-X9LI-BL',NULL,'my-assets/image/product.png',1,NULL,'2023-11-11 07:00:23.000000',0),(73,'2','STATAX9 Lite',20999,6238,7,0,'ST-DEF-SDL-X9LI-RG',NULL,'my-assets/image/product.png',1,NULL,'2023-10-28 08:25:07.000000',0),(74,'2','STATA CLUTCH',18000,6050,0,0,'ST-DEF-SDL-CLU-BL',NULL,'my-assets/image/product.png',1,NULL,'2023-11-22 12:06:07.000000',0),(75,'2','STATA CLUTCH',18000,6050,6,0,'ST-DEF-SDL-CLU-RG',NULL,'my-assets/image/product.png',1,NULL,'2023-11-29 09:08:02.000000',0),(76,'2','STATA BOLT',35000,9060,1,0,'ST-DEF-SDL-BLT-BL',NULL,'my-assets/image/product.png',1,NULL,'2023-12-03 11:24:41.000000',0),(77,'2','STATA BOLT',34999,9060,1,0,'ST-DEF-SDL-BLT-RG',NULL,'my-assets/image/product.png',1,NULL,'2023-12-03 11:24:02.000000',0),(78,'2','STATA BOLT',34999,9060,0,0,'ST-DEF-SDL-BLT-SE',NULL,'my-assets/image/product.png',1,NULL,'2023-11-14 13:45:46.000000',0),(79,'2','STATA BOLT PRO',44000,9610,9,0,'ST-DEF-SDL-BLTP-BL',NULL,'my-assets/image/product.png',1,NULL,'2023-12-03 11:24:41.000000',0),(80,'2','STATA BOLT PRO',42500,9610,13,0,'ST-DEF-SDL-BLTP-RG',NULL,'my-assets/image/product.png',1,NULL,'2023-11-27 05:49:42.000000',0),(81,'2','STATA BOLT PRO',42500,9610,0,0,'ST-DEF-SDL-BLTP-SE',NULL,'my-assets/image/product.png',1,NULL,'2023-10-28 08:13:15.000000',0),(82,'2','STATA TAP (BLE)',14999,NULL,2,0,'ST-DEF-BDL-TP-BL',NULL,'my-assets/image/product.png',1,NULL,'2023-09-25 04:45:31.000000',0),(83,'2','STATA TAP (BLE)',14999,NULL,1,0,'ST-DEF-BDL-TP-SE','','my-assets/image/product.png',1,NULL,'2023-06-15 12:06:36.000000',0),(84,'2','STATA TAP DUO (BLE)',15999,NULL,14,0,'ST-DEF-BDL-TP2-BL',NULL,'my-assets/image/product.png',1,NULL,'2023-11-22 06:06:40.000000',0),(85,'2','STATA TAP DUO (BLE)',0,NULL,0,0,'ST-DEF-BDL-TP2-SE','','my-assets/image/product.png',1,NULL,NULL,0),(86,'2','STATA X5',23000,NULL,0,0,'ST-DEF-SDL-X5-BL','','my-assets/image/product.png',1,NULL,'2023-06-06 16:53:40.000000',0),(87,'2','STATA X5',0,NULL,0,0,'ST-DEF-SDL-X5-RG','','my-assets/image/product.png',1,NULL,NULL,0),(88,'2','STATA Glass Door Lock (BLE)',25000,NULL,0,0,'ST-DEF-BGDL-RG',NULL,'my-assets/image/product.png',1,NULL,'2023-08-01 15:24:12.000000',0),(89,'2','STATA Glass Door Lock (BLE)',25000,NULL,0,0,'ST-DEF-BGDL-BL',NULL,'my-assets/image/product.png',1,NULL,'2023-11-08 05:13:59.000000',0),(90,'2','STATA Glass Door Lock (BLE)',25000,NULL,0,0,'ST-DEF-WGDL-BL',NULL,'my-assets/image/product.png',1,NULL,'2023-10-08 05:22:24.000000',0),(91,'2','STATA ULTRA',0,NULL,0,0,'ST-DEF-SDL-ULT-MB','','my-assets/image/product.png',1,NULL,NULL,0),(92,'2','STATA ULTRA',0,NULL,0,0,'ST-DEF-SDL-ULT-GM','','my-assets/image/product.png',1,NULL,NULL,0),(93,'2','STATA ULTRA',24000,NULL,0,0,'ST-DEF-SDL-ULT-BC','','my-assets/image/product.png',1,NULL,NULL,0),(94,'2','STATA CELESTIAL',0,NULL,0,0,'ST-DEF-SDL-CEL-DF','','my-assets/image/product.png',1,NULL,NULL,0),(95,'2','STATA VERGE',22000,NULL,2,0,'ST-QLE-SDL-VRG-MB',NULL,'my-assets/image/product.png',1,NULL,'2023-10-07 09:09:26.000000',0),(96,'2','STATA CLUTCH',18999,6050,0,0,'ST-QLE-SDL-CLU-BL',NULL,'my-assets/image/product.png',1,NULL,'2023-10-28 08:54:30.000000',0),(97,'2','STATA CLUTCH',18999,6050,0,0,'ST-QLE-SDL-CLU-RG',NULL,'my-assets/image/product.png',1,NULL,'2023-10-28 08:54:25.000000',0),(98,'2','STATA EVO',0,NULL,0,0,'ST-RND-BDL-EVO-BL','','my-assets/image/product.png',1,NULL,'2023-06-06 12:30:27.000000',0),(99,'2','RFID Card',500,200,50,0,'ST-DEF-DLA-RFC-DF','Door Lock','my-assets/image/product.png',1,NULL,'2023-12-03 08:52:01.000000',0),(100,'2','BLE To WiFi Gateway (TT)',3500,NULL,10,0,'ST-DEF-DLA-BTWT-DF',NULL,'my-assets/image/product.png',1,NULL,'2023-10-16 05:47:36.000000',0),(101,'2','STATA BLE To WiFi Gateway',0,NULL,0,0,'ST-DEF-DLA-SBTW-DF','','my-assets/image/product.png',1,NULL,NULL,0),(102,'9','STATA-5-Pin Multi Socket Double USB',1700,NULL,0,0,'ST-SD-TSS-5PS-GW',NULL,'my-assets/image/product.png',1,NULL,'2023-10-17 07:38:28.000000',0),(103,'9',' STATA-5-Pin Multi Socket Double USB',1700,NULL,0,0,'ST-SD-TSS-5PS-JB','','my-assets/image/product.png',1,NULL,'2023-06-07 14:23:45.000000',0),(104,'9',' STATA-5-Pin Multi Socket Double USB',1700,NULL,37,0,'ST-SD-TSS-5PS-IVG','','my-assets/image/product.png',1,NULL,'2023-06-20 09:47:30.000000',0),(105,'9','STATA TV+Net Socket',1800,NULL,7,0,'ST-SD-TSS-TNS-GW',NULL,'my-assets/image/product.png',1,NULL,'2023-11-11 12:17:22.000000',0),(106,'9','STATA TV+Net Socket',1800,NULL,68,0,'ST-SD-TSS-TNS-JB',NULL,'my-assets/image/product.png',1,NULL,'2023-10-16 08:27:38.000000',0),(107,'9','STATA TV+Net Socket',1700,NULL,17,0,'ST-SD-TSS-TNS-IVG',NULL,'my-assets/image/product.png',1,NULL,'2023-10-07 08:54:15.000000',0),(108,'9','STATA Telephone Socket',1700,450,13,0,'ST-SD-TSS-TS-GW',NULL,'my-assets/image/product.png',1,NULL,'2023-10-11 07:51:09.000000',0),(109,'9','STATA Telephone Socket',1700,450,21,0,'ST-SD-TSS-TS-JB',NULL,'my-assets/image/product.png',1,NULL,'2023-10-16 08:27:38.000000',0),(110,'9','STATA Telephone Socket',1700,450,7,0,'ST-SD-TSS-TS-IVG',NULL,'my-assets/image/product.png',1,NULL,'2023-10-11 07:51:24.000000',0),(111,'9','STATA 5 Pin Multi Socket (USB-C)',1800,600,150,0,'ST-SD-TSS-5PSC-GW',NULL,'my-assets/image/product.png',1,NULL,'2023-11-28 11:03:03.000000',0),(112,'9','STATA 5 Pin Multi Socket (USB-C)',1800,600,177,0,'ST-SD-TSS-5PSC-JB',NULL,'my-assets/image/product.png',1,NULL,'2023-11-28 11:03:03.000000',0),(113,'9','STATA 5 Pin Multi Socket (USB-C)',1800,NULL,0,0,'ST-SD-TSS-5PSC-IVG','','my-assets/image/product.png',1,NULL,'2023-06-06 13:11:14.000000',0),(114,'9','STATA 3-Pin AC Socket (Round Pin)',1800,NULL,53,0,'ST-SD-TSS-3PS-GW',NULL,'my-assets/image/product.png',1,NULL,'2023-11-11 12:17:22.000000',0),(115,'9','STATA 3-Pin AC Socket (Round Pin)',1800,NULL,20,0,'ST-SD-TSS-3PS-JB',NULL,'my-assets/image/product.png',1,NULL,'2023-11-01 05:11:33.000000',0),(116,'9','STATA 3-Pin AC Socket (Round Pin)',1800,NULL,0,0,'ST-SD-TSS-3PS-IVG','','my-assets/image/product.png',1,NULL,NULL,0),(117,'9','STATA Calling Bell Switch',1700,NULL,7,0,'ST-SD-TSS-CBS-GW',NULL,'my-assets/image/product.png',1,NULL,'2023-11-11 12:17:22.000000',0),(118,'9','STATA Calling Bell Switch',1700,NULL,9,0,'ST-SD-TSS-CBS-JB',NULL,'my-assets/image/product.png',1,NULL,'2023-11-07 06:16:16.000000',0),(119,'9','STATA Calling Bell Switch',1700,NULL,0,0,'ST-SD-TSS-CBS-IVG','','my-assets/image/product.png',1,NULL,NULL,0),(120,'9','STATA Blank Switch',1000,NULL,15,0,'ST-SD-TSS-BLS-GW',NULL,'my-assets/image/product.png',1,NULL,'2023-10-11 12:18:08.000000',0),(121,'9','STATA Blank Switch',1000,NULL,12,0,'ST-SD-TSS-BLS-JB',NULL,'my-assets/image/product.png',1,NULL,'2023-10-30 07:14:17.000000',0),(122,'9','STATA Blank Switch',1000,NULL,0,0,'ST-SD-TSS-BLS-IVG','','my-assets/image/product.png',1,NULL,NULL,0),(123,'9','STATA DP Switch',0,NULL,0,0,'ST-SD-TSS-DPS-GW','','my-assets/image/product.png',1,NULL,NULL,0),(124,'9','STATA DP Switch',0,NULL,0,0,'ST-SD-TSS-DPS-JB','','my-assets/image/product.png',1,NULL,'2023-06-12 11:09:40.000000',0),(125,'9','STATA DP Switch',0,NULL,0,0,'ST-SD-TSS-DPS-IVG','','my-assets/image/product.png',1,NULL,NULL,0),(126,'9','STATA Traditional Fan Dimmer',0,NULL,0,0,'ST-SD-TSS-TRFD-GW','','my-assets/image/product.png',1,NULL,NULL,0),(127,'9','STATA Traditional Fan Dimmer',0,NULL,0,0,'ST-SD-TSS-TRFD-JB','','my-assets/image/product.png',1,NULL,'2023-06-06 16:47:43.000000',0),(128,'9','STATA Traditional Fan Dimmer',0,NULL,0,0,'ST-SD-TSS-TRFD-IVG','','my-assets/image/product.png',1,NULL,'2023-06-06 16:52:30.000000',0),(129,'9','MIB Touch Fan Dimmer',1400,776,49,0,'MB-XZX-TSS-TFD-GW',NULL,'my-assets/image/product.png',1,NULL,'2023-12-04 11:23:46.000000',0),(130,'9','MIB Touch Fan Dimmer',1400,776,70,0,'MB-XZX-TSS-TFD-JB',NULL,'my-assets/image/product.png',1,NULL,'2023-10-30 05:28:13.000000',0),(131,'9','MIB 1G Touch Switch',899,453,79,0,'MB-XZX-TSS-T1G-GW',NULL,'my-assets/image/product.png',1,NULL,'2023-12-04 11:25:02.000000',0),(132,'9','MIB 1G Touch Switch',899,453,65,0,'MB-XZX-TSS-T1G-JB',NULL,'my-assets/image/product.png',1,NULL,'2023-10-23 07:56:22.000000',0),(133,'9','MIB 2G Touch Switch',999,521,77,0,'MB-XZX-TSS-T2G-GW',NULL,'my-assets/image/product.png',1,NULL,'2023-12-04 11:25:02.000000',0),(134,'9','MIB 2G Touch Switch',999,521,50,0,'MB-XZX-TSS-T2G-JB',NULL,'my-assets/image/product.png',1,NULL,'2023-10-23 07:56:31.000000',0),(135,'9','MIB 3G Touch Switch',1150,610,57,0,'MB-XZX-TSS-T3G-GW',NULL,'my-assets/image/product.png',1,NULL,'2023-12-04 06:20:39.000000',0),(136,'9','MIB 3G Touch Switch',1150,610,42,0,'MB-XZX-TSS-T3G-JB',NULL,'my-assets/image/product.png',1,NULL,'2023-11-18 06:17:23.000000',0),(137,'9','MIB 4G Touch Switch',1350,725,31,0,'MB-XZX-TSS-T4G-GW',NULL,'my-assets/image/product.png',1,NULL,'2023-12-03 10:06:26.000000',0),(138,'9','MIB 4G Touch Switch',1350,NULL,40,0,'MB-XZX-TSS-T4G-JB',NULL,'my-assets/image/product.png',1,NULL,'2023-11-18 06:17:23.000000',0),(139,'9','1G Touch Switch Body With Front Shell',0,NULL,0,0,'MB-XZX-TSS-1GTSBFS-BL','','my-assets/image/product.png',1,NULL,NULL,0),(140,'9','2G Touch Switch Body With Front Shell',0,NULL,0,0,'MB-XZX-TSS-2GTSBFS-BL','','my-assets/image/product.png',1,NULL,NULL,0),(141,'9','3G Touch Switch Body With Front Shell',0,NULL,0,0,'MB-XZX-TSS-3GTSBFS-BL','','my-assets/image/product.png',1,NULL,NULL,0),(142,'9','4G Touch Switch Body With Front Shell',0,NULL,0,0,'MB-XZX-TSS-4GTSBFS-BL','','my-assets/image/product.png',1,NULL,NULL,0),(143,'9','Fan Touch Switch Body With Front Shell',0,NULL,0,0,'MB-XZX-TSS-FTSBFS-BL','','my-assets/image/product.png',1,NULL,NULL,0),(144,'7','STATA UIR',2900,750,0,0,'ST-HID-SHA-IRB-DF',NULL,'my-assets/image/product.png',1,NULL,'2023-11-07 06:12:11.000000',0),(145,'7','STATA IR Thermostate',6500,NULL,5,0,'ST-NEO-SHA-IRT-WH',NULL,'my-assets/image/product.png',1,NULL,'2023-10-23 07:55:13.000000',0),(146,'7','STATA HPS',8500,2114,1,0,'ST-CHN-SHA-HPS-BL',NULL,'my-assets/image/product.png',1,NULL,'2023-11-01 07:29:17.000000',0),(147,'10','Freight',70,NULL,0,0,'NULL','','my-assets/image/product.png',1,NULL,NULL,0),(148,'9','MIB 5 Pin Multi Socket (USB-C)',1800,649,25,0,'MB-SD-TSS-5PSC-GW',NULL,'my-assets/image/product.png',1,NULL,'2023-12-03 10:06:26.000000',0),(149,'9','MIB 5 Pin Multi Socket (USB-C)',1800,649,11,0,'MB-SD-TSS-5PSC-JB',NULL,'my-assets/image/product.png',1,NULL,'2023-11-02 06:31:28.000000',0),(150,'9','MIB 3-Pin AC Socket (Round Pin)',1700,217,0,0,'MB-SD-TSS-3PS-GW',NULL,'my-assets/image/product.png',1,NULL,'2023-10-23 07:58:03.000000',0),(151,'9','MIB 3-Pin AC Socket (Round Pin)',1700,217,0,0,'MB-SD-TSS-3PS-JB',NULL,'my-assets/image/product.png',1,NULL,'2023-10-23 07:58:07.000000',0),(152,'9','MIB Calling Bell Switch',1300,648,94,0,'MB-SD-TSS-CBS-GW',NULL,'my-assets/image/product.png',1,NULL,'2023-11-11 12:39:09.000000',0),(153,'9','MIB Calling Bell Switch',1300,648,86,0,'MB-SD-TSS-CBS-JB',NULL,'my-assets/image/product.png',1,NULL,'2023-11-11 05:22:23.000000',0),(154,'9','MIB Blank Switch',0,NULL,0,0,'MB-SD-TSS-BLS-GW','','my-assets/image/product.png',1,NULL,NULL,0),(155,'9','MIB Blank Switch',0,NULL,0,0,'MB-SD-TSS-BLS-JB','','my-assets/image/product.png',1,NULL,NULL,0),(156,'9','MIB DP Switch',1400,211,16,0,'MB-SD-TSS-DPS-GW',NULL,'my-assets/image/product.png',1,NULL,'2023-11-11 12:39:09.000000',0),(157,'9','MIB DP Switch',1400,211,23,0,'MB-SD-TSS-DPS-JB',NULL,'my-assets/image/product.png',1,NULL,'2023-10-30 05:28:13.000000',0),(158,'9','MIB TV+Net Socket',1500,NULL,84,0,'MB-SD-TSS-TNS-GW',NULL,'my-assets/image/product.png',1,NULL,'2023-11-11 12:39:09.000000',0),(159,'9','MIB TV+Net Socket',1500,NULL,81,0,'MB-SD-TSS-TNS-JB',NULL,'my-assets/image/product.png',1,NULL,'2023-10-25 06:19:26.000000',0),(160,'9','MIB Telephone Socket',1500,450,98,0,'MB-SD-TSS-TS-GW',NULL,'my-assets/image/product.png',1,NULL,'2023-12-04 11:23:46.000000',0),(161,'9','MIB Telephone Socket',1500,450,90,0,'MB-SD-TSS-TS-JB',NULL,'my-assets/image/product.png',1,NULL,'2023-10-11 10:24:03.000000',0),(162,'3','Smart Gas Valve',6000,NULL,4,0,'ST-MV-SGV-DF','','my-assets/image/product.png',1,NULL,'2023-10-23 07:55:12.000000',0),(163,'4','Smart RGB Bulb 10W',1650,420,5,0,'ST-FLD-SLS-E2710W-RGB',NULL,'my-assets/image/product.png',1,NULL,'2023-10-30 05:20:14.000000',0),(164,'4','Smart Downlight 9W',0,NULL,0,0,'ST-FLD-SLS-DL9W-RGB','','my-assets/image/product.png',1,NULL,NULL,0),(165,'4','Smart LED Strip Light RGB',3300,NULL,2,0,'ST-FLD-SLS-SL5M-RGB',NULL,'my-assets/image/product.png',1,NULL,'2023-11-15 09:09:53.000000',0),(166,'4','Smart Sunset Light',0,NULL,0,0,'ST-FLD-SLS-SUN-RGB','','my-assets/image/product.png',1,NULL,'2023-06-06 16:11:27.000000',0),(167,'4','Smart Rhythmic Lamp',0,NULL,0,0,'ST-FLD-SLS-SRL-RGB','','my-assets/image/product.png',1,NULL,NULL,0),(168,'4','Smart Splice Wall Lamp',0,NULL,0,0,'ST-FLD-SLS-SWL-RGB','','my-assets/image/product.png',1,NULL,NULL,0),(169,'4','Smart Ceiling Lamp 24W',0,NULL,0,0,'ST-FLD-SLS-SCL-RGB','','my-assets/image/product.png',1,NULL,NULL,0),(170,'7','Video Doorbell with 7in Display',22000,NULL,0,0,'ST-MOR-SHA-7SVDD-WH',NULL,'my-assets/image/product.png',1,NULL,'2023-10-16 05:22:39.000000',0),(171,'7','Video Doorbell with 7in Display ',22000,NULL,0,0,'ST-MOR-SHA-7SVDD-BL','','my-assets/image/product.png',1,NULL,NULL,0),(172,'1','Delete 1',1500,878,5,0,'ST-MV-S1SMB-SMB-DF',NULL,'my-assets/image/product.png',1,NULL,'2023-07-10 10:21:10.000000',0),(173,'1','Smart 2G Metal Body',1800,938,0,0,'ST-MV-S2SMB-SMB-DF',NULL,'my-assets/image/product.png',1,NULL,'2023-11-26 05:59:18.000000',19),(174,'1','Smart 3G Metal Body',1900,999,110,0,'ST-MV-S3SMB-SMB-DF',NULL,'my-assets/image/product.png',1,NULL,'2023-11-29 11:14:09.000000',59),(175,'1','Smart 4G Metal Body',2600,1060,4,0,'ST-MV-S4SMB-SMB-DF',NULL,'my-assets/image/product.png',1,NULL,'2023-12-06 06:11:28.000000',97),(176,'8','Smart Fan Dimmer Body (Metal Series)',2200,1125,0,0,'ST-TNG-SGS-FD-DF',NULL,'my-assets/image/product.png',1,NULL,'2023-10-07 06:57:30.000000',0),(177,'1','Smart Boiler Metal Body',2300,1110,53,0,'ST-MV-SBMB-SMB-DF',NULL,'my-assets/image/product.png',1,NULL,'2023-12-03 06:29:20.000000',0),(178,'5','test',111,NULL,0,0,'sdsdsd','','my-assets/image/product.png',1,NULL,NULL,0),(179,'8','Crystal Glass Panel 1G (Front Shell)',700,NULL,0,0,'ST-YTT-S1SP-GMB-IVG','','my-assets/image/product.png',1,NULL,NULL,0),(180,'8','Crystal Glass Panel 2G (Front Shell)',700,NULL,0,0,'ST-YTTS2SP-GMB-IVG','','my-assets/image/product.png',1,NULL,NULL,0),(181,'8','Crystal Glass Panel 3G (Front Shell)',700,NULL,0,0,'ST-YTT-S3SP-GMB-IVG','','my-assets/image/product.png',1,NULL,NULL,0),(182,'8','Crystal Glass Panel 4G (Front Shell)',700,NULL,0,0,'ST-YTT-S4SP-GMB-IVG','','my-assets/image/product.png',1,NULL,NULL,0),(183,'8','Crystal Glass Panel 4G (Front Shell)',700,NULL,0,0,'ST-YTT-S4SP-GMB-IVG','','my-assets/image/product.png',1,NULL,NULL,0),(184,'8','Crystal Glass Panel Boiler (Front Shell)',700,NULL,0,0,'ST-YTT-SBSP-GMB-IVG','','my-assets/image/product.png',1,NULL,NULL,0),(185,'8','Crystal Glass Panel Fan Switch (Front Shell)',700,NULL,0,0,'ST-YTT-SFDP-GMB-IVG','','my-assets/image/product.png',1,NULL,NULL,0),(186,'1','STATA Smart Switch 1G',2200,NULL,0,0,'ST-YTT-SGS-1G-IVG',NULL,'my-assets/image/product.png',1,NULL,'2023-10-17 07:30:37.000000',0),(187,'1','STATA Smart Switch 2G',2500,NULL,0,0,'ST-YTT-SGS-2G-IVG','','my-assets/image/product.png',1,NULL,'2023-06-06 13:07:17.000000',0),(188,'1','STATA Smart Switch 3G',2900,NULL,0,0,'ST-YTT-SGS-3G-IVG',NULL,'my-assets/image/product.png',1,NULL,'2023-10-30 08:01:30.000000',0),(189,'1','STATA Smart Switch 4G (Plastic Body)',2600,NULL,22,0,'ST-YTT-SGS-4G-IVG','No Panel','my-assets/image/product.png',1,NULL,'2023-11-05 05:08:02.000000',0),(190,'1','STATA Smart Boiler Switch 20A',3000,NULL,2,0,'ST-YTT-SGS-BS-IVG',NULL,'my-assets/image/product.png',1,NULL,'2023-10-11 10:29:24.000000',0),(191,'4','STATA HEX',5200,NULL,0,0,'ST-FLD-SLS-HEX-RGB','','my-assets/image/product.png',1,NULL,'2023-08-05 11:18:26.000000',0),(192,'1','STATA Smart Fan Dimmer',2900,NULL,4,0,'ST-YTT-SGS-FD-IVG',NULL,'my-assets/image/product.png',1,NULL,'2023-10-11 10:28:15.000000',0),(193,'3','STATA Smart WiFi Gas Sensor',6000,NULL,0,0,'ST-MV-SSS-GASWI-DF','','my-assets/image/product.png',1,NULL,'2023-06-06 16:24:35.000000',0),(194,'1','STATA Smart 3-Pin Socket',2400,NULL,0,0,'ST-MV-SS-3PS-IVG','','my-assets/image/product.png',1,NULL,'2023-06-06 16:02:44.000000',0),(195,'3','Gas Sensor with valve',6000,NULL,0,0,'ST-NULL-SSS-GSV-DF','','my-assets/image/product.png',1,NULL,'2023-06-06 16:59:08.000000',0),(196,'7','STATA Smart Video Door Bell',7500,NULL,0,0,'ST-MV-SVDB-MB','','my-assets/image/product.png',1,NULL,'2023-06-13 16:37:36.000000',0),(197,'7','STATA Smart Video Door Bell',7500,NULL,0,0,'ST-MV-SVDB-GR',NULL,'my-assets/image/product.png',1,NULL,'2023-10-25 05:11:46.000000',0),(198,'7','STATA Smart Video Door Bell',7500,NULL,4,0,'ST-NULL-SVDB-DF','','my-assets/image/product.png',1,NULL,'2023-11-06 10:54:17.000000',0),(199,'3','STATA Security HUB WiFi (with GSM)',10000,NULL,0,0,'ST-NULL-SSS-SHUB-GSM','','my-assets/image/product.png',1,NULL,NULL,0),(200,'4','Smart Downlight (3\'\')',1700,NULL,0,0,'ST-NULL-SLS-DL9W3-RGB','','my-assets/image/product.png',1,NULL,NULL,0),(201,'7','Smart Vacuum Robot',25000,NULL,1,0,'ST-NULL-SHA-CLBOT-BL',NULL,'my-assets/image/product.png',1,NULL,'2023-10-23 08:31:21.000000',0),(202,'7','Smart Vacuum Robot',25000,NULL,1,0,'ST-NULL-SHA-CLBOT-WH',NULL,'my-assets/image/product.png',1,NULL,'2023-10-23 08:27:14.000000',0),(203,'3','STATA Capsule',3300,1541,1,0,'ST-ZIG-SSC-IPC-DF',NULL,'my-assets/image/product.png',1,NULL,'2023-12-03 11:23:38.000000',0),(204,'3','STATA RECON',3300,NULL,0,0,'ST-ZIG-SSC-REC-DF','','my-assets/image/product.png',1,NULL,'2023-06-06 16:59:39.000000',0),(205,'7','3 in 1 Smart Alexa Speaker',5500,NULL,0,0,'','','my-assets/image/product.png',1,NULL,'2023-06-10 10:03:36.000000',0),(206,'3','STATA Smart Door Sensor',4000,NULL,0,0,'','','my-assets/image/product.png',1,NULL,'2023-10-23 06:23:01.000000',0),(207,'8','Crystal Glass Panel Fan Dimmer (Front Shell) (Metal Series))',700,199,331,0,'ST-TNG-SFDP-GMB-GW',NULL,'my-assets/image/product.png',1,NULL,'2023-11-02 06:31:28.000000',0),(208,'8','Crystal Glass Panel Fan Dimmer (Front Shell) (Metal Series))',700,199,304,0,'ST-TNG-SFDP-GMB-JB',NULL,'my-assets/image/product.png',1,NULL,'2023-11-13 10:52:52.000000',0),(209,'7','STATA Smart Water Leak Sensor',0,NULL,3,0,'ST-NULL-SHA-SLS-DF','','my-assets/image/product.png',1,NULL,'2023-06-15 12:06:36.000000',0),(210,'7','STATA Smart Finger Bot',0,NULL,1,0,'ST-NULL-SHA-SFB-DF','','my-assets/image/product.png',1,NULL,'2023-06-15 12:06:36.000000',0),(211,'7','STATA Smart Plug',2000,NULL,0,0,'ST-NULL-SHA-SSP-DF','','my-assets/image/product.png',1,NULL,'2023-06-06 15:57:57.000000',0),(212,'7','STATA Smart Gas Sensor',0,NULL,0,0,'ST-NULL-SHA-SGS-DF','','my-assets/image/product.png',1,NULL,'2023-06-06 12:09:00.000000',0),(213,'7','STATA Smart Circuit Breaker',0,NULL,0,0,'ST-NULL-SHA-SCB-DF','','my-assets/image/product.png',1,NULL,NULL,0),(214,'7','STATA Relay Switch',0,NULL,1,0,'ST-NULL-SHA-SRS-DF','','my-assets/image/product.png',1,NULL,'2023-06-15 12:06:36.000000',0),(215,'7','STATA Tag',0,NULL,16,0,'ST-NULL-SHA-SST-DF','Home Appliance','my-assets/image/product.png',1,NULL,'2023-10-23 07:55:13.000000',0),(216,'7','Blood Pressure Monitor',0,NULL,0,0,'ST-NULL-SHA-SBMP-DF','Home Appliance','my-assets/image/product.png',1,NULL,NULL,0),(217,'9','STATA Traditional 3 pin Socket UK Standard',1700,NULL,0,0,'ST-SD-TSS-3PSUK-GW','Touch Switch and Socket','my-assets/image/product.png',1,NULL,'2023-06-06 17:02:08.000000',0),(218,'2','STATA Access Control',0,NULL,0,0,'','ST-NULL-SHA-SAC-DF','my-assets/image/product.png',1,NULL,'2023-06-10 10:15:33.000000',0),(219,'2','STATA Glass Doorlock Remote',2000,NULL,10,0,'ST-DEF-SDLA-DF','Remote','my-assets/image/product.png',1,NULL,'2023-11-09 04:43:58.000000',0),(220,'2','STATA Pro Mini',29999,NULL,0,0,'ST-DEF-SDLA-SMINI-RG','Smart Doorlock','my-assets/image/product.png',1,NULL,'2023-06-05 00:51:24.000000',0),(221,'2','STATA Pro Mini',29999,NULL,0,0,'ST-DEF-SDLA-SMINI-JB','Smart Lock','my-assets/image/product.png',1,NULL,NULL,0),(222,'1','STATA Smart 3-Pin Socket Body',1700,NULL,3,0,'ST-TNG-SS-3PS-GW','Smart Socket','my-assets/image/product.png',1,NULL,'2023-11-18 07:39:08.000000',0),(223,'1','STATA Smart 3-Pin Socket Body',1700,NULL,1,0,'ST-TNG-SS-3PS-JB','Smart Socket','my-assets/image/product.png',1,NULL,'2023-11-26 10:02:14.000000',0),(224,'1','Crystal Glass Panel 3Pin Socket (Front Shell)',700,220,73,0,'ST-TNG-SS-3PS-JB','Front Shell','my-assets/image/product.png',1,NULL,'2023-10-30 06:33:23.000000',0),(225,'8','Crystal Glass Panel 3Pin Socket (Front Shell)',700,220,153,0,'ST-TNG-SS-3PS-GW','Crystal Panel','my-assets/image/product.png',1,NULL,'2023-11-26 10:03:13.000000',0),(226,'3','Smoke Detector',4000,NULL,0,0,'ST-NULL-SHA-SSD-DF','Smart Smoke Detector','my-assets/image/product.png',1,NULL,'2023-10-19 07:01:43.000000',0),(227,'3','STATA Smart Security System',10000,5000,0,0,'ST-DEF-SS-GW','Security','upload/products/1767846475354678.png',1,'2023-06-05 01:22:59.000000',NULL,0),(228,'10','Installation and Configuration',1500,NULL,9999997,NULL,'Lock','Lock Installation','upload/products/1767862276864568.png',1,'2023-06-05 16:34:08.000000','2023-11-08 11:21:16.000000',0),(229,'10','Installation and Configuration',250,NULL,1000000,NULL,'Switch','Switch installtion','upload/products/1767862323960814.png',1,'2023-06-05 16:34:53.000000','2023-09-17 05:05:39.000000',0),(230,'10','Installation and Configuration',500,NULL,10000000,NULL,'Camera','Camera Installation','upload/products/1767862361503948.png',1,'2023-06-05 16:35:29.000000','2023-09-17 05:04:34.000000',0),(231,'10','Shipping Cost',70,NULL,999,NULL,'Dhaka',NULL,'upload/products/1767862424615702.png',1,'2023-06-05 16:36:29.000000','2023-12-04 09:44:11.000000',0),(232,'10','Shipping Cost',120,NULL,998,NULL,'Outside Dhaka',NULL,'upload/products/1767862877150367.png',1,'2023-06-05 16:43:40.000000','2023-11-30 10:39:06.000000',0),(233,'2','STATA T1',13000,NULL,0,0,'ST-DEF-SDL-DF','Door Lock','upload/products/1767934125635075.png',1,'2023-06-06 11:36:08.000000','2023-06-06 16:55:44.000000',0),(234,'7','Alexa 3 in 1 speaker',5000,NULL,0,0,'ST-NULL-SHA-SS-DF','Smart Speaker','upload/products/1767934823538405.png',1,'2023-06-06 11:47:14.000000',NULL,0),(235,'1','STATA Smart LCD Switch',7000,NULL,0,0,'ST-NULL-SHA-SS-DF','Smart Switch','upload/products/1767934930634785.png',1,'2023-06-06 11:48:56.000000','2023-06-07 14:38:56.000000',0),(236,'9','STATA Touch Switch 2 Gang',1520,NULL,0,0,'ST-DF-TS-DF-2G','Touch Switch','upload/products/1767936956665686.png',1,'2023-06-06 12:21:08.000000','2023-06-06 15:34:33.000000',0),(237,'9','STATA Touch 3 Gang',1600,NULL,0,0,'ST-DF-TS-DF-3G','Touch Switch','upload/products/1767937470455556.png',1,'2023-06-06 12:29:18.000000','2023-06-10 10:15:33.000000',0),(238,'1','STATA Enigma Series 1G- GW',2550,NULL,4,0,'ST-DF-TS-GW-1G','Enigma Switch','upload/products/1767938042562763.png',1,'2023-06-06 12:38:24.000000','2023-10-11 08:40:27.000000',0),(239,'1','STATA Enigma Series 2G- GW',2550,NULL,1,0,'ST-DF-EN-GW-2G','Enigma Switch','upload/products/1767938136268265.png',1,'2023-06-06 12:39:53.000000','2023-10-11 08:42:06.000000',0),(240,'1','STATA Enigma Series 3G-GW',2900,NULL,0,0,'ST-DF-TS-GW-3G','Enigma Switch','upload/products/1767938262444581.png',1,'2023-06-06 12:41:53.000000','2023-10-11 08:36:52.000000',0),(241,'7','STATA Smart Home Package Beginner Kit',4999,NULL,0,0,'ST-NULL-SHA-SGS-SHP','Smart Home Package','upload/products/1767938455385674.png',1,'2023-06-06 12:44:57.000000','2023-06-07 14:26:10.000000',0),(242,'4','STATA Smart LED Bulb (RGB)',1950,NULL,0,0,'ST-NULL-SHA-SGS-DF','Smart Light','upload/products/1767938663616631.png',1,'2023-06-06 12:48:16.000000','2023-06-06 16:06:10.000000',0),(243,'4','Smart LED Bulb (Warm Red)',1700,NULL,0,0,'ST-NULL-SHA-SSD-DF','Smart Lighting','upload/products/1767938747492504.png',1,'2023-06-06 12:49:36.000000','2023-06-06 16:04:01.000000',0),(244,'7','STATA Doorbell Chime',500,NULL,9,0,'ST-DEF-SDL-DF','Smart Home product','upload/products/1767949713907468.png',1,'2023-06-06 15:43:54.000000','2023-06-15 12:06:36.000000',0),(245,'7','STATA Smart Chandelier Switch',3000,NULL,11,0,'ST-NULL-SHA-SGS-GW','Smart Switch','upload/products/1767949941060258.png',1,'2023-06-06 15:47:31.000000','2023-10-01 08:46:11.000000',0),(246,'1','STATA Mirror Light switch',3000,NULL,11,0,'ST-DEF-SDL-GW','Smart Switch','upload/products/1767950044741592.png',1,'2023-06-06 15:49:10.000000','2023-10-01 08:46:42.000000',0),(247,'6','STATA Smart PDLC Film/ Square Meter',8400,5500,0,0,'ST-SST-SHA-SSF-WH','PDLC Film','upload/products/1767950889272985.png',1,'2023-06-06 16:02:35.000000','2023-11-01 07:16:04.000000',0),(248,'1','Smart Wall Switch',2350,NULL,0,0,'ST-NULL-SHA-SSD-DF','Smart Switch','upload/products/1767952123796359.png',1,'2023-06-06 16:22:13.000000','2023-06-06 16:29:20.000000',0),(249,'7','Curtain Railings Motor',36000,NULL,1,0,'ST-NULL-SHA-SGS-DF','Smart Curtain','upload/products/1767952285388099.png',1,'2023-06-06 16:24:47.000000','2023-11-28 05:51:20.000000',0),(250,'1','STATA 16A EU Socket',1800,NULL,0,0,'ST-NULL-SHA-SGS-DF','Smart Switch','upload/products/1768019820270058.png',1,'2023-06-07 10:18:13.000000','2023-06-08 10:49:25.000000',0),(251,'2','STATA X1',40199,10000,0,0,'ST-NULL-SHA-SGS-DF','Door Lock','upload/products/1768029536922300.png',1,'2023-06-07 12:52:40.000000','2023-06-14 12:51:38.000000',0),(252,'1','STATA Net & Telephone Socket',1700,400,13,0,'ST-SD-TSS-TNS-JB','Smart Switch','upload/products/1768039928004307.png',1,'2023-06-07 15:37:49.000000','2023-10-07 07:41:37.000000',0),(253,'1','DND Switch 3 Gang (Pair)',6000,3832,9,0,'ST-DF-SGS-DND-JB','Smart Switch','upload/products/1768040090973127.png',1,'2023-06-07 15:40:25.000000','2023-10-23 08:31:21.000000',0),(254,'1','Power Switch Card',3000,731,43,0,'ST-DF-TS-PSC-JB','Smart Switch','upload/products/1768040159004600.png',1,'2023-06-07 15:41:30.000000','2023-10-25 05:00:16.000000',0),(255,'1','STATA Shaver Socket',2500,1484,47,0,'ST-DF-TS-SHS-JB','Smart Switch','upload/products/1768040230038601.png',1,'2023-06-07 15:42:37.000000','2023-10-23 08:31:21.000000',0),(256,'1','STATA 3-Pin Non-Smart Socket',1800,280,55,0,'ST-SD-TSS-TNS-JB','Touch Socket','upload/products/1768041354940504.JPG',1,'2023-06-07 16:00:31.000000','2023-06-14 14:46:37.000000',0),(257,'7','Google H2C Nest Mini',4500,4100,0,0,'2nd Generation Voice Assistant','Voice Assistant','upload/products/1768570280942614.png',1,'2023-06-13 12:07:33.000000',NULL,0),(258,'7','Curtain Bot',7500,3000,0,0,'ST-NULL-CBT-SGS-DF','Smart Switch','upload/products/1768762047400896.png',1,'2023-06-15 14:55:36.000000',NULL,0),(259,'3','STATA Smart Control Panel 7 inch',17000,8000,1,0,'ST-MV-SSS-CP-JB','Smart Switch','upload/products/1768762178362961.png',1,'2023-06-15 14:57:41.000000','2023-10-23 07:55:13.000000',0),(260,'3','STATA Smart Motion Sensor',3500,1200,2,0,'ST-NULL-SSS-SGS-DF','Smart Sensor','upload/products/1768762271464722.png',1,'2023-06-15 14:59:10.000000','2023-10-23 07:55:13.000000',0),(261,'4','STATA Smart Spot Light (15W)',1950,700,0,0,'ST-NULL-SPL-SGS-DF','Smart Lighting','upload/products/1768762413004794.png',1,'2023-06-15 15:01:25.000000',NULL,0),(262,'4','STATA Smart Bulb (15W)',1650,600,0,0,'ST-NULL-SB-SGS-DF','Smart Lighting','upload/products/1768762478378147.png',1,'2023-06-15 15:02:27.000000',NULL,0),(264,'7','STATA Smart Curtain Railing',2000,NULL,0,0,'ST-SCR-SHA-SGS-DF','Smart Railing','upload/products/1769390044203587.png',1,'2023-06-22 13:17:20.000000','2023-11-20 06:40:00.000000',0),(263,'10','Labour Cost',1000,1000,1000,NULL,'STA-LC','Labor Cost','upload/products/1769019075868636.png',1,'2023-06-18 11:00:58.000000',NULL,0),(265,'3','STATA IR Thermostat',5800,1916,0,0,'ST-NEO-SHA-IRT-BL','Thermostat','upload/products/1769756518323247.png',1,'2023-06-26 14:22:17.000000','2023-10-23 07:55:13.000000',0),(266,'6','STATA PDLC Transformer 100 Watt',12000,6360,1,0,'ST-SST-SSF-SFT100-DF','Smart PDLC Film','upload/products/1769837906682973.png',1,'2023-06-27 11:55:55.000000','2023-11-01 07:16:04.000000',0),(267,'6','STATA PDLC Transformer 200 Watt',13850,8090,1,0,'ST-SST-SSF-SFT200-DF','PDLC Film Transformer','upload/products/1769838027291651.png',1,'2023-06-27 11:57:50.000000','2023-11-01 07:16:04.000000',0),(268,'6','STATA PDLC Transformer 500 Watt',15000,9720,0,0,'ST-SST-SSF-SFT500-DF','PDLC Film Transformer','upload/products/1769838116306918.png',1,'2023-06-27 11:59:15.000000',NULL,0),(269,'6','STATA Smart PDLC Wire & Controller',1600,800,0,0,'ST-SST-SSFA-SBFA-DF','PDLC Film Accessories','upload/products/1769838714675598.png',1,'2023-06-27 12:08:46.000000','2023-08-06 12:25:51.000000',0),(270,'1','STATA Traditional 3 pin Socket 15A ( Jet Black)',1700,450,20,0,'ST-SD-TSS-3PSUK-JB','Traditional Socket','upload/products/1770559861952709.png',1,'2023-07-05 11:11:06.000000','2023-11-13 10:46:01.000000',0),(271,'2','X9 Plus Fingerprint Sensor',3500,NULL,5,0,'ST-DEF-SDLP-DF','Door Lock','upload/products/1773203781334368.gif',1,'2023-08-03 15:35:04.000000','2023-10-11 12:18:56.000000',0),(272,'2','Fingerprint Wire (X9 Plus)',2000,NULL,10,0,'ST-DEF-SDLP-DF','Door Lock','upload/products/1773203852439969.gif',1,'2023-08-03 15:36:11.000000','2023-10-11 12:18:47.000000',0),(273,'1','STATA Smart 3-Pin Socket',2400,NULL,35,NULL,'ST-MV-SS-3PS-JBG',NULL,'upload/products/1778170940033720.png',1,'2023-09-27 06:25:55.000000','2023-09-27 06:34:44.000000',0),(274,'3','STATA Zigbee HPS',12500,4000,2,NULL,'ST-SHST-SSS-HPS24-WH',NULL,'upload/products/1778542317144957.png',1,'2023-10-01 08:48:48.000000','2023-11-14 12:40:41.000000',0),(275,'6','PDLC Sample with Adaptor',1500,1000,19,0,'ST-DEF-SDLP-DF','Smart Glass','upload/products/1778619603535126.jpg',1,'2023-10-02 05:17:14.000000','2023-11-28 05:51:20.000000',0),(276,'2','STATA Fusion',30000,NULL,1,0,'ST-DEF-SDLP-BL','Door Lock','upload/products/1779086835621083.png',1,'2023-10-07 09:03:41.000000','2023-10-07 09:04:22.000000',0),(277,'2','STATA Fusion',30000,NULL,2,0,'ST-DEF-SDLP-RG','Door Lock','upload/products/1779086936036584.gif',1,'2023-10-07 09:05:17.000000','2023-10-07 09:05:38.000000',0),(278,'6','Installation and Configuration PDLC',70,NULL,100000,NULL,'PDLC','Installation and Configuration','upload/products/1779346540370481.png',1,'2023-10-10 05:51:35.000000','2023-10-10 05:51:56.000000',0),(279,'7','STATA Loyalty Card',0,NULL,184,0,'ST-NULL-SHA-SLC-DF',NULL,'upload/products/1779439314785070.png',1,'2023-10-11 06:26:12.000000','2023-10-11 06:26:41.000000',0),(280,'3','STATA IP Camera (With Battery)',0,0,0,0,'ST-NULL-SHA-SGS-DF','2 Mega Pixel Camera','upload/products/1779439541429883.png',1,'2023-10-11 06:29:48.000000','2023-11-18 06:01:54.000000',0),(281,'1','STATA 5pin Multi Socket (No Logo)',1700,450,24,0,'ST-NULL-SHA-SS-BL',NULL,'upload/products/1779443620353514.png',1,'2023-10-11 07:34:38.000000','2023-10-11 07:46:06.000000',0),(282,'9','Net + Tv Socket (No Logo)',1700,450,19,0,'ST-NULL-SHA-SS-BL',NULL,'upload/products/1779443814138157.png',1,'2023-10-11 07:37:43.000000','2023-10-11 07:45:56.000000',0),(283,'9','Net+Tv (IVG) - Without Logo',1700,450,6,0,'ST-DEF-SHA-IVG',NULL,'upload/products/1779444136954426.png',1,'2023-10-11 07:42:52.000000','2023-10-11 07:45:45.000000',0),(284,'9','Net+Tv - No Logo (GW)',1700,450,2,0,'ST-NULL-SHA-SS-GW','Touch Socket','upload/products/1779444282582852.png',1,'2023-10-11 07:45:11.000000','2023-10-11 07:45:38.000000',0),(285,'9','Telephone Socket - No Logo- JB',1700,450,17,0,'ST-NULL-SHA-SS-JB','Touch Switch','upload/products/1779444434167779.png',1,'2023-10-11 07:47:36.000000','2023-10-11 07:49:03.000000',0),(286,'9','Telephone Socket - No Logo- GW',1700,450,2,0,'ST-NULL-SHA-SS-GW','Touch Switch','upload/products/1779444470091329.png',1,'2023-10-11 07:48:10.000000','2023-10-11 07:49:33.000000',0),(287,'9','Telephone Socket - No Logo- IVG',1700,450,4,0,'ST-NULL-SHA-SS-IVG','Touch Switch','upload/products/1779444502180416.png',1,'2023-10-11 07:48:41.000000','2023-10-11 07:49:17.000000',0),(288,'1','3Pin Smart Socket - No Logo- IVG',2400,1000,17,0,'ST-NULL-SHA-SS-IVG','Smart Socket','upload/products/1779446966931549.png',1,'2023-10-11 08:27:51.000000','2023-10-30 06:33:23.000000',0),(289,'1','3Pin Smart Socket - No Logo- GW',2400,1000,8,0,'ST-NULL-SHA-SS-GW','Smart Switch','upload/products/1779447012044509.png',1,'2023-10-11 08:28:34.000000','2023-10-25 05:00:16.000000',0),(290,'9','3Pin Mechanical Socket-No Logo- JB',1700,450,2,0,'ST-NULL-SHA-JB','Touch Socket','upload/products/1779447312348288.png',1,'2023-10-11 08:33:20.000000','2023-10-11 08:34:07.000000',0),(291,'1','STATA Enigma Series 3G- JB',2900,NULL,0,0,'ST-DF-TS-JB-3G','Smart Switch','upload/products/1779447493095268.png',1,'2023-10-11 08:36:13.000000',NULL,0),(292,'1','STATA Enigma Series 2G- JB',2550,NULL,1,0,'ST-DF-EN-JB-2G','Smart Switch','upload/products/1779447657265528.png',1,'2023-10-11 08:38:49.000000','2023-10-11 08:41:19.000000',0),(293,'1','STATA Enigma Series 1G- JB',2550,NULL,0,0,'ST-DF-TS-JB-1G','Smart Switch','upload/products/1779447755522072.png',1,'2023-10-11 08:40:23.000000',NULL,0),(294,'1','STATA Enigma Fan Series- JB',2900,NULL,0,0,'ST-FD-TS-JB','Smart Switch','upload/products/1779447978355714.png',1,'2023-10-11 08:43:55.000000',NULL,0),(295,'1','STATA Enigma Fan Series- GW',2900,NULL,1,0,'ST-FD-TS-GW','Smart Switch','upload/products/1779448029313112.png',1,'2023-10-11 08:44:44.000000','2023-10-11 08:44:53.000000',0),(296,'9','3 Gang (Double Circle)- No Logo- JB',2900,NULL,2,0,'ST-NULL-SHA-SS-JB','Smart Switch','upload/products/1779452831348429.png',1,'2023-10-11 10:01:04.000000','2023-10-11 10:14:20.000000',0),(297,'1','2 Gang (Double Circle)- No Logo- IVG',2500,NULL,2,0,'ST-NULL-SHA-SS-IVG','Smart Switch','upload/products/1779452917375719.png',1,'2023-10-11 10:02:26.000000','2023-10-11 10:14:35.000000',0),(298,'1','Smart Boiler -No Logo-GW',3000,NULL,1,0,'ST-NULL-SHA-SS-GW','Smart Switch','upload/products/1779453004592612.png',1,'2023-10-11 10:03:49.000000','2023-10-11 10:14:48.000000',0),(299,'9','Traditional Boiler - No Logo- JB',1400,NULL,18,0,'ST-NULL-TS-JB','Touch Switch','upload/products/1779453134395989.png',1,'2023-10-11 10:05:53.000000','2023-10-11 10:15:11.000000',0),(300,'9','Traditional Boiler - No Logo- IVG',1400,NULL,1,0,'ST-NULL-TS-IVG','Touch Switch','upload/products/1779453191139038.png',1,'2023-10-11 10:06:47.000000','2023-10-11 10:29:31.000000',0),(301,'1','STATA Smart Switch 4G- Golden Series!! - JB',3300,NULL,18,0,'ST-YTT-SGS-4G- JB','Smart Switch','upload/products/1779453618747281.png',1,'2023-10-11 10:13:34.000000','2023-10-11 10:15:41.000000',0),(302,'1','STATA Smart Switch 4G-IVG',3300,NULL,10,0,'ST-YTT-SGS-4G-IVG','Smart Switch','upload/products/1779454499268013.png',1,'2023-10-11 10:27:34.000000','2023-10-11 10:27:52.000000',0),(337,'7','STATA HPS (ZIGBEE)',8500,2229,30,NULL,'ST-CHN-SHA-HPSZIG-BL','Human Presence Sensor','upload/products/1781337838364751.png',1,'2023-11-01 05:22:25.000000','2023-11-01 07:36:21.000000',0),(303,'1','STATA 1 Gang Orbit - JB',2200,NULL,1,0,'ST-NULL-SHA-SGS-JB','Smart Switch','upload/products/1779454846623538.png',1,'2023-10-11 10:33:06.000000','2023-10-11 10:45:45.000000',0),(304,'1','STATA 1 Gang Orbit - GW',2200,NULL,2,0,'ST-NULL-SHA-SGS-GW','Smart Switch','upload/products/1779454877666304.png',1,'2023-10-11 10:33:35.000000','2023-10-11 10:45:53.000000',0),(305,'1','STATA 2 Gang Orbit - JB',2500,NULL,1,0,'ST-NULL-SHA-SGS-JB','Smart Switch','upload/products/1779454917289711.png',1,'2023-10-11 10:34:13.000000','2023-10-11 10:46:27.000000',0),(306,'1','STATA 2 Gang Orbit - GW',2900,NULL,1,0,'ST-NULL-SHA-SGS-GW','Smart Switch','upload/products/1779454950901483.png',1,'2023-10-11 10:34:45.000000','2023-10-11 10:46:14.000000',0),(307,'1','STATA 3 Gang Orbit - JB',2900,NULL,1,0,'ST-NULL-SHA-SGS-JB','Smart Switch','upload/products/1779455002779173.png',1,'2023-10-11 10:35:35.000000','2023-10-11 10:47:01.000000',0),(308,'1','STATA 4 Gang Orbit - JB (US Size)',3300,NULL,3,0,'ST-NULL-SHA-SGS-JB','Smart Switch US Size','upload/products/1779455440633793.png',1,'2023-10-11 10:42:32.000000','2023-10-11 10:47:30.000000',0),(309,'1','STATA 4 Gang Orbit - GW (US Size)',3300,NULL,3,0,'ST-NULL-SHA-SGS-GW','Smart Switch','upload/products/1779455486771080.png',1,'2023-10-11 10:43:16.000000','2023-10-11 10:47:35.000000',0),(310,'1','STATA 6 Gang Orbit - JB',3800,NULL,1,0,'ST-NULL-SHA-SGS-JB','Smart Switch','upload/products/1779455569020216.png',1,'2023-10-11 10:44:35.000000','2023-10-11 10:47:51.000000',0),(311,'1','STATA 6 Gang Orbit - GW',3800,NULL,2,0,'ST-NULL-SHA-SGS-GW','Smart Switch','upload/products/1779455620254280.png',1,'2023-10-11 10:45:24.000000','2023-10-11 10:47:55.000000',0),(312,'1','Sonof Smart Switch 3 Gang- GW',2900,NULL,1,0,'ST-NULL-SHA-GW','Smart Switch','upload/products/1779455959527238.png',1,'2023-10-11 10:50:47.000000','2023-10-11 10:57:46.000000',0),(313,'1','Sonof Smart Switch 2 Gang- GW',2500,NULL,1,0,'ST-NULL-SS-GW','Smart Switch','upload/products/1779456055333097.png',1,'2023-10-11 10:52:18.000000','2023-10-11 10:57:55.000000',0),(314,'1','STATA Zigbee 1 Gang Switch - JB',2400,NULL,1,0,'ST-ZIG-SHA-JB','Smart Switch','upload/products/1779457629409272.png',1,'2023-10-11 11:17:19.000000','2023-10-11 11:23:00.000000',0),(315,'1','STATA Zigbee 2 Gang Switch  JB',2700,NULL,2,0,'ST-ZIG-SHA-2GS-JB','Smart Switch','upload/products/1779457840178413.png',1,'2023-10-11 11:20:41.000000','2023-10-11 11:23:06.000000',0),(316,'1','STATA Zigbee 3 Gang Switch  JB',3100,NULL,1,0,'ST-ZIG-SHA-3GS-JB','Smart Switch','upload/products/1779457917660614.png',1,'2023-10-11 11:21:54.000000','2023-10-11 11:23:24.000000',0),(317,'1','STATA Zigbee 4 Gang Switch  JB',3600,NULL,2,0,'ST-ZIG-SHA-4GS-JB','Smart Switch','upload/products/1779457965749347.png',1,'2023-10-11 11:22:42.000000','2023-10-11 11:23:27.000000',0),(318,'1','STATA Zigbee Fan Dimmer  JB',3100,NULL,2,0,'ST-ZIG-SHA-SFD-JB','Smart Switch','upload/products/1779458096534408.png',1,'2023-10-11 11:24:45.000000','2023-10-11 11:24:58.000000',0),(319,'1','STATA Opulent 1 Gang Smart Switch -GW',2200,NULL,2,0,'ST-OPL-SHA-1GS-GW','Smart Switch','upload/products/1779459189767339.png',1,'2023-10-11 11:42:07.000000','2023-10-11 11:49:44.000000',0),(320,'1','STATA Opulent 1 Gang Smart Switch JB',2200,NULL,3,0,'ST-OPL-SHA-1GS-JB','Smart Switch','upload/products/1779459230564007.png',1,'2023-10-11 11:42:46.000000','2023-10-11 11:49:53.000000',0),(321,'1','STATA Opulent 2 Gang Smart Switch GW',2500,NULL,3,0,'ST-OPL-SHA-2GS-GW','Smart Switch','upload/products/1779459279792459.png',1,'2023-10-11 11:43:33.000000','2023-10-11 11:50:03.000000',0),(322,'1','STATA Opulent 2 Gang Smart Switch JB',2500,NULL,2,0,'ST-OPL-SHA-2GS-JB','Smart Switch','upload/products/1779459331163809.png',1,'2023-10-11 11:44:22.000000','2023-10-11 11:50:10.000000',0),(323,'1','STATA Opulent 2 Gang Smart Switch JB',2500,NULL,0,0,'ST-OPL-SHA-2GS-JB','Smart Switch','upload/products/1779459347130221.png',1,'2023-10-11 11:44:38.000000',NULL,0),(324,'1','STATA Opulent 3 Gang Smart Switch GW',2900,NULL,3,0,'ST-OPL-SHA-3GS-GW','Smart Switch','upload/products/1779459395354446.png',1,'2023-10-11 11:45:24.000000','2023-10-11 11:50:25.000000',0),(325,'1','STATA Opulent 3 Gang Smart Switch JB',2900,NULL,3,0,'ST-OPL-SHA-3GS-JB','Smart Switch','upload/products/1779459478072696.png',1,'2023-10-11 11:46:42.000000','2023-10-11 11:50:22.000000',0),(326,'1','STATA Opulent 4 Gang Smart Switch GW',3300,NULL,1,0,'ST-OPL-SHA-4GS-GW','Smart Switch','upload/products/1779459566229908.png',1,'2023-10-11 11:48:06.000000','2023-10-11 11:50:35.000000',0),(327,'1','STATA Opulent 4 Gang Smart Switch JB',3300,NULL,0,0,'ST-OPL-SHA-4GS-JB','Smart Switch','upload/products/1779459651918878.png',1,'2023-10-11 11:49:28.000000','2023-11-23 05:25:26.000000',0),(328,'9','Toggle Switch 1 Gang- GR',2000,NULL,1,0,'ST-DEF-TS-GR','Toggle Switch','upload/products/1779459990563009.png',1,'2023-10-11 11:54:51.000000','2023-10-11 12:08:00.000000',0),(329,'9','Toggle Switch 2 Gang- GR',2300,NULL,2,0,'ST-DEF-TS-2G-GR','Toggle Switch','upload/products/1779460176862259.png',1,'2023-10-11 11:57:49.000000','2023-10-11 12:08:09.000000',0),(330,'9','Toggle Switch 2 Gang- GW',2300,NULL,2,0,'ST-DEF-TS-2G-GW','Toggle Switch','upload/products/1779460227497559.png',1,'2023-10-11 11:58:37.000000','2023-10-11 12:08:17.000000',0),(331,'9','Toggle Switch 3 Gang- GR',2700,NULL,1,0,'ST-DEF-TS-3G-GR','Toggle Switch','upload/products/1779460306301734.png',1,'2023-10-11 11:59:52.000000','2023-10-11 12:08:31.000000',0),(332,'9','Toggle Switch Dimmer With Display- GR',2700,NULL,1,0,'ST-DEF-TS-DS-GR','Toggle Switch','upload/products/1779460481604740.png',1,'2023-10-11 12:02:39.000000','2023-10-11 12:08:39.000000',0),(333,'9','Toggle Switch 5Pin Multi Socket- GR',1700,NULL,1,0,'ST-DEF-TS-5Pin-GR','Toggle Switch','upload/products/1779460660598368.png',1,'2023-10-11 12:05:30.000000','2023-10-11 12:08:42.000000',0),(334,'9','Touch Switch 1 Gang Body',699,416,50,0,'ST-NULL-SHA-1GS-DF','Touch Switch','upload/products/1779461315193572.png',1,'2023-10-11 12:15:54.000000','2023-10-28 07:34:17.000000',0),(335,'9','Touch Switch 2 Gang Body',799,452,100,0,'ST-NULL-SHA-2GS-DF','Touch Switch','upload/products/1779461365293613.png',1,'2023-10-11 12:16:42.000000','2023-10-28 07:34:54.000000',0),(336,'9','Touch Switch 3 Gang Body',999,485,100,0,'ST-NULL-SHA-3GS-DF','Touch Switch','upload/products/1779461402816435.png',1,'2023-10-11 12:17:18.000000','2023-10-28 07:35:18.000000',0),(338,'1','Smart 1 Gang Switch (IMP)',1500,1200,0,NULL,'IMP-SHS-1G-GW','Smart Switch (IMP)','upload/products/1781343645381841.jpg',1,'2023-11-01 06:54:43.000000','2023-11-01 06:59:20.000000',0),(339,'1','Smart 1 Gang Switch (IMP)',1500,1200,0,NULL,'IMP-SHS-1G-JB','Smart Switch (IMP)','upload/products/1781343725161703.jpg',1,'2023-11-01 06:55:59.000000','2023-11-01 07:16:04.000000',0),(340,'1','Smart 2 Gang Switch (IMP)',1800,1350,1,NULL,'IMP-SHS-2G-GW','Smart Switch (IMP)','upload/products/1781343877734423.png',1,'2023-11-01 06:58:24.000000','2023-11-11 12:17:22.000000',0),(341,'7','STATA Smart Control Panel 4 inch (Alexa integrated)',18000,10926,1,0,'ST-MV-SSS-CP-JB','Smart Control','upload/products/1781887720845015.jpeg',1,'2023-11-07 07:02:34.000000','2023-11-07 07:03:18.000000',0),(353,'12','1 Gang 1 Way Imperial Series',155,106,0,NULL,'STIM-ZBIT-TOS-1G',NULL,'upload/products/1783802800982602.png',1,'2023-11-28 10:21:56.000000','2023-12-06 06:02:49.000000',45),(342,'3','STATA Zigbee HPS',12500,3500,48,0,'ST-SHST-SSS-HPS5.8-WH','Smart Security Sensor','upload/products/1782444506679449.jpg',1,'2023-11-13 10:32:26.000000','2023-11-14 12:40:41.000000',0),(343,'3','STATA Zigbee Hub',3000,1600,20,0,'ST-SHST-SSS-SZH-WH','Zigbee Hub','upload/products/1782444797132907.jpg',1,'2023-11-13 10:37:03.000000','2023-11-14 12:39:41.000000',0),(344,'2','STATA ACE',10999,5741,1,NULL,'ST-LOK-SDL-ACE-BL',NULL,'upload/products/1782611968105222.jpg',1,'2023-11-15 06:54:10.000000','2023-11-15 07:29:52.000000',0),(345,'2','STATA GAZE',52999,13200,1,NULL,'ST-LOK-SDL-GAZ-DF',NULL,'upload/products/1782612014680867.jpg',1,'2023-11-15 06:54:54.000000','2023-11-15 07:29:52.000000',0),(346,'2','STATA PRESTIGE',35000,7509,9,NULL,'ST-DEF-SDL-PRE-BL',NULL,'upload/products/1782612070810325.jpeg',1,'2023-11-15 06:55:48.000000','2023-11-30 06:29:03.000000',0),(347,'2','STATA PRESTIGE',35000,7509,10,NULL,'ST-DEF-SDL-PRE-RG',NULL,'upload/products/1782612103844660.jpeg',1,'2023-11-15 06:56:19.000000','2023-11-20 07:50:27.000000',0),(348,'2','STATA QUEST',19999,4340,0,NULL,'ST-DEF-SDL-QUE-BL',NULL,'upload/products/1782612141466211.jpg',1,'2023-11-15 06:56:55.000000','2023-11-26 09:21:40.000000',0),(349,'2','STATA QUEST',19999,4340,5,NULL,'ST-DEF-SDL-QUE-RG',NULL,'upload/products/1782612363728860.jpg',1,'2023-11-15 07:00:27.000000','2023-11-27 05:54:36.000000',0),(350,'2','STH01-MF',11999,5948,1,NULL,'ST-LOK-STH01-MF-DF',NULL,'upload/products/1782612412670509.jpg',1,'2023-11-15 07:01:14.000000','2023-11-15 07:29:52.000000',0),(351,'2','STH02-TT',14999,8744,1,NULL,'ST-LOK-STH02-TT-BL',NULL,'upload/products/1782612500433790.jpg',1,'2023-11-15 07:02:37.000000','2023-11-15 07:29:52.000000',0),(352,'2','MF Encoder (STH-MFEC)',18999,13790,1,NULL,'ST-HLA-LOK-STH02-TT-BL',NULL,'upload/products/1782612681102658.jpg',1,'2023-11-15 07:05:30.000000','2023-11-20 06:22:40.000000',0),(354,'12','2 Gang 1 Way Imperial Series',250,119,0,NULL,'STIM-ZBIT-TGS-2G',NULL,'upload/products/1783802997992825.png',1,'2023-11-28 10:25:04.000000','2023-12-06 06:02:49.000000',46),(355,'12','3 Gang 1 Way Imperial Series',330,132,0,NULL,'STIM-ZBIT-TGS-3G',NULL,'upload/products/1783803063749602.png',1,'2023-11-28 10:26:07.000000','2023-12-06 06:02:49.000000',46),(356,'12','4 Gang 1 way Imperial Series',380,145,-1,NULL,'STIM-ZBIT-TGS-4G',NULL,'upload/products/1783803158629275.png',1,'2023-11-28 10:27:37.000000','2023-12-06 06:02:49.000000',45),(357,'12','Tel-Socket Imperial Series',335,124,0,NULL,'STIM-ZBIT-TGS-TEL',NULL,'upload/products/1783803249290682.png',1,'2023-11-28 10:29:04.000000','2023-12-02 11:46:56.000000',18),(358,'12','TV Socket Imperial Series',335,124,0,NULL,'STIM-ZBIT-TGS-TV',NULL,'upload/products/1783803285263691.png',1,'2023-11-28 10:29:38.000000','2023-12-02 11:46:56.000000',18),(359,'12','DP Switch 20A with Neon',555,198,0,NULL,'STIM-ZBIT-TGS-DP20',NULL,'upload/products/1783803479506689.png',1,'2023-11-28 10:32:43.000000','2023-12-01 12:14:04.000000',30),(360,'12','DP Switch  45A with Neon',665,272,0,NULL,'STIM-ZBIT-TGS-DP45',NULL,'upload/products/1783803545827478.png',1,'2023-11-28 10:33:47.000000','2023-12-02 11:41:26.000000',19),(361,'12','3 PIN Socket (13A) Imperial Series',340,137,0,NULL,'STIM-ZBIT-TGS-3PIN',NULL,'upload/products/1783803590677100.png',1,'2023-11-28 10:34:30.000000','2023-12-03 10:18:57.000000',26),(362,'12','5 Pin Universal Socket Imperial Series',480,128,-1,NULL,'STIM-ZBIT-TGS-5PIN',NULL,'upload/products/1783803738779644.png',1,'2023-11-28 10:36:51.000000','2023-12-03 10:18:57.000000',47),(363,'12','DoorBell Switch Imperial Series',335,111,0,NULL,'STIM-ZBIT-TGS-BELL',NULL,'upload/products/1783803823458672.png',1,'2023-11-28 10:38:12.000000','2023-12-06 06:02:49.000000',45),(364,'12','Fan Dimmer Imperial Series',785,203,-1,NULL,'STIM-ZBIT-TGS-FAN',NULL,'upload/products/1783803874025857.png',1,'2023-11-28 10:39:00.000000','2023-12-06 06:02:49.000000',45),(365,'12','Multi Socket With Type-C and USB',640,259,0,NULL,'STIM-ZBIT-TGS-USBCB',NULL,'upload/products/1783803964874163.png',1,'2023-11-28 10:40:26.000000','2023-12-01 12:16:06.000000',30),(366,'12','15A Round Socket Imperial Series',480,143,0,NULL,'STIM-ZBIT-TGS-AC15',NULL,'upload/products/1783804049434256.png',1,'2023-11-28 10:41:47.000000','2023-12-02 11:46:56.000000',18);
/*!40000 ALTER TABLE `products` ENABLE KEYS */;
UNLOCK TABLES;

--
-- Table structure for table `purchase_items`
--

DROP TABLE IF EXISTS `purchase_items`;
/*!40101 SET @saved_cs_client     = @@character_set_client */;
/*!50503 SET character_set_client = utf8mb4 */;
CREATE TABLE `purchase_items` (
  `id` bigint unsigned NOT NULL AUTO_INCREMENT,
  `purchase_id` bigint unsigned NOT NULL,
  `product_id` bigint unsigned NOT NULL,
  `qty` float NOT NULL,
  `batch_no` varchar(255) CHARACTER SET utf8mb4 COLLATE utf8mb4_unicode_ci NOT NULL,
  `rate` double(8,2) NOT NULL,
  `rateType` varchar(255) CHARACTER SET utf8mb4 COLLATE utf8mb4_unicode_ci DEFAULT NULL,
  `amount` double(8,2) NOT NULL,
  `created_at` timestamp NULL DEFAULT NULL,
  `updated_at` timestamp NULL DEFAULT NULL,
  PRIMARY KEY (`id`),
  KEY `purchase_items_purchase_id_foreign` (`purchase_id`),
  CONSTRAINT `purchase_items_purchase_id_foreign` FOREIGN KEY (`purchase_id`) REFERENCES `purchases` (`id`) ON DELETE CASCADE
) ENGINE=InnoDB AUTO_INCREMENT=329 DEFAULT CHARSET=utf8mb4 COLLATE=utf8mb4_unicode_ci;
/*!40101 SET character_set_client = @saved_cs_client */;

--
-- Dumping data for table `purchase_items`
--

LOCK TABLES `purchase_items` WRITE;
/*!40000 ALTER TABLE `purchase_items` DISABLE KEYS */;
INSERT INTO `purchase_items` VALUES (100,79,12,273,'SGI0001',206.00,'CFR',56238.00,'2023-06-14 14:43:03','2023-06-14 14:43:03'),(101,79,11,304,'SGI0001',206.00,'CFR',62624.00,'2023-06-14 14:43:03','2023-06-14 14:43:03'),(102,79,14,195,'SGI0001',206.00,'CFR',40170.00,'2023-06-14 14:43:03','2023-06-14 14:43:03'),(103,79,3,46,'SGI0001',938.00,'CFR',43148.00,'2023-06-14 14:43:03','2023-06-14 14:43:03'),(104,79,16,236,'SGI0001',206.00,'CFR',48616.00,'2023-06-14 14:43:03','2023-06-14 14:43:03'),(105,79,5,102,'SGI0001',999.00,'CFR',101898.00,'2023-06-14 14:43:03','2023-06-14 14:43:03'),(106,79,18,243,'SGI0001',206.00,'CFR',50058.00,'2023-06-14 14:43:03','2023-06-14 14:43:03'),(107,79,17,12,'SGI0001',206.00,'CFR',2472.00,'2023-06-14 14:43:03','2023-06-14 14:43:03'),(108,79,175,22,'SGI0001',1060.00,'CFR',23320.00,'2023-06-14 14:43:03','2023-06-14 14:43:03'),(109,79,61,30,'SGI0001',1300.00,'CFR',39000.00,'2023-06-14 14:43:03','2023-06-14 14:43:03'),(110,79,19,35,'SGI0001',206.00,'CFR',7210.00,'2023-06-14 14:43:03','2023-06-14 14:43:03'),(111,79,177,35,'SGI0001',1110.00,'CFR',38850.00,'2023-06-14 14:43:03','2023-06-14 14:43:03'),(112,79,208,331,'SGI0001',199.00,'CFR',65869.00,'2023-06-14 14:43:03','2023-06-14 14:43:03'),(113,79,207,388,'SGI0001',199.00,'CFR',77212.00,'2023-06-14 14:43:03','2023-06-14 14:43:03'),(114,79,176,30,'SGI0001',1125.00,'CFR',33750.00,'2023-06-14 14:43:03','2023-06-14 14:43:03'),(115,79,41,25,'SGI0001',1200.00,'CFR',30000.00,'2023-06-14 14:43:03','2023-06-14 14:43:03'),(116,79,224,112,'SGI0001',210.00,'CFR',23520.00,'2023-06-14 14:43:03','2023-06-14 14:43:03'),(117,79,225,157,'SGI0001',210.00,'CFR',32970.00,'2023-06-14 14:43:03','2023-06-14 14:43:03'),(118,79,223,12,'SGI0001',1700.00,'CFR',20400.00,'2023-06-14 14:43:03','2023-06-14 14:43:03'),(119,79,223,7,'SGI0001',1700.00,'CFR',11900.00,'2023-06-14 14:43:03','2023-06-14 14:43:03'),(120,79,256,55,'SGI0001',280.00,'CFR',15400.00,'2023-06-14 14:43:03','2023-06-14 14:43:03'),(121,79,112,250,'SGI0001',648.00,'CFR',162000.00,'2023-06-14 14:43:03','2023-06-14 14:43:03'),(122,79,104,39,'SGI0001',648.00,'CFR',25272.00,'2023-06-14 14:43:03','2023-06-14 14:43:03'),(123,79,111,68,'SGI0001',648.00,'CFR',44064.00,'2023-06-14 14:43:03','2023-06-14 14:43:03'),(124,79,106,57,'SGI0001',400.00,'CFR',22800.00,'2023-06-14 14:43:03','2023-06-14 14:43:03'),(125,79,107,16,'SGI0001',400.00,'CFR',6400.00,'2023-06-14 14:43:03','2023-06-14 14:43:03'),(126,79,105,20,'SGI0001',400.00,'CFR',8000.00,'2023-06-14 14:43:03','2023-06-14 14:43:03'),(127,79,109,27,'SGI0001',400.00,'CFR',10800.00,'2023-06-14 14:43:03','2023-06-14 14:43:03'),(128,79,110,3,'SGI0001',400.00,'CFR',1200.00,'2023-06-14 14:43:03','2023-06-14 14:43:03'),(129,79,108,23,'SGI0001',400.00,'CFR',9200.00,'2023-06-14 14:43:03','2023-06-14 14:43:03'),(160,81,115,33,'OSPI00002',217.00,'CFR',7161.00,'2023-06-15 12:06:13','2023-06-15 12:06:13'),(161,81,114,58,'OSPI00002',217.00,'CFR',12586.00,'2023-06-15 12:06:13','2023-06-15 12:06:13'),(162,81,254,48,'OSPI00002',731.00,'CFR',35088.00,'2023-06-15 12:06:13','2023-06-15 12:06:13'),(163,81,255,48,'OSPI00002',1484.00,'CFR',71232.00,'2023-06-15 12:06:13','2023-06-15 12:06:13'),(164,81,162,5,'OSPI00002',3000.00,'CFR',15000.00,'2023-06-15 12:06:13','2023-06-15 12:06:13'),(165,81,146,2,'OSPI00002',4250.00,'CFR',8500.00,'2023-06-15 12:06:13','2023-06-15 12:06:13'),(166,81,100,1,'OSPI00002',2200.00,'CFR',2200.00,'2023-06-15 12:06:13','2023-06-15 12:06:13'),(167,81,244,6,'OSPI00002',300.00,'CFR',1800.00,'2023-06-15 12:06:13','2023-06-15 12:06:13'),(168,81,214,1,'OSPI00002',700.00,'CFR',700.00,'2023-06-15 12:06:13','2023-06-15 12:06:13'),(169,81,206,2,'OSPI00002',1250.00,'CFR',2500.00,'2023-06-15 12:06:13','2023-06-15 12:06:13'),(170,81,249,4,'OSPI00002',4.00,'CFR',16.00,'2023-06-15 12:06:13','2023-06-15 12:06:13'),(171,81,215,17,'OSPI00002',500.00,'CFR',8500.00,'2023-06-15 12:06:13','2023-06-15 12:06:13'),(172,81,100,10,'OSPI00002',2200.00,'CFR',22000.00,'2023-06-15 12:06:13','2023-06-15 12:06:13'),(173,81,144,14,'OSPI00002',1500.00,'CFR',21000.00,'2023-06-15 12:06:13','2023-06-15 12:06:13'),(174,81,198,5,'OSPI00002',3750.00,'CFR',18750.00,'2023-06-15 12:06:13','2023-06-15 12:06:13'),(175,81,146,4,'OSPI00002',4250.00,'CFR',17000.00,'2023-06-15 12:06:13','2023-06-15 12:06:13'),(176,81,209,3,'OSPI00002',2000.00,'CFR',6000.00,'2023-06-15 12:06:13','2023-06-15 12:06:13'),(177,81,210,1,'OSPI00002',1200.00,'CFR',1200.00,'2023-06-15 12:06:13','2023-06-15 12:06:13'),(178,81,145,9,'OSPI00002',1916.00,'CFR',17244.00,'2023-06-15 12:06:13','2023-06-15 12:06:13'),(179,81,163,16,'OSPI00002',900.00,'CFR',14400.00,'2023-06-15 12:06:13','2023-06-15 12:06:13'),(180,81,170,3,'OSPI00002',12000.00,'CFR',36000.00,'2023-06-15 12:06:13','2023-06-15 12:06:13'),(181,81,89,0,'OSPI00002',12000.00,'CFR',0.00,'2023-06-15 12:06:13','2023-06-15 12:06:13'),(182,81,165,11,'OSPI00002',1500.00,'CFR',16500.00,'2023-06-15 12:06:13','2023-06-15 12:06:13'),(183,81,84,17,'OSPI00002',6500.00,'CFR',110500.00,'2023-06-15 12:06:13','2023-06-15 12:06:13'),(184,81,197,4,'OSPI00002',3500.00,'CFR',14000.00,'2023-06-15 12:06:13','2023-06-15 12:06:13'),(185,81,244,3,'OSPI00002',200.00,'CFR',600.00,'2023-06-15 12:06:13','2023-06-15 12:06:13'),(186,81,82,1,'OSPI00002',6000.00,'CFR',6000.00,'2023-06-15 12:06:13','2023-06-15 12:06:13'),(187,81,83,1,'OSPI00002',6000.00,'CFR',6000.00,'2023-06-15 12:06:13','2023-06-15 12:06:13'),(188,81,78,4,'OSPI00002',16000.00,'CFR',64000.00,'2023-06-15 12:06:13','2023-06-15 12:06:13'),(189,81,77,8,'OSPI00002',16000.00,'CFR',128000.00,'2023-06-15 12:06:13','2023-06-15 12:06:13'),(190,81,79,1,'OSPI00002',19000.00,'CFR',19000.00,'2023-06-15 12:06:13','2023-06-15 12:06:13'),(191,81,67,6,'OSPI00002',12500.00,'CFR',75000.00,'2023-06-15 12:06:13','2023-06-15 12:06:13'),(192,81,71,1,'OSPI00002',12000.00,'CFR',12000.00,'2023-06-15 12:06:13','2023-06-15 12:06:13'),(193,81,69,3,'OSPI00002',12000.00,'CFR',36000.00,'2023-06-15 12:06:13','2023-06-15 12:06:13'),(194,81,70,4,'OSPI00002',12000.00,'CFR',48000.00,'2023-06-15 12:06:13','2023-06-15 12:06:13'),(195,82,74,7,'OSPI00003',6022.00,'CFR',42154.00,'2023-06-18 10:35:52','2023-06-18 10:35:52'),(196,82,75,7,'OSPI00003',6022.00,'CFR',42154.00,'2023-06-18 10:35:52','2023-06-18 10:35:52'),(197,82,72,1,'OSPI00003',6238.00,'CFR',6238.00,'2023-06-18 10:35:52','2023-06-18 10:35:52'),(198,82,73,7,'OSPI00003',7.00,'CFR',49.00,'2023-06-18 10:35:52','2023-06-18 10:35:52'),(199,82,44,228,'OSPI00003',198.00,'CFR',45144.00,'2023-06-18 10:35:52','2023-06-18 10:35:52'),(200,82,43,256,'OSPI00003',198.00,'CFR',50688.00,'2023-06-18 10:35:52','2023-06-18 10:35:52'),(201,82,46,222,'OSPI00003',198.00,'CFR',43956.00,'2023-06-18 10:35:52','2023-06-18 10:35:52'),(202,82,45,230,'OSPI00003',198.00,'CFR',45540.00,'2023-06-18 10:35:52','2023-06-18 10:35:52'),(203,82,48,323,'OSPI00003',198.00,'CFR',63954.00,'2023-06-18 10:35:52','2023-06-18 10:35:52'),(204,82,47,33,'OSPI00003',198.00,'CFR',6534.00,'2023-06-18 10:35:52','2023-06-18 10:35:52'),(205,82,50,313,'OSPI00003',198.00,'CFR',61974.00,'2023-06-18 10:35:52','2023-06-18 10:35:52'),(206,82,49,90,'OSPI00003',198.00,'CFR',17820.00,'2023-06-18 10:35:52','2023-06-18 10:35:52'),(207,82,52,200,'OSPI00003',198.00,'CFR',39600.00,'2023-06-18 10:35:52','2023-06-18 10:35:52'),(208,82,51,223,'OSPI00003',198.00,'CFR',44154.00,'2023-06-18 10:35:52','2023-06-18 10:35:52'),(209,82,66,189,'OSPI00003',198.00,'CFR',37422.00,'2023-06-18 10:35:52','2023-06-18 10:35:52'),(210,82,65,130,'OSPI00003',198.00,'CFR',25740.00,'2023-06-18 10:35:52','2023-06-18 10:35:52'),(211,82,132,73,'OSPI00003',453.00,'CFR',33069.00,'2023-06-18 10:35:52','2023-06-18 10:35:52'),(212,82,131,76,'OSPI00003',453.00,'CFR',34428.00,'2023-06-18 10:35:52','2023-06-18 10:35:52'),(213,82,134,57,'OSPI00003',521.00,'CFR',29697.00,'2023-06-18 10:35:52','2023-06-18 10:35:52'),(214,82,136,61,'OSPI00003',610.00,'CFR',37210.00,'2023-06-18 10:35:52','2023-06-18 10:35:52'),(215,82,135,87,'OSPI00003',610.00,'CFR',53070.00,'2023-06-18 10:35:52','2023-06-18 10:35:52'),(216,82,138,53,'OSPI00003',725.00,'CFR',38425.00,'2023-06-18 10:35:52','2023-06-18 10:35:52'),(217,82,137,66,'OSPI00003',725.00,'CFR',47850.00,'2023-06-18 10:35:52','2023-06-18 10:35:52'),(218,82,157,25,'OSPI00003',211.00,'CFR',5275.00,'2023-06-18 10:35:52','2023-06-18 10:35:52'),(219,82,156,27,'OSPI00003',211.00,'CFR',5697.00,'2023-06-18 10:35:52','2023-06-18 10:35:52'),(220,82,130,71,'OSPI00003',776.00,'CFR',55096.00,'2023-06-18 10:35:52','2023-06-18 10:35:52'),(221,82,129,71,'OSPI00003',776.00,'CFR',55096.00,'2023-06-18 10:35:52','2023-06-18 10:35:52'),(222,82,161,93,'OSPI00003',400.00,'CFR',37200.00,'2023-06-18 10:35:52','2023-06-18 10:35:52'),(223,82,160,100,'OSPI00003',400.00,'CFR',40000.00,'2023-06-18 10:35:52','2023-06-18 10:35:52'),(224,82,149,42,'OSPI00003',648.00,'CFR',27216.00,'2023-06-18 10:35:52','2023-06-18 10:35:52'),(225,82,148,75,'OSPI00003',648.00,'CFR',48600.00,'2023-06-18 10:35:52','2023-06-18 10:35:52'),(226,82,159,85,'OSPI00003',448.00,'CFR',38080.00,'2023-06-18 10:35:52','2023-06-18 10:35:52'),(227,82,158,99,'OSPI00003',448.00,'CFR',44352.00,'2023-06-18 10:35:52','2023-06-18 10:35:52'),(228,82,153,90,'OSPI00003',648.00,'CFR',58320.00,'2023-06-18 10:35:52','2023-06-18 10:35:52'),(229,82,152,60,'OSPI00003',648.00,'CFR',38880.00,'2023-06-18 10:35:52','2023-06-18 10:35:52'),(230,83,12,4,'OSPI00004',206.00,'CFR',824.00,'2023-06-18 14:52:08','2023-06-18 14:52:08'),(231,83,172,13,'OSPI00004',878.00,'CFR',11414.00,'2023-06-18 14:52:08','2023-06-18 14:52:08'),(232,83,203,9,'OSPI00004',1541.00,'CFR',13869.00,'2023-06-18 14:52:08','2023-06-18 14:52:08'),(233,84,265,51,'OSPI00005',3800.00,'CFR',193800.00,'2023-06-26 14:23:55','2023-06-26 14:23:55'),(234,85,79,4,'20230525001',9608.00,'CFR',38432.00,'2023-07-05 11:27:10','2023-07-05 11:27:10'),(235,85,80,4,'20230525001',9608.00,'CFR',38432.00,'2023-07-05 11:27:10','2023-07-05 11:27:10'),(236,86,247,6,'SWT2023020808PD',5500.00,'CFR',33000.00,'2023-07-05 11:47:50','2023-07-05 11:47:50'),(237,86,267,1,'SWT2023020808PD',8090.00,'CFR',8090.00,'2023-07-05 11:47:50','2023-07-05 11:47:50'),(238,86,269,2,'SWT2023020808PD',800.00,'CFR',1600.00,'2023-07-05 11:47:50','2023-07-05 11:47:50'),(239,87,270,470,'MLSIL2305',500.00,'CFR',235000.00,'2023-07-08 10:26:32','2023-07-08 10:26:32'),(240,87,55,60,'MLSIL2305',878.00,'CFR',52680.00,'2023-07-08 10:26:32','2023-07-08 10:26:32'),(241,87,252,60,'MLSIL2305',400.00,'CFR',24000.00,'2023-07-08 10:26:32','2023-07-08 10:26:32'),(242,88,247,4,'20230717',5500.00,'CFR',22000.00,'2023-08-03 11:02:31','2023-08-03 11:02:31'),(243,88,266,1,'20230717',6360.00,'CFR',6360.00,'2023-08-03 11:02:31','2023-08-03 11:02:31'),(244,88,269,2,'20230717',800.00,'CFR',1600.00,'2023-08-03 11:02:31','2023-08-03 11:02:31'),(245,89,68,1,'20270719001',8920.00,'CFR',8920.00,'2023-08-08 12:15:09','2023-08-08 12:15:09'),(246,89,67,3,'20270719001',8920.00,'CFR',26760.00,'2023-08-08 12:15:09','2023-08-08 12:15:09'),(247,89,76,1,'20270719001',9060.00,'CFR',9060.00,'2023-08-08 12:15:09','2023-08-08 12:15:09'),(248,89,90,3,'20270719001',8093.00,'CFR',24279.00,'2023-08-08 12:15:09','2023-08-08 12:15:09'),(249,90,175,100,'TW20230716TOD',1060.00,'CFR',106000.00,'2023-08-17 11:02:45','2023-08-17 11:02:45'),(250,90,177,50,'TW20230716TOD',1110.00,'CFR',55500.00,'2023-08-17 11:02:45','2023-08-17 11:02:45'),(251,90,3,30,'TW20230716TOD',733.00,'CFR',21990.00,'2023-08-17 11:02:45','2023-08-17 11:02:45'),(252,91,33,11,'2308290002',1450.00,'CFR',15950.00,'2023-08-29 06:37:42','2023-08-29 06:37:42'),(253,91,37,4,'2308290002',1450.00,'CFR',5800.00,'2023-08-29 06:37:42','2023-08-29 06:37:42'),(254,92,253,10,'Tasdiq',3832.00,'CFR',38320.00,'2023-10-23 08:14:47','2023-10-23 08:14:47'),(255,92,203,5,'Tasdiq',1541.00,'CFR',7705.00,'2023-10-23 08:14:47','2023-10-23 08:14:47'),(256,93,266,1,'SWT2023101206PD',6360.00,'CFR',6360.00,'2023-11-01 06:23:55','2023-11-01 06:23:55'),(257,93,267,1,'SWT2023101206PD',8090.00,'CFR',8090.00,'2023-11-01 06:23:55','2023-11-01 06:23:55'),(258,93,247,14,'SWT2023101206PD',5500.00,'CFR',77000.00,'2023-11-01 06:23:55','2023-11-01 06:23:55'),(259,94,339,2,'IMP1001',1200.00,'CFR',2400.00,'2023-11-01 07:01:46','2023-11-01 07:01:46'),(260,95,337,30,'PA20231003',2229.00,'CFR',66870.00,'2023-11-01 07:36:11','2023-11-01 07:36:11'),(262,98,203,1,'112',1541.00,'FOB',1541.00,'2023-11-08 13:05:51','2023-11-08 13:05:51'),(263,99,61,1,'importpark',1450.00,'FOB',1450.00,'2023-11-11 11:30:03','2023-11-11 11:30:03'),(264,99,340,2,'importpark',1250.00,'FOB',2500.00,'2023-11-11 11:30:03','2023-11-11 11:30:03'),(265,99,37,1,'importpark',1800.00,'FOB',1800.00,'2023-11-11 11:30:03','2023-11-11 11:30:03'),(267,101,3,30,'MLSIL2306',733.00,'CFR',21990.00,'2023-11-12 10:26:30','2023-11-12 10:26:30'),(268,101,5,30,'MLSIL2306',793.00,'CFR',23790.00,'2023-11-12 10:26:30','2023-11-12 10:26:30'),(269,101,175,30,'MLSIL2306',1060.00,'CFR',31800.00,'2023-11-12 10:26:30','2023-11-12 10:26:30'),(270,102,20,2,'ST000014',206.00,'CFR',412.00,'2023-11-13 10:15:08','2023-11-13 10:15:08'),(271,102,9,2,'ST000014',1110.00,'CFR',2220.00,'2023-11-13 10:15:08','2023-11-13 10:15:08'),(272,102,66,1,'ST000014',1350.00,'CFR',1350.00,'2023-11-13 10:15:08','2023-11-13 10:15:08'),(273,103,1,1,'ST000014',672.00,'CFR',672.00,'2023-11-13 10:37:32','2023-11-13 10:37:32'),(274,104,342,40,'PI2023-03-22',3500.00,'CFR',140000.00,'2023-11-13 10:53:00','2023-11-13 10:53:00'),(275,104,274,20,'PI2023-03-22',4000.00,'CFR',80000.00,'2023-11-13 10:53:00','2023-11-13 10:53:00'),(276,104,343,15,'PI2023-03-22',1600.00,'CFR',24000.00,'2023-11-13 10:53:00','2023-11-13 10:53:00'),(277,105,177,10,'TW20231002TOD',1110.00,'CFR',11100.00,'2023-11-13 11:35:43','2023-11-13 11:35:43'),(278,105,174,30,'TW20231002TOD',999.00,'CFR',29970.00,'2023-11-13 11:35:43','2023-11-13 11:35:43'),(279,105,175,15,'TW20231002TOD',1060.00,'CFR',15900.00,'2023-11-13 11:35:43','2023-11-13 11:35:43'),(280,105,112,100,'TW20231002TOD',600.00,'CFR',60000.00,'2023-11-13 11:35:43','2023-11-13 11:35:43'),(281,105,19,200,'TW20231002TOD',206.00,'CFR',41200.00,'2023-11-13 11:35:43','2023-11-13 11:35:43'),(282,105,13,200,'TW20231002TOD',206.00,'CFR',41200.00,'2023-11-13 11:35:43','2023-11-13 11:35:43'),(283,105,15,200,'TW20231002TOD',206.00,'CFR',41200.00,'2023-11-13 11:35:43','2023-11-13 11:35:43'),(284,105,17,200,'TW20231002TOD',206.00,'CFR',41200.00,'2023-11-13 11:35:43','2023-11-13 11:35:43'),(285,105,20,200,'TW20231002TOD',206.00,'CFR',41200.00,'2023-11-13 11:35:43','2023-11-13 11:35:43'),(286,105,111,250,'TW20231002TOD',600.00,'CFR',150000.00,'2023-11-13 11:35:43','2023-11-13 11:35:43'),(287,105,41,10,'TW20231002TOD',1130.00,'CFR',11300.00,'2023-11-13 11:35:43','2023-11-13 11:35:43'),(288,106,274,10,'PI2023-03-22',4000.00,'CFR',40000.00,'2023-11-14 12:38:36','2023-11-14 12:38:36'),(289,106,342,10,'PI2023-03-22',3500.00,'CFR',35000.00,'2023-11-14 12:38:36','2023-11-14 12:38:36'),(290,106,343,5,'PI2023-03-22',1600.00,'CFR',8000.00,'2023-11-14 12:38:36','2023-11-14 12:38:36'),(291,107,344,1,'LSMX2021120401',5741.00,'CFR',5741.00,'2023-11-15 07:29:21','2023-11-15 07:29:21'),(292,107,345,1,'LSMX2021120401',13200.00,'CFR',13200.00,'2023-11-15 07:29:21','2023-11-15 07:29:21'),(293,107,352,1,'LSMX2021120401',13790.00,'CFR',13790.00,'2023-11-15 07:29:21','2023-11-15 07:29:21'),(294,107,350,1,'LSMX2021120401',5948.00,'CFR',5948.00,'2023-11-15 07:29:21','2023-11-15 07:29:21'),(295,107,351,1,'LSMX2021120401',8744.00,'CFR',8744.00,'2023-11-15 07:29:21','2023-11-15 07:29:21'),(296,108,1,20,'MLSIL2307',672.00,'CFR',13440.00,'2023-11-15 07:46:40','2023-11-15 07:46:40'),(297,108,173,20,'MLSIL2307',938.00,'CFR',18760.00,'2023-11-15 07:46:40','2023-11-15 07:46:40'),(298,108,174,80,'MLSIL2307',999.00,'CFR',79920.00,'2023-11-15 07:46:40','2023-11-15 07:46:40'),(299,108,175,80,'MLSIL2307',1060.00,'CFR',84800.00,'2023-11-15 07:46:40','2023-11-15 07:46:40'),(303,110,348,5,'20231020001BD',5301.00,'CFR',26505.00,'2023-11-20 07:48:04','2023-11-20 07:48:04'),(304,110,349,5,'20231020001BD',5301.00,'CFR',26505.00,'2023-11-20 07:48:04','2023-11-20 07:48:04'),(305,110,346,10,'20231020001BD',7509.00,'CFR',75090.00,'2023-11-20 07:48:04','2023-11-20 07:48:04'),(306,110,347,10,'20231020001BD',7509.00,'CFR',75090.00,'2023-11-20 07:48:04','2023-11-20 07:48:04'),(307,110,79,10,'20231020001BD',9610.00,'CFR',96100.00,'2023-11-20 07:48:05','2023-11-20 07:48:05'),(308,110,80,10,'20231020001BD',9610.00,'CFR',96100.00,'2023-11-20 07:48:05','2023-11-20 07:48:05'),(309,111,348,6,'20231126001',4340.00,'EXW',26040.00,'2023-11-26 09:46:47','2023-11-26 09:46:47'),(310,112,353,50,'BWS20231107',106.00,'CFR',5300.00,'2023-11-28 11:03:00','2023-11-28 11:03:00'),(311,112,354,50,'BWS20231107',119.00,'CFR',5950.00,'2023-11-28 11:03:00','2023-11-28 11:03:00'),(312,112,355,50,'BWS20231107',132.00,'CFR',6600.00,'2023-11-28 11:03:00','2023-11-28 11:03:00'),(313,112,356,50,'BWS20231107',145.00,'CFR',7250.00,'2023-11-28 11:03:00','2023-11-28 11:03:00'),(314,112,357,20,'BWS20231107',124.00,'CFR',2480.00,'2023-11-28 11:03:00','2023-11-28 11:03:00'),(315,112,358,20,'BWS20231107',124.00,'CFR',2480.00,'2023-11-28 11:03:00','2023-11-28 11:03:00'),(316,112,359,30,'BWS20231107',198.00,'CFR',5940.00,'2023-11-28 11:03:00','2023-11-28 11:03:00'),(317,112,360,20,'BWS20231107',272.00,'CFR',5440.00,'2023-11-28 11:03:00','2023-11-28 11:03:00'),(318,112,361,30,'BWS20231107',137.00,'CFR',4110.00,'2023-11-28 11:03:00','2023-11-28 11:03:00'),(319,112,362,50,'BWS20231107',128.00,'CFR',6400.00,'2023-11-28 11:03:00','2023-11-28 11:03:00'),(320,112,363,50,'BWS20231107',111.00,'CFR',5550.00,'2023-11-28 11:03:00','2023-11-28 11:03:00'),(321,112,364,50,'BWS20231107',203.00,'CFR',10150.00,'2023-11-28 11:03:00','2023-11-28 11:03:00'),(322,112,365,30,'BWS20231107',259.00,'CFR',7770.00,'2023-11-28 11:03:00','2023-11-28 11:03:00'),(323,112,366,20,'BWS20231107',143.00,'CFR',2860.00,'2023-11-28 11:03:00','2023-11-28 11:03:00'),(324,113,1,50,'TW20231012TOD2',672.00,'CFR',33600.00,'2023-11-29 11:13:45','2023-11-29 11:13:45'),(325,113,3,100,'TW20231012TOD2',733.00,'CFR',73300.00,'2023-11-29 11:13:45','2023-11-29 11:13:45'),(326,113,174,100,'TW20231012TOD2',999.00,'CFR',99900.00,'2023-11-29 11:13:45','2023-11-29 11:13:45'),(327,113,7,100,'TW20231012TOD2',1060.00,'CFR',106000.00,'2023-11-29 11:13:45','2023-11-29 11:13:45'),(328,113,177,50,'TW20231012TOD2',1110.00,'CFR',55500.00,'2023-11-29 11:13:45','2023-11-29 11:13:45');
/*!40000 ALTER TABLE `purchase_items` ENABLE KEYS */;
UNLOCK TABLES;

--
-- Table structure for table `purchases`
--

DROP TABLE IF EXISTS `purchases`;
/*!40101 SET @saved_cs_client     = @@character_set_client */;
/*!50503 SET character_set_client = utf8mb4 */;
CREATE TABLE `purchases` (
  `id` bigint unsigned NOT NULL AUTO_INCREMENT,
  `supplier_id` bigint unsigned NOT NULL,
  `chalan_no` varchar(255) CHARACTER SET utf8mb4 COLLATE utf8mb4_unicode_ci NOT NULL,
  `purchase_date` date DEFAULT NULL,
  `ldate` date DEFAULT NULL,
  `boen` varchar(255) CHARACTER SET utf8mb4 COLLATE utf8mb4_unicode_ci DEFAULT NULL,
  `besb` date DEFAULT NULL,
  `boed` date DEFAULT NULL,
  `track` varchar(255) CHARACTER SET utf8mb4 COLLATE utf8mb4_unicode_ci DEFAULT NULL,
  `details` text CHARACTER SET utf8mb4 COLLATE utf8mb4_unicode_ci,
  `sub_total` double(28,2) NOT NULL,
  `grand_total` double(28,2) NOT NULL,
  `purchase_discount` varchar(255) CHARACTER SET utf8mb4 COLLATE utf8mb4_unicode_ci DEFAULT NULL,
  `discount_flat` varchar(255) CHARACTER SET utf8mb4 COLLATE utf8mb4_unicode_ci DEFAULT NULL,
  `total_vat` varchar(255) CHARACTER SET utf8mb4 COLLATE utf8mb4_unicode_ci DEFAULT NULL,
  `p_paid_amount` varchar(255) CHARACTER SET utf8mb4 COLLATE utf8mb4_unicode_ci NOT NULL,
  `due_amount` varchar(255) CHARACTER SET utf8mb4 COLLATE utf8mb4_unicode_ci NOT NULL,
  `status` varchar(255) CHARACTER SET utf8mb4 COLLATE utf8mb4_unicode_ci NOT NULL,
  `from_bank_id` int DEFAULT NULL,
  `amount_from` int DEFAULT NULL,
  `created_at` timestamp NULL DEFAULT NULL,
  `updated_at` timestamp NULL DEFAULT NULL,
  PRIMARY KEY (`id`)
) ENGINE=InnoDB AUTO_INCREMENT=114 DEFAULT CHARSET=utf8mb4 COLLATE=utf8mb4_unicode_ci;
/*!40101 SET character_set_client = @saved_cs_client */;

--
-- Dumping data for table `purchases`
--

LOCK TABLES `purchases` WRITE;
/*!40000 ALTER TABLE `purchases` DISABLE KEYS */;
INSERT INTO `purchases` VALUES (79,4,'ST00001','2023-06-14','2023-06-14','00001','2023-06-14','2023-06-14','N/A',NULL,1114361.00,1114361.00,NULL,NULL,NULL,'1114361','0','Reached Factory',NULL,NULL,'2023-06-14 14:43:03','2023-06-14 14:46:37'),(81,4,'ST00002','2023-06-15','2023-06-15','0002','2023-06-15','2023-06-15','N/A',NULL,854477.00,854477.00,NULL,NULL,NULL,'854477','0','Reached Factory',NULL,NULL,'2023-06-15 12:06:13','2023-06-15 12:06:36'),(82,4,'ST00003','2023-06-18','2023-06-18','0003','2023-06-18','2023-06-18','N/A',NULL,1300682.00,1300682.00,NULL,NULL,NULL,'1300682','0','Reached Factory',NULL,NULL,'2023-06-18 10:35:52','2023-06-18 10:36:09'),(83,4,'ST00004','2023-06-17','2023-06-17','0004','2023-06-17','2023-06-17','N/A',NULL,26107.00,26107.00,NULL,NULL,NULL,'26107','0','Reached Factory',NULL,NULL,'2023-06-18 14:52:08','2023-06-18 14:52:26'),(84,4,'ST00005','2023-06-26','2023-06-26','0005','2023-06-26','2023-06-26','N/A',NULL,193800.00,193800.00,NULL,NULL,NULL,'193800','0','Reached Factory',NULL,NULL,'2023-06-26 14:23:55','2023-06-26 14:24:19'),(85,4,'ST00006','2023-07-05','2023-07-05','OSPI00006','2023-07-05','2023-07-05','N/A',NULL,76864.00,76864.00,NULL,NULL,NULL,'76864','0','Reached Factory',NULL,NULL,'2023-07-05 11:27:10','2023-07-05 11:27:27'),(86,5,'ST00007','2023-07-04','2023-07-04','0007','2023-07-04','2023-07-04','N/A',NULL,42690.00,42690.00,NULL,NULL,NULL,'42690','0','Reached Factory',NULL,NULL,'2023-07-05 11:47:50','2023-07-05 11:48:06'),(87,4,'ST00008','2023-07-08','2023-07-08','OSPI00008','2023-07-08','2023-07-08','N/A',NULL,311680.00,311680.00,NULL,NULL,NULL,'311680','0','Reached Factory',NULL,NULL,'2023-07-08 10:26:32','2023-07-08 10:26:42'),(88,4,'ST00008','2023-08-03','2023-08-03','0008','2023-08-03','2023-08-03','N/A',NULL,29960.00,29960.00,NULL,NULL,NULL,'29960','0','Reached Factory',NULL,NULL,'2023-08-03 11:02:31','2023-08-03 11:02:49'),(89,4,'ST00009','2023-08-05','2023-08-05','0009','2023-08-05','2023-08-05','N/A',NULL,69019.00,69019.00,NULL,NULL,NULL,'69019','0','Reached Factory',NULL,NULL,'2023-08-08 12:15:09','2023-08-08 12:15:38'),(90,4,'ST00010','2023-08-17','2023-08-17','00010','2023-08-17','2023-08-17','N/A',NULL,183490.00,183490.00,NULL,NULL,NULL,'183490','0','Reached Factory',NULL,NULL,'2023-08-17 11:02:45','2023-08-17 11:04:17'),(91,4,'ST000011','2023-08-29','2023-08-29','00011','2023-08-29','2023-08-29','N/A',NULL,21750.00,21750.00,NULL,NULL,NULL,'21750','0','Reached Factory',NULL,NULL,'2023-08-29 06:37:42','2023-08-29 06:38:03'),(92,4,'ST000012','2023-10-23','2023-10-23','N/A','2023-10-23','2023-10-23','N/A',NULL,46025.00,46025.00,NULL,NULL,NULL,'46025','0','Reached Factory',8,46025,'2023-10-23 08:14:47','2023-10-23 08:14:58'),(93,4,'ST000013','2023-11-01','2023-11-01','N/A','2023-11-01','2023-11-01','N/A',NULL,91450.00,91450.00,NULL,NULL,NULL,'91450','0','Reached Factory',11,91450,'2023-11-01 06:23:55','2023-11-01 06:24:32'),(94,4,'ST000013','2023-11-01','2023-11-01','N/A','2023-11-01','2023-11-01','N/A',NULL,2400.00,2400.00,NULL,NULL,NULL,'2400','0','Reached Factory',8,2400,'2023-11-01 07:01:46','2023-11-01 07:01:57'),(95,4,'ST000014','2023-11-01','2023-11-01','N/A','2023-11-01','2023-11-01','N/A',NULL,66870.00,66870.00,NULL,NULL,NULL,'66870','0','Reached Factory',8,66870,'2023-11-01 07:36:11','2023-11-01 07:36:21'),(98,3,'122','2023-11-08','2023-11-08','112','2023-11-08','2023-11-08','112',NULL,1541.00,1541.00,NULL,NULL,NULL,'1541','0','Reached Factory',8,1541,'2023-11-08 13:05:51','2023-11-08 13:06:12'),(99,4,'ST000imp','2023-11-11','2023-11-11','ST000imp','2023-11-11','2023-11-11','ST000imp',NULL,5750.00,5750.00,NULL,NULL,NULL,'5750','0','Reached Factory',8,5750,'2023-11-11 11:30:03','2023-11-11 11:34:17'),(101,4,'ST000013','2023-11-12','2023-11-12','00013','2023-11-12','2023-11-12','N/A',NULL,77580.00,77580.00,NULL,NULL,NULL,'77580','0','Reached Factory',8,77580,'2023-11-12 10:26:30','2023-11-12 10:26:59'),(102,4,'ST000014','2023-11-13','2023-11-13','ST000014','2023-11-13','2023-11-13','ST000014',NULL,3982.00,3982.00,NULL,NULL,NULL,'3982','0','Reached Factory',8,3982,'2023-11-13 10:15:08','2023-11-13 10:16:27'),(103,4,'ST000014','2023-11-13','2023-11-13','ST000014','2023-11-13','2023-11-13','ST000014',NULL,672.00,672.00,NULL,NULL,NULL,'672','0','Reached Factory',8,672,'2023-11-13 10:37:32','2023-11-13 10:38:53'),(104,4,'ST000015','2023-11-13','2023-11-13','ST000015','2023-11-13','2023-11-13','ST000015',NULL,244000.00,244000.00,NULL,NULL,NULL,'244000','0','Reached Factory',8,244000,'2023-11-13 10:53:00','2023-11-13 10:55:56'),(105,4,'ST000016','2023-11-13','2023-11-13','ST000016','2023-11-13','2023-11-13','ST000016',NULL,484270.00,484270.00,NULL,NULL,NULL,'484270','0','Reached Factory',8,484270,'2023-11-13 11:35:43','2023-11-13 11:36:12'),(106,4,'ST000017','2023-11-14','2023-11-14','ST000017','2023-11-14','2023-11-14','ST000017',NULL,83000.00,83000.00,NULL,NULL,NULL,'83000','0','Reached Factory',8,83000,'2023-11-14 12:38:36','2023-11-14 12:39:41'),(107,4,'LSMX2021120401','2023-11-15','2023-11-15','N/A','2023-11-15','2023-11-15','N/A',NULL,47423.00,47423.00,NULL,NULL,NULL,'47423','0','Reached Factory',17,47423,'2023-11-15 07:29:21','2023-11-15 07:29:52'),(108,4,'MLSIL2307','2023-11-15','2023-11-15','N/A','2023-11-15','2023-11-15','N/A',NULL,196920.00,196920.00,NULL,NULL,NULL,'196920','0','Reached Factory',17,196920,'2023-11-15 07:46:40','2023-11-15 07:47:11'),(110,4,'20231020001BD','2023-11-20','2023-11-20','N/A','2023-11-20','2023-11-20','N/A',NULL,395390.00,395390.00,NULL,NULL,NULL,'395390','0','Reached Factory',11,395390,'2023-11-20 07:48:04','2023-11-20 07:50:27'),(111,4,'20231126001','2023-11-26','2023-11-26','N/A','2023-11-26','2023-11-26','N/A','CN to CN warehouse',26040.00,26040.00,NULL,NULL,NULL,'26040','0','L/C Opened',14,26040,'2023-11-26 09:46:47','2023-11-26 09:46:47'),(112,4,'BWS20231107','2023-11-28','2023-11-28','N/A','2023-11-28','2023-11-28','N/A','Mugda Para to Office by Truck',78280.00,78280.00,NULL,NULL,NULL,'78280','0','Reached Factory',8,78280,'2023-11-28 11:03:00','2023-11-28 11:03:15'),(113,4,'ST000018','2023-11-29','2023-11-29','TW20231012TOD2','2023-11-29','2023-11-29','TW20231012TOD2','85340000',368300.00,368300.00,NULL,NULL,NULL,'368300','0','Reached Factory',8,368300,'2023-11-29 11:13:45','2023-11-29 11:14:09');
/*!40000 ALTER TABLE `purchases` ENABLE KEYS */;
UNLOCK TABLES;

--
-- Table structure for table `quotation_items`
--

DROP TABLE IF EXISTS `quotation_items`;
/*!40101 SET @saved_cs_client     = @@character_set_client */;
/*!50503 SET character_set_client = utf8mb4 */;
CREATE TABLE `quotation_items` (
  `id` bigint unsigned NOT NULL AUTO_INCREMENT,
  `quotation_id` bigint unsigned NOT NULL,
  `product_id` bigint unsigned NOT NULL,
  `qty` varchar(255) CHARACTER SET utf8mb4 COLLATE utf8mb4_unicode_ci NOT NULL,
  `rate` double(8,2) NOT NULL,
  `amount` double(10,2) DEFAULT NULL,
  `created_at` timestamp NULL DEFAULT NULL,
  `updated_at` timestamp NULL DEFAULT NULL,
  PRIMARY KEY (`id`),
  KEY `quotation_items_quotation_id_foreign` (`quotation_id`),
  CONSTRAINT `quotation_items_quotation_id_foreign` FOREIGN KEY (`quotation_id`) REFERENCES `quotations` (`id`) ON DELETE CASCADE
) ENGINE=InnoDB AUTO_INCREMENT=397 DEFAULT CHARSET=utf8mb4 COLLATE=utf8mb4_unicode_ci;
/*!40101 SET character_set_client = @saved_cs_client */;

--
-- Dumping data for table `quotation_items`
--

LOCK TABLES `quotation_items` WRITE;
/*!40000 ALTER TABLE `quotation_items` DISABLE KEYS */;
INSERT INTO `quotation_items` VALUES (9,8,257,'1',4500.00,4500.00,'2023-06-13 12:51:45','2023-06-13 12:51:45'),(10,8,74,'1',18000.00,18000.00,'2023-06-13 12:51:45','2023-06-13 12:51:45'),(11,8,99,'10',500.00,5000.00,'2023-06-13 12:51:45','2023-06-13 12:51:45'),(12,8,18,'4',700.00,2800.00,'2023-06-13 12:51:45','2023-06-13 12:51:45'),(13,8,175,'4',2600.00,10400.00,'2023-06-13 12:51:45','2023-06-13 12:51:45'),(14,8,144,'1',2900.00,2900.00,'2023-06-13 12:51:45','2023-06-13 12:51:45'),(31,11,27,'4',2200.00,8800.00,'2023-06-14 13:31:30','2023-06-14 13:31:30'),(32,11,29,'2',2500.00,5000.00,'2023-06-14 13:31:30','2023-06-14 13:31:30'),(33,11,31,'6',2900.00,17400.00,'2023-06-14 13:31:30','2023-06-14 13:31:30'),(34,11,33,'2',3300.00,6600.00,'2023-06-14 13:31:30','2023-06-14 13:31:30'),(35,11,35,'4',3000.00,12000.00,'2023-06-14 13:31:30','2023-06-14 13:31:30'),(36,11,37,'6',2900.00,17400.00,'2023-06-14 13:31:30','2023-06-14 13:31:30'),(37,11,196,'1',7500.00,7500.00,'2023-06-14 13:31:30','2023-06-14 13:31:30'),(38,11,74,'1',18000.00,18000.00,'2023-06-14 13:31:30','2023-06-14 13:31:30'),(39,12,27,'5',2200.00,11000.00,'2023-06-17 11:23:32','2023-06-17 11:23:32'),(40,12,29,'5',2500.00,12500.00,'2023-06-17 11:23:32','2023-06-17 11:23:32'),(41,12,31,'10',2900.00,29000.00,'2023-06-17 11:23:32','2023-06-17 11:23:32'),(42,12,33,'10',3300.00,33000.00,'2023-06-17 11:23:32','2023-06-17 11:23:32'),(43,12,111,'1',1900.00,1900.00,'2023-06-17 11:23:32','2023-06-17 11:23:32'),(44,12,21,'1',2400.00,2400.00,'2023-06-17 11:23:32','2023-06-17 11:23:32'),(45,13,27,'5',2200.00,11000.00,'2023-06-17 11:46:47','2023-06-17 11:46:47'),(46,13,29,'5',2500.00,12500.00,'2023-06-17 11:46:47','2023-06-17 11:46:47'),(47,13,31,'10',2900.00,29000.00,'2023-06-17 11:46:47','2023-06-17 11:46:47'),(48,13,33,'10',3300.00,33000.00,'2023-06-17 11:46:47','2023-06-17 11:46:47'),(49,13,111,'1',1900.00,1900.00,'2023-06-17 11:46:47','2023-06-17 11:46:47'),(50,13,21,'1',2400.00,2400.00,'2023-06-17 11:46:47','2023-06-17 11:46:47'),(51,14,33,'14',3300.00,46200.00,'2023-06-17 17:21:12','2023-06-17 17:21:12'),(52,14,31,'4',2900.00,11600.00,'2023-06-17 17:21:12','2023-06-17 17:21:12'),(53,14,29,'2',2500.00,5000.00,'2023-06-17 17:21:12','2023-06-17 17:21:12'),(54,14,35,'1',3000.00,3000.00,'2023-06-17 17:21:12','2023-06-17 17:21:12'),(55,14,37,'3',2900.00,8700.00,'2023-06-17 17:21:12','2023-06-17 17:21:12'),(56,14,111,'2',1900.00,3800.00,'2023-06-17 17:21:12','2023-06-17 17:21:12'),(57,14,21,'5',2400.00,12000.00,'2023-06-17 17:21:12','2023-06-17 17:21:12'),(69,16,228,'1',1500.00,1500.00,'2023-06-19 11:48:54','2023-06-19 11:48:54'),(70,16,229,'24',250.00,6000.00,'2023-06-19 11:48:54','2023-06-19 11:48:54'),(71,16,230,'1',750.00,750.00,'2023-06-19 11:48:54','2023-06-19 11:48:54'),(72,17,34,'8',3300.00,26400.00,'2023-06-19 13:00:41','2023-06-19 13:00:41'),(73,17,32,'14',2900.00,40600.00,'2023-06-19 13:00:41','2023-06-19 13:00:41'),(74,17,30,'7',2500.00,17500.00,'2023-06-19 13:00:41','2023-06-19 13:00:41'),(75,17,28,'4',2200.00,8800.00,'2023-06-19 13:00:41','2023-06-19 13:00:41'),(76,17,38,'8',2900.00,23200.00,'2023-06-19 13:00:41','2023-06-19 13:00:41'),(77,17,112,'37',1800.00,66600.00,'2023-06-19 13:00:41','2023-06-19 13:00:41'),(78,17,36,'6',3000.00,18000.00,'2023-06-19 13:00:41','2023-06-19 13:00:41'),(79,17,106,'4',1800.00,7200.00,'2023-06-19 13:00:41','2023-06-19 13:00:41'),(80,17,146,'10',8500.00,85000.00,'2023-06-19 13:00:41','2023-06-19 13:00:41'),(81,17,249,'2',36000.00,72000.00,'2023-06-19 13:00:41','2023-06-19 13:00:41'),(82,17,234,'4',5000.00,20000.00,'2023-06-19 13:00:41','2023-06-19 13:00:41'),(83,17,259,'1',17000.00,17000.00,'2023-06-19 13:00:41','2023-06-19 13:00:41'),(84,17,203,'3',3300.00,9900.00,'2023-06-19 13:00:41','2023-06-19 13:00:41'),(85,17,196,'1',7500.00,7500.00,'2023-06-19 13:00:41','2023-06-19 13:00:41'),(86,17,76,'1',35000.00,35000.00,'2023-06-19 13:00:41','2023-06-19 13:00:41'),(87,17,144,'4',2900.00,11600.00,'2023-06-19 13:00:41','2023-06-19 13:00:41'),(88,17,229,'88',250.00,22000.00,'2023-06-19 13:00:41','2023-06-19 13:00:41'),(89,17,228,'1',1500.00,1500.00,'2023-06-19 13:00:41','2023-06-19 13:00:41'),(90,17,230,'3',500.00,1500.00,'2023-06-19 13:00:41','2023-06-19 13:00:41'),(108,20,28,'8',2200.00,17600.00,'2023-06-22 10:25:07','2023-06-22 10:25:07'),(109,20,30,'10',2500.00,25000.00,'2023-06-22 10:25:07','2023-06-22 10:25:07'),(110,20,32,'17',2900.00,49300.00,'2023-06-22 10:25:07','2023-06-22 10:25:07'),(111,20,34,'1',3300.00,3300.00,'2023-06-22 10:25:07','2023-06-22 10:25:07'),(112,20,38,'10',2900.00,29000.00,'2023-06-22 10:25:07','2023-06-22 10:25:07'),(113,20,36,'8',3000.00,24000.00,'2023-06-22 10:25:07','2023-06-22 10:25:07'),(114,20,112,'44',1800.00,79200.00,'2023-06-22 10:25:07','2023-06-22 10:25:07'),(115,20,217,'2',1700.00,3400.00,'2023-06-22 10:25:07','2023-06-22 10:25:07'),(116,20,109,'1',1700.00,1700.00,'2023-06-22 10:25:07','2023-06-22 10:25:07'),(117,20,106,'6',1800.00,10800.00,'2023-06-22 10:25:07','2023-06-22 10:25:07'),(118,21,28,'9',2200.00,19800.00,'2023-07-11 11:09:25','2023-07-11 11:09:25'),(119,21,30,'11',2500.00,27500.00,'2023-07-11 11:09:25','2023-07-11 11:09:25'),(120,21,32,'18',2900.00,52200.00,'2023-07-11 11:09:25','2023-07-11 11:09:25'),(121,21,34,'2',3300.00,6600.00,'2023-07-11 11:09:25','2023-07-11 11:09:25'),(122,21,36,'9',3000.00,27000.00,'2023-07-11 11:09:25','2023-07-11 11:09:25'),(123,21,38,'11',2900.00,31900.00,'2023-07-11 11:09:25','2023-07-11 11:09:25'),(124,21,112,'42',1800.00,75600.00,'2023-07-11 11:09:25','2023-07-11 11:09:25'),(125,21,270,'3',1700.00,5100.00,'2023-07-11 11:09:25','2023-07-11 11:09:25'),(126,21,106,'6',1800.00,10800.00,'2023-07-11 11:09:25','2023-07-11 11:09:25'),(127,21,109,'3',1700.00,5100.00,'2023-07-11 11:09:25','2023-07-11 11:09:25'),(128,22,34,'7',3300.00,23100.00,'2023-07-19 12:04:34','2023-07-19 12:04:34'),(129,22,32,'4',2900.00,11600.00,'2023-07-19 12:04:34','2023-07-19 12:04:34'),(130,22,30,'2',2500.00,5000.00,'2023-07-19 12:04:34','2023-07-19 12:04:34'),(131,22,36,'5',3000.00,15000.00,'2023-07-19 12:04:34','2023-07-19 12:04:34'),(132,22,270,'4',1700.00,6800.00,'2023-07-19 12:04:34','2023-07-19 12:04:34'),(133,22,112,'4',1800.00,7200.00,'2023-07-19 12:04:34','2023-07-19 12:04:34'),(134,22,22,'13',2400.00,31200.00,'2023-07-19 12:04:34','2023-07-19 12:04:34'),(135,22,38,'5',2900.00,14500.00,'2023-07-19 12:04:34','2023-07-19 12:04:34'),(136,22,106,'2',1800.00,3600.00,'2023-07-19 12:04:34','2023-07-19 12:04:34'),(137,22,118,'1',1700.00,1700.00,'2023-07-19 12:04:34','2023-07-19 12:04:34'),(139,24,27,'1',2200.00,2200.00,'2023-08-22 10:31:52','2023-08-22 10:31:52'),(140,24,29,'5',2500.00,12500.00,'2023-08-22 10:31:52','2023-08-22 10:31:52'),(141,24,31,'12',2900.00,34800.00,'2023-08-22 10:31:52','2023-08-22 10:31:52'),(142,24,33,'10',3300.00,33000.00,'2023-08-22 10:31:52','2023-08-22 10:31:52'),(143,24,37,'7',2900.00,20300.00,'2023-08-22 10:31:52','2023-08-22 10:31:52'),(144,24,111,'13',1900.00,24700.00,'2023-08-22 10:31:52','2023-08-22 10:31:52'),(145,24,35,'2',3000.00,6000.00,'2023-08-22 10:31:52','2023-08-22 10:31:52'),(146,24,114,'3',1800.00,5400.00,'2023-08-22 10:31:52','2023-08-22 10:31:52'),(147,24,123,'2',3000.00,6000.00,'2023-08-22 10:31:52','2023-08-22 10:31:52'),(148,24,229,'55',250.00,13750.00,'2023-08-22 10:31:52','2023-08-22 10:31:52'),(149,25,112,'20',1800.00,36000.00,'2023-08-29 04:54:23','2023-08-29 04:54:23'),(150,26,74,'1',18000.00,18000.00,'2023-09-02 08:05:50','2023-09-02 08:05:50'),(151,26,27,'3',2200.00,6600.00,'2023-09-02 08:05:50','2023-09-02 08:05:50'),(152,26,29,'5',2500.00,12500.00,'2023-09-02 08:05:50','2023-09-02 08:05:50'),(153,26,31,'7',2900.00,20300.00,'2023-09-02 08:05:50','2023-09-02 08:05:50'),(154,26,35,'4',3000.00,12000.00,'2023-09-02 08:05:50','2023-09-02 08:05:50'),(155,26,24,'1',7500.00,7500.00,'2023-09-02 08:05:50','2023-09-02 08:05:50'),(156,26,37,'6',2900.00,17400.00,'2023-09-02 08:05:50','2023-09-02 08:05:50'),(157,27,228,'1',1500.00,1500.00,'2023-09-02 08:12:39','2023-09-02 08:12:39'),(158,27,229,'25',250.00,6250.00,'2023-09-02 08:12:39','2023-09-02 08:12:39'),(159,27,230,'1',500.00,500.00,'2023-09-02 08:12:39','2023-09-02 08:12:39'),(160,28,37,'6',2900.00,17400.00,'2023-09-02 08:21:01','2023-09-02 08:21:01'),(161,28,24,'1',7500.00,7500.00,'2023-09-02 08:21:01','2023-09-02 08:21:01'),(162,28,35,'4',3000.00,12000.00,'2023-09-02 08:21:01','2023-09-02 08:21:01'),(163,28,31,'7',2900.00,20300.00,'2023-09-02 08:21:01','2023-09-02 08:21:01'),(164,28,29,'5',2500.00,12500.00,'2023-09-02 08:21:01','2023-09-02 08:21:01'),(165,28,27,'3',2200.00,6600.00,'2023-09-02 08:21:01','2023-09-02 08:21:01'),(166,28,74,'1',18000.00,18000.00,'2023-09-02 08:21:01','2023-09-02 08:21:01'),(167,29,230,'1',500.00,500.00,'2023-09-02 08:25:15','2023-09-02 08:25:15'),(168,29,229,'25',250.00,6250.00,'2023-09-02 08:25:15','2023-09-02 08:25:15'),(169,29,228,'1',1500.00,1500.00,'2023-09-02 08:25:15','2023-09-02 08:25:15'),(170,30,27,'4',2200.00,8800.00,'2023-09-02 09:57:20','2023-09-02 09:57:20'),(171,30,29,'2',2500.00,5000.00,'2023-09-02 09:57:20','2023-09-02 09:57:20'),(172,30,31,'6',2900.00,17400.00,'2023-09-02 09:57:20','2023-09-02 09:57:20'),(173,30,33,'2',3300.00,6600.00,'2023-09-02 09:57:20','2023-09-02 09:57:20'),(174,30,35,'4',3000.00,12000.00,'2023-09-02 09:57:20','2023-09-02 09:57:20'),(175,30,197,'1',7500.00,7500.00,'2023-09-02 09:57:20','2023-09-02 09:57:20'),(176,30,37,'6',2900.00,17400.00,'2023-09-02 09:57:20','2023-09-02 09:57:20'),(177,30,74,'1',18000.00,18000.00,'2023-09-02 09:57:20','2023-09-02 09:57:20'),(178,31,229,'24',250.00,6000.00,'2023-09-02 10:02:37','2023-09-02 10:02:37'),(179,31,228,'1',1500.00,1500.00,'2023-09-02 10:02:37','2023-09-02 10:02:37'),(180,31,230,'1',500.00,500.00,'2023-09-02 10:02:37','2023-09-02 10:02:37'),(181,32,27,'3',2200.00,6600.00,'2023-09-02 10:08:06','2023-09-02 10:08:06'),(182,32,29,'5',2500.00,12500.00,'2023-09-02 10:08:06','2023-09-02 10:08:06'),(183,32,31,'7',2900.00,20300.00,'2023-09-02 10:08:06','2023-09-02 10:08:06'),(184,32,35,'4',3000.00,12000.00,'2023-09-02 10:08:06','2023-09-02 10:08:06'),(185,32,23,'1',7500.00,7500.00,'2023-09-02 10:08:06','2023-09-02 10:08:06'),(186,32,37,'6',2900.00,17400.00,'2023-09-02 10:08:06','2023-09-02 10:08:06'),(187,32,74,'1',18000.00,18000.00,'2023-09-02 10:08:06','2023-09-02 10:08:06'),(191,34,34,'2',3300.00,6600.00,'2023-09-02 15:36:51','2023-09-02 15:36:51'),(192,34,32,'3',2900.00,8700.00,'2023-09-02 15:36:51','2023-09-02 15:36:51'),(193,34,112,'7',1800.00,12600.00,'2023-09-02 15:36:51','2023-09-02 15:36:51'),(194,35,34,'2',3300.00,6600.00,'2023-09-02 15:40:18','2023-09-02 15:40:18'),(195,35,32,'3',2900.00,8700.00,'2023-09-02 15:40:18','2023-09-02 15:40:18'),(196,35,112,'7',1800.00,12600.00,'2023-09-02 15:40:18','2023-09-02 15:40:18'),(207,40,41,'2',2900.00,5800.00,'2023-09-25 08:48:21','2023-09-25 08:48:21'),(208,40,37,'2',2900.00,5800.00,'2023-09-25 08:48:21','2023-09-25 08:48:21'),(209,40,123,'2',3000.00,6000.00,'2023-09-25 08:48:21','2023-09-25 08:48:21'),(210,40,33,'2',3300.00,6600.00,'2023-09-25 08:48:21','2023-09-25 08:48:21'),(211,40,29,'2',2500.00,5000.00,'2023-09-25 08:48:21','2023-09-25 08:48:21'),(212,40,148,'6',1800.00,10800.00,'2023-09-25 08:48:21','2023-09-25 08:48:21'),(220,41,50,'14',700.00,9800.00,'2023-10-02 04:52:42','2023-10-02 04:52:42'),(221,41,62,'14',2600.00,36400.00,'2023-10-02 04:52:42','2023-10-02 04:52:42'),(222,41,46,'6',700.00,4200.00,'2023-10-02 04:52:42','2023-10-02 04:52:42'),(223,41,173,'6',1800.00,10800.00,'2023-10-02 04:52:42','2023-10-02 04:52:42'),(224,41,146,'20',8500.00,170000.00,'2023-10-02 04:52:42','2023-10-02 04:52:42'),(225,41,265,'14',8000.00,112000.00,'2023-10-02 04:52:42','2023-10-02 04:52:42'),(226,41,229,'54',350.00,18900.00,'2023-10-02 04:52:42','2023-10-02 04:52:42'),(227,42,146,'1',8500.00,8500.00,'2023-10-02 06:45:05','2023-10-02 06:45:05'),(228,42,144,'1',2900.00,2900.00,'2023-10-02 06:45:05','2023-10-02 06:45:05'),(229,42,31,'1',2900.00,2900.00,'2023-10-02 06:45:05','2023-10-02 06:45:05'),(230,42,33,'1',3300.00,3300.00,'2023-10-02 06:45:05','2023-10-02 06:45:05'),(231,42,111,'2',1900.00,3800.00,'2023-10-02 06:45:05','2023-10-02 06:45:05'),(268,43,102,'66',1700.00,112200.00,'2023-10-03 04:32:08','2023-10-03 04:32:08'),(269,43,50,'19',700.00,13300.00,'2023-10-03 04:32:08','2023-10-03 04:32:08'),(270,43,62,'19',2600.00,49400.00,'2023-10-03 04:32:08','2023-10-03 04:32:08'),(271,43,16,'13',700.00,9100.00,'2023-10-03 04:32:08','2023-10-03 04:32:08'),(272,43,174,'13',1900.00,24700.00,'2023-10-03 04:32:08','2023-10-03 04:32:08'),(273,43,46,'7',700.00,4900.00,'2023-10-03 04:32:08','2023-10-03 04:32:08'),(274,43,173,'7',1800.00,12600.00,'2023-10-03 04:32:08','2023-10-03 04:32:08'),(275,43,115,'4',1800.00,7200.00,'2023-10-03 04:32:08','2023-10-03 04:32:08'),(276,43,229,'109',250.00,27250.00,'2023-10-03 04:32:08','2023-10-03 04:32:08'),(277,44,67,'1',27999.00,27999.00,'2023-10-04 09:26:48','2023-10-04 09:26:48'),(278,44,37,'6',2900.00,17400.00,'2023-10-04 09:26:48','2023-10-04 09:26:48'),(279,44,196,'1',7500.00,7500.00,'2023-10-04 09:26:48','2023-10-04 09:26:48'),(280,44,35,'4',3000.00,12000.00,'2023-10-04 09:26:48','2023-10-04 09:26:48'),(281,44,33,'2',3300.00,6600.00,'2023-10-04 09:26:48','2023-10-04 09:26:48'),(282,44,31,'6',2900.00,17400.00,'2023-10-04 09:26:48','2023-10-04 09:26:48'),(283,44,30,'2',2500.00,5000.00,'2023-10-04 09:26:48','2023-10-04 09:26:48'),(284,44,27,'1',2200.00,2200.00,'2023-10-04 09:26:48','2023-10-04 09:26:48'),(285,45,229,'21',250.00,5250.00,'2023-10-04 09:31:52','2023-10-04 09:31:52'),(286,45,230,'1',500.00,500.00,'2023-10-04 09:31:52','2023-10-04 09:31:52'),(287,46,67,'1',28000.00,28000.00,'2023-10-04 10:04:28','2023-10-04 10:04:28'),(288,47,67,'1',28000.00,28000.00,'2023-10-04 10:18:54','2023-10-04 10:18:54'),(289,47,37,'6',2900.00,17400.00,'2023-10-04 10:18:54','2023-10-04 10:18:54'),(290,47,196,'1',7500.00,7500.00,'2023-10-04 10:18:54','2023-10-04 10:18:54'),(291,47,35,'4',3000.00,12000.00,'2023-10-04 10:18:54','2023-10-04 10:18:54'),(292,47,31,'7',2900.00,20300.00,'2023-10-04 10:18:54','2023-10-04 10:18:54'),(293,47,29,'3',2500.00,7500.00,'2023-10-04 10:18:54','2023-10-04 10:18:54'),(294,47,27,'1',2200.00,2200.00,'2023-10-04 10:18:54','2023-10-04 10:18:54'),(295,47,230,'1',500.00,500.00,'2023-10-04 10:18:54','2023-10-04 10:18:54'),(296,47,229,'21',250.00,5250.00,'2023-10-04 10:18:54','2023-10-04 10:18:54'),(297,48,67,'1',28000.00,28000.00,'2023-10-04 10:26:02','2023-10-04 10:26:02'),(298,48,37,'6',2900.00,17400.00,'2023-10-04 10:26:02','2023-10-04 10:26:02'),(299,48,196,'1',7500.00,7500.00,'2023-10-04 10:26:02','2023-10-04 10:26:02'),(300,48,35,'4',3000.00,12000.00,'2023-10-04 10:26:02','2023-10-04 10:26:02'),(301,48,33,'2',3300.00,6600.00,'2023-10-04 10:26:02','2023-10-04 10:26:02'),(302,48,31,'6',2900.00,17400.00,'2023-10-04 10:26:02','2023-10-04 10:26:02'),(303,48,29,'2',2500.00,5000.00,'2023-10-04 10:26:02','2023-10-04 10:26:02'),(304,48,27,'1',2200.00,2200.00,'2023-10-04 10:26:02','2023-10-04 10:26:02'),(305,48,230,'1',500.00,500.00,'2023-10-04 10:26:02','2023-10-04 10:26:02'),(306,48,229,'21',250.00,5250.00,'2023-10-04 10:26:02','2023-10-04 10:26:02'),(316,50,27,'1',2200.00,2200.00,'2023-10-05 07:38:50','2023-10-05 07:38:50'),(317,50,29,'2',2500.00,5000.00,'2023-10-05 07:38:50','2023-10-05 07:38:50'),(318,50,31,'6',2900.00,17400.00,'2023-10-05 07:38:50','2023-10-05 07:38:50'),(319,50,33,'2',3300.00,6600.00,'2023-10-05 07:38:50','2023-10-05 07:38:50'),(320,50,35,'4',3000.00,12000.00,'2023-10-05 07:38:50','2023-10-05 07:38:50'),(321,50,196,'1',7500.00,7500.00,'2023-10-05 07:38:50','2023-10-05 07:38:50'),(322,50,37,'6',2900.00,17400.00,'2023-10-05 07:38:50','2023-10-05 07:38:50'),(323,50,74,'1',18000.00,18000.00,'2023-10-05 07:38:50','2023-10-05 07:38:50'),(324,50,230,'1',500.00,500.00,'2023-10-05 07:38:50','2023-10-05 07:38:50'),(325,50,229,'21',250.00,5250.00,'2023-10-05 07:38:50','2023-10-05 07:38:50'),(330,39,267,'1',13000.00,13000.00,'2023-10-08 10:47:33','2023-10-08 10:47:33'),(331,39,247,'4',8400.00,33600.00,'2023-10-08 10:47:33','2023-10-08 10:47:33'),(332,39,228,'1',1500.00,1500.00,'2023-10-08 10:47:33','2023-10-08 10:47:33'),(333,39,148,'1',500.00,500.00,'2023-10-08 10:47:33','2023-10-08 10:47:33'),(334,51,38,'2',2900.00,5800.00,'2023-10-09 05:48:49','2023-10-09 05:48:49'),(335,51,34,'1',3300.00,3300.00,'2023-10-09 05:48:49','2023-10-09 05:48:49'),(336,51,229,'3',250.00,750.00,'2023-10-09 05:48:49','2023-10-09 05:48:49'),(337,49,27,'1',2200.00,2200.00,'2023-10-18 08:07:46','2023-10-18 08:07:46'),(338,49,29,'3',2500.00,7500.00,'2023-10-18 08:07:46','2023-10-18 08:07:46'),(339,49,31,'7',2900.00,20300.00,'2023-10-18 08:07:46','2023-10-18 08:07:46'),(340,49,35,'4',3000.00,12000.00,'2023-10-18 08:07:46','2023-10-18 08:07:46'),(341,49,196,'1',7500.00,7500.00,'2023-10-18 08:07:46','2023-10-18 08:07:46'),(342,49,37,'6',2900.00,17400.00,'2023-10-18 08:07:46','2023-10-18 08:07:46'),(343,49,74,'1',18000.00,18000.00,'2023-10-18 08:07:46','2023-10-18 08:07:46'),(344,49,230,'1',500.00,500.00,'2023-10-18 08:07:46','2023-10-18 08:07:46'),(345,49,229,'21',250.00,5250.00,'2023-10-18 08:07:46','2023-10-18 08:07:46'),(346,52,27,'4',2200.00,8800.00,'2023-10-21 05:22:52','2023-10-21 05:22:52'),(347,52,29,'6',2500.00,15000.00,'2023-10-21 05:22:52','2023-10-21 05:22:52'),(348,52,31,'10',2900.00,29000.00,'2023-10-21 05:22:52','2023-10-21 05:22:52'),(349,52,33,'11',3300.00,36300.00,'2023-10-21 05:22:52','2023-10-21 05:22:52'),(350,52,21,'4',2400.00,9600.00,'2023-10-21 05:22:52','2023-10-21 05:22:52'),(351,52,111,'48',1900.00,91200.00,'2023-10-21 05:22:52','2023-10-21 05:22:52'),(352,52,123,'9',3000.00,27000.00,'2023-10-21 05:22:52','2023-10-21 05:22:52'),(353,52,105,'6',1800.00,10800.00,'2023-10-21 05:22:52','2023-10-21 05:22:52'),(354,52,108,'1',1700.00,1700.00,'2023-10-21 05:22:52','2023-10-21 05:22:52'),(355,52,37,'10',2900.00,29000.00,'2023-10-21 05:22:52','2023-10-21 05:22:52'),(356,52,152,'1',1300.00,1300.00,'2023-10-21 05:22:52','2023-10-21 05:22:52'),(357,53,33,'1',3299.00,3299.00,'2023-10-25 06:46:06','2023-10-25 06:46:06'),(358,53,37,'2',2899.00,5798.00,'2023-10-25 06:46:06','2023-10-25 06:46:06'),(359,53,111,'1',1799.00,1799.00,'2023-10-25 06:46:06','2023-10-25 06:46:06'),(360,54,74,'1',18000.00,18000.00,'2023-10-25 09:43:33','2023-10-25 09:43:33'),(361,54,69,'1',25000.00,25000.00,'2023-10-25 09:43:33','2023-10-25 09:43:33'),(362,54,67,'1',27999.00,27999.00,'2023-10-25 09:43:33','2023-10-25 09:43:33'),(363,54,76,'1',35000.00,35000.00,'2023-10-25 09:43:33','2023-10-25 09:43:33'),(364,54,79,'1',44000.00,44000.00,'2023-10-25 09:43:33','2023-10-25 09:43:33'),(365,54,73,'1',20999.00,20999.00,'2023-10-25 09:43:33','2023-10-25 09:43:33'),(366,55,33,'30',3300.00,99000.00,'2023-10-26 08:40:29','2023-10-26 08:40:29'),(367,55,29,'20',2500.00,50000.00,'2023-10-26 08:40:29','2023-10-26 08:40:29'),(368,55,37,'10',2900.00,29000.00,'2023-10-26 08:40:29','2023-10-26 08:40:29'),(369,55,21,'10',2400.00,24000.00,'2023-10-26 08:40:29','2023-10-26 08:40:29'),(370,55,67,'1',27999.00,27999.00,'2023-10-26 08:40:29','2023-10-26 08:40:29'),(371,56,74,'1',18000.00,18000.00,'2023-11-13 10:11:49','2023-11-13 10:11:49'),(372,56,75,'7',18000.00,126000.00,'2023-11-13 10:11:49','2023-11-13 10:11:49'),(373,56,228,'8',2000.00,16000.00,'2023-11-13 10:11:49','2023-11-13 10:11:49'),(374,57,111,'8',59.00,472.00,'2023-11-15 09:48:40','2023-11-15 09:48:40'),(375,57,108,'1',55.00,55.00,'2023-11-15 09:48:40','2023-11-15 09:48:40'),(376,57,173,'4',57.00,228.00,'2023-11-15 09:48:40','2023-11-15 09:48:40'),(377,57,13,'4',22.00,88.00,'2023-11-15 09:48:40','2023-11-15 09:48:40'),(378,57,19,'3',22.00,66.00,'2023-11-15 09:48:40','2023-11-15 09:48:40'),(379,57,9,'3',77.00,231.00,'2023-11-15 09:48:40','2023-11-15 09:48:40'),(380,57,21,'3',75.00,225.00,'2023-11-15 09:48:40','2023-11-15 09:48:40'),(381,58,69,'10',25000.00,250000.00,'2023-11-18 12:03:57','2023-11-18 12:03:57'),(382,59,72,'10',20999.00,209990.00,'2023-11-18 12:05:08','2023-11-18 12:05:08'),(383,60,72,'10',20999.00,209990.00,'2023-11-18 12:05:47','2023-11-18 12:05:47'),(384,61,348,'5',24000.00,120000.00,'2023-11-22 06:10:30','2023-11-22 06:10:30'),(385,62,228,'5',1500.00,7500.00,'2023-11-22 06:12:45','2023-11-22 06:12:45'),(386,63,345,'1',52999.00,52999.00,'2023-11-28 07:46:57','2023-11-28 07:46:57'),(387,64,117,'1',1700.00,1700.00,'2023-11-30 09:19:56','2023-11-30 09:19:56'),(388,64,29,'36',2500.00,90000.00,'2023-11-30 09:19:56','2023-11-30 09:19:56'),(389,64,31,'36',2900.00,104400.00,'2023-11-30 09:19:56','2023-11-30 09:19:56'),(390,64,33,'48',3300.00,158400.00,'2023-11-30 09:19:56','2023-11-30 09:19:56'),(391,64,37,'60',2900.00,174000.00,'2023-11-30 09:19:56','2023-11-30 09:19:56'),(392,64,123,'72',3000.00,216000.00,'2023-11-30 09:19:56','2023-11-30 09:19:56'),(393,64,111,'168',1800.00,302400.00,'2023-11-30 09:19:56','2023-11-30 09:19:56'),(394,64,114,'48',1800.00,86400.00,'2023-11-30 09:19:56','2023-11-30 09:19:56'),(395,64,105,'12',1800.00,21600.00,'2023-11-30 09:19:56','2023-11-30 09:19:56'),(396,64,108,'12',1700.00,20400.00,'2023-11-30 09:19:56','2023-11-30 09:19:56');
/*!40000 ALTER TABLE `quotation_items` ENABLE KEYS */;
UNLOCK TABLES;

--
-- Table structure for table `quotation_payment_items`
--

DROP TABLE IF EXISTS `quotation_payment_items`;
/*!40101 SET @saved_cs_client     = @@character_set_client */;
/*!50503 SET character_set_client = utf8mb4 */;
CREATE TABLE `quotation_payment_items` (
  `id` bigint unsigned NOT NULL AUTO_INCREMENT,
  `quotation_id` bigint unsigned NOT NULL,
  `bank_id` bigint unsigned NOT NULL,
  `b_paid_amount` double(8,2) NOT NULL,
  `created_at` timestamp NULL DEFAULT NULL,
  `updated_at` timestamp NULL DEFAULT NULL,
  PRIMARY KEY (`id`),
  KEY `quotation_payment_items_quotation_id_foreign` (`quotation_id`),
  CONSTRAINT `quotation_payment_items_quotation_id_foreign` FOREIGN KEY (`quotation_id`) REFERENCES `quotations` (`id`) ON DELETE CASCADE
) ENGINE=InnoDB AUTO_INCREMENT=62 DEFAULT CHARSET=utf8mb4 COLLATE=utf8mb4_unicode_ci;
/*!40101 SET character_set_client = @saved_cs_client */;

--
-- Dumping data for table `quotation_payment_items`
--

LOCK TABLES `quotation_payment_items` WRITE;
/*!40000 ALTER TABLE `quotation_payment_items` DISABLE KEYS */;
INSERT INTO `quotation_payment_items` VALUES (6,8,7,0.00,'2023-06-13 12:51:45','2023-06-13 12:51:45'),(9,11,7,0.00,'2023-06-14 13:31:30','2023-06-14 13:31:30'),(10,12,7,0.00,'2023-06-17 11:23:32','2023-06-17 11:23:32'),(11,13,7,0.00,'2023-06-17 11:46:47','2023-06-17 11:46:47'),(12,14,7,0.00,'2023-06-17 17:21:12','2023-06-17 17:21:12'),(14,16,7,0.00,'2023-06-19 11:48:54','2023-06-19 11:48:54'),(15,17,7,0.00,'2023-06-19 13:00:41','2023-06-19 13:00:41'),(18,20,7,0.00,'2023-06-22 10:25:07','2023-06-22 10:25:07'),(19,21,7,0.00,'2023-07-11 11:09:25','2023-07-11 11:09:25'),(20,22,7,0.00,'2023-07-19 12:04:34','2023-07-19 12:04:34'),(22,24,7,0.00,'2023-08-22 10:31:52','2023-08-22 10:31:52'),(23,25,5,0.00,'2023-08-29 04:54:23','2023-08-29 04:54:23'),(24,26,7,0.00,'2023-09-02 08:05:50','2023-09-02 08:05:50'),(25,27,7,0.00,'2023-09-02 08:12:39','2023-09-02 08:12:39'),(26,28,7,0.00,'2023-09-02 08:21:01','2023-09-02 08:21:01'),(27,29,5,0.00,'2023-09-02 08:25:15','2023-09-02 08:25:15'),(28,30,7,0.00,'2023-09-02 09:57:20','2023-09-02 09:57:20'),(29,31,7,0.00,'2023-09-02 10:02:37','2023-09-02 10:02:37'),(30,32,7,0.00,'2023-09-02 10:08:06','2023-09-02 10:08:06'),(32,34,7,0.00,'2023-09-02 15:36:51','2023-09-02 15:36:51'),(33,35,7,0.00,'2023-09-02 15:40:18','2023-09-02 15:40:18'),(36,39,7,25000.00,'2023-09-17 05:57:16','2023-09-17 05:57:16'),(37,40,7,0.00,'2023-09-25 08:48:21','2023-09-25 08:48:21'),(38,41,7,0.00,'2023-10-02 04:49:54','2023-10-02 04:49:54'),(39,42,7,0.00,'2023-10-02 06:45:05','2023-10-02 06:45:05'),(40,43,7,0.00,'2023-10-02 08:09:32','2023-10-02 08:09:32'),(41,44,7,0.00,'2023-10-04 09:26:48','2023-10-04 09:26:48'),(42,45,7,0.00,'2023-10-04 09:31:52','2023-10-04 09:31:52'),(43,46,7,0.00,'2023-10-04 10:04:28','2023-10-04 10:04:28'),(44,47,7,54360.00,'2023-10-04 10:18:54','2023-10-04 10:18:54'),(45,48,7,0.00,'2023-10-04 10:26:02','2023-10-04 10:26:02'),(46,49,7,54360.00,'2023-10-05 07:20:45','2023-10-05 07:20:45'),(47,50,7,0.00,'2023-10-05 07:38:50','2023-10-05 07:38:50'),(48,51,7,0.00,'2023-10-09 05:48:49','2023-10-09 05:48:49'),(49,52,7,0.00,'2023-10-21 05:22:52','2023-10-21 05:22:52'),(50,53,6,0.00,'2023-10-25 06:46:06','2023-10-25 06:46:06'),(51,54,7,0.00,'2023-10-25 09:43:34','2023-10-25 09:43:34'),(52,55,7,0.00,'2023-10-26 08:40:29','2023-10-26 08:40:29'),(53,56,7,0.00,'2023-11-13 10:11:49','2023-11-13 10:11:49'),(54,57,7,0.00,'2023-11-15 09:48:40','2023-11-15 09:48:40'),(55,58,7,0.00,'2023-11-18 12:03:57','2023-11-18 12:03:57'),(56,59,7,0.00,'2023-11-18 12:05:08','2023-11-18 12:05:08'),(57,60,7,0.00,'2023-11-18 12:05:47','2023-11-18 12:05:47'),(58,61,9,0.00,'2023-11-22 06:10:30','2023-11-22 06:10:30'),(59,62,9,0.00,'2023-11-22 06:12:45','2023-11-22 06:12:45'),(60,63,7,0.00,'2023-11-28 07:46:57','2023-11-28 07:46:57'),(61,64,7,0.00,'2023-11-30 09:19:56','2023-11-30 09:19:56');
/*!40000 ALTER TABLE `quotation_payment_items` ENABLE KEYS */;
UNLOCK TABLES;

--
-- Table structure for table `quotations`
--

DROP TABLE IF EXISTS `quotations`;
/*!40101 SET @saved_cs_client     = @@character_set_client */;
/*!50503 SET character_set_client = utf8mb4 */;
CREATE TABLE `quotations` (
  `id` bigint unsigned NOT NULL AUTO_INCREMENT,
  `customer_id` bigint unsigned NOT NULL,
  `sale_date` date NOT NULL,
  `expire_date` date DEFAULT NULL,
  `details` text CHARACTER SET utf8mb4 COLLATE utf8mb4_unicode_ci,
  `sub_total` double(10,2) DEFAULT NULL,
  `invoice` varchar(20) CHARACTER SET utf8mb4 COLLATE utf8mb4_unicode_ci DEFAULT NULL,
  `grand_total` double(10,2) DEFAULT NULL,
  `discount_flat` varchar(255) CHARACTER SET utf8mb4 COLLATE utf8mb4_unicode_ci DEFAULT NULL,
  `discount_per` varchar(255) CHARACTER SET utf8mb4 COLLATE utf8mb4_unicode_ci DEFAULT NULL,
  `total_vat` varchar(255) CHARACTER SET utf8mb4 COLLATE utf8mb4_unicode_ci DEFAULT NULL,
  `p_paid_amount` varchar(255) CHARACTER SET utf8mb4 COLLATE utf8mb4_unicode_ci NOT NULL,
  `due_amount` varchar(255) CHARACTER SET utf8mb4 COLLATE utf8mb4_unicode_ci NOT NULL,
  `user_id` bigint unsigned NOT NULL,
  `created_at` timestamp NULL DEFAULT NULL,
  `updated_at` timestamp NULL DEFAULT NULL,
  `deleted_at` timestamp NULL DEFAULT NULL,
  PRIMARY KEY (`id`)
) ENGINE=InnoDB AUTO_INCREMENT=65 DEFAULT CHARSET=utf8mb4 COLLATE=utf8mb4_unicode_ci;
/*!40101 SET character_set_client = @saved_cs_client */;

--
-- Dumping data for table `quotations`
--

LOCK TABLES `quotations` WRITE;
/*!40000 ALTER TABLE `quotations` DISABLE KEYS */;
INSERT INTO `quotations` VALUES (8,704,'2023-06-13','2023-06-20',NULL,43600.00,'STAQ202379755',43600.00,NULL,NULL,NULL,'0','43600',54,'2023-06-13 12:51:45',NULL,NULL),(11,705,'2023-06-14','2023-06-21',NULL,92700.00,'STAQ202387716',83430.00,NULL,'10',NULL,'0','83430',50,'2023-06-14 13:31:30',NULL,NULL),(12,647,'2023-06-17','2023-06-25',NULL,89800.00,'STAQ202333402',89800.00,NULL,NULL,NULL,'0','89800',50,'2023-06-17 11:23:32',NULL,NULL),(13,709,'2022-06-17','2023-06-25',NULL,89800.00,'STAQ202351943',89800.00,NULL,NULL,NULL,'0','89800',50,'2023-06-17 11:46:47',NULL,NULL),(14,714,'2023-06-17','2023-06-25',NULL,90300.00,'STAQ202344983',90300.00,NULL,NULL,NULL,'0','90300',50,'2023-06-17 17:21:12',NULL,NULL),(16,705,'2023-06-19','2023-06-26',NULL,8250.00,'STAQ202384958',8250.00,NULL,NULL,NULL,'0','8250',52,'2023-06-19 11:48:54',NULL,NULL),(17,717,'2023-06-19','2023-06-24',NULL,491300.00,'STAQ202371707',491300.00,NULL,NULL,NULL,'0','491300',51,'2023-06-19 13:00:41',NULL,NULL),(20,718,'2023-06-22','2023-06-30','.',243300.00,'STAQ202321861',206805.00,NULL,'15',NULL,'0','206805',50,'2023-06-22 10:25:07',NULL,NULL),(21,718,'2023-07-11','2023-07-20','.',261600.00,'STAQ202318065',222360.00,NULL,'15',NULL,'0','222360',50,'2023-07-11 11:09:25',NULL,NULL),(22,616,'2023-07-19','2023-07-20',NULL,119700.00,'STAQ202383549',107730.00,'11970',NULL,NULL,'0','107730',54,'2023-07-19 12:04:34',NULL,NULL),(24,740,'2023-08-22','2023-08-29',NULL,158650.00,'STAQ202348494',142785.00,NULL,'10',NULL,'0','142785',50,'2023-08-22 10:31:52',NULL,NULL),(25,735,'2023-08-29','2023-09-07','1 Year Replacement Warranty\r\n5 Years Free Service Warranty',36000.00,'STAQ202378776',34200.00,NULL,'5',NULL,'0','34200',54,'2023-08-29 04:54:23',NULL,NULL),(26,705,'2023-09-02','2023-09-09','APT- E-04',94300.00,'STAQ202311724',94300.00,NULL,NULL,NULL,'0','94300',52,'2023-09-02 08:05:50',NULL,NULL),(27,705,'2023-09-02','2023-09-09','APT- E-04',8250.00,'STAQ202388501',8250.00,NULL,NULL,NULL,'0','8250',52,'2023-09-02 08:12:39',NULL,NULL),(28,705,'2023-09-02','2023-09-09','APT- D-02',94300.00,'STAQ202320823',94300.00,NULL,NULL,NULL,'0','94300',52,'2023-09-02 08:21:01',NULL,NULL),(29,705,'2023-09-02','2023-09-02','APT- D-02',8250.00,'STAQ202365500',8250.00,NULL,NULL,NULL,'0','8250',52,'2023-09-02 08:25:15',NULL,NULL),(30,705,'2023-09-02','0023-09-09','APT E-04',92700.00,'STAQ202364929',83430.00,NULL,'10',NULL,'0','83430',52,'2023-09-02 09:57:20',NULL,NULL),(31,705,'2023-09-02','0023-09-09','APT E-04',8000.00,'STAQ202338905',8000.00,NULL,NULL,NULL,'0','8000',52,'2023-09-02 10:02:37',NULL,NULL),(32,705,'2023-09-02','2023-09-09','APT D-02',94300.00,'STAQ202324109',84870.00,NULL,'10',NULL,'0','84870',52,'2023-09-02 10:08:06',NULL,NULL),(34,648,'2023-09-02','2023-09-02',NULL,27900.00,'STAQ202392673',27900.00,NULL,NULL,NULL,'0','27900',54,'2023-09-02 15:36:51',NULL,NULL),(35,648,'2023-09-02','2023-09-02',NULL,27900.00,'STAQ202331902',23715.00,NULL,'15',NULL,'0','23715',54,'2023-09-02 15:40:18',NULL,NULL),(39,719,'2023-09-17','2023-11-17','Sharshina Lightings 5% normal socket will be replace with mib socket.',48600.00,'STAQ202346352',45684.00,NULL,'6',NULL,'25000','20684',41,'2023-09-17 05:57:16','2023-10-08 10:47:33',NULL),(40,758,'2023-09-25','2023-09-30',NULL,40000.00,'STAQ202366923',35200.00,NULL,'12',NULL,'0','35200',50,'2023-09-25 08:48:21',NULL,NULL),(41,477,'2023-10-02','2023-10-10','Remarks:\r\nSTATA UIR- 2900 /pc\r\nSTATA Smart Switch 1G- 2200 /pc\r\nSTATA Smart Switch 2G- 2500 /pc\r\nSTATA Smart Switch 3G- 2900 /pc',362100.00,'STAQ202349655',327100.00,'35000',NULL,NULL,'0','327100',50,'2023-10-02 04:49:54','2023-10-02 04:52:42',NULL),(42,761,'2023-10-02','2023-10-09','..',21400.00,'STAQ202373066',21400.00,NULL,NULL,NULL,'0','21400',50,'2023-10-02 06:45:05',NULL,NULL),(43,762,'2023-10-02','2023-10-10',NULL,260650.00,'STAQ202319346',218650.00,'42000',NULL,NULL,'0','218650',39,'2023-10-02 08:09:32','2023-10-03 04:32:08',NULL),(44,705,'2023-10-04','2023-10-12','Apt-E/04\r\nSmart 1Gang Switch (-3)\r\nX9+ door lock instead of Clutch door lock',96099.00,'STAQ202378421',86489.10,NULL,'10',NULL,'0','86489.1',52,'2023-10-04 09:26:48',NULL,NULL),(45,705,'2023-10-04','2023-10-12',NULL,5750.00,'STAQ202352613',5750.00,NULL,NULL,NULL,'0','5750',52,'2023-10-04 09:31:52',NULL,NULL),(46,705,'2023-10-04','2023-10-12','Apt-D/02\r\nDEDUCTIONS: \r\nX9+ Discount 10% : BDT 2800\r\n2G Switch (-2): BDT 4500\r\n1G Switch (-2): BDT 3960\r\nInstallment (-4): BDT 900',28000.00,'STAQ202388001',15840.00,'12160',NULL,NULL,'0','15840',52,'2023-10-04 10:04:28',NULL,NULL),(47,705,'2023-10-04','2023-10-12','APT D-02',100650.00,'STAQ202380428',90585.00,NULL,'10',NULL,'54360','36225',52,'2023-10-04 10:18:54',NULL,NULL),(48,705,'2023-10-04','2023-10-12','APT E-04',101850.00,'STAQ202321277',91665.00,NULL,'10',NULL,'0','91665',52,'2023-10-04 10:26:02',NULL,NULL),(49,748,'2023-10-05','2023-10-13','APT D-02',90650.00,'STAQ202328786',81585.00,NULL,'10',NULL,'81585','0',52,'2023-10-05 07:20:45','2023-10-18 08:07:46',NULL),(50,748,'2023-10-05','2023-10-13','APT E-04',91850.00,'STAQ202390178',82665.00,NULL,'10',NULL,'0','82665',52,'2023-10-05 07:38:50',NULL,NULL),(51,765,'2023-10-09','2023-10-16',NULL,9850.00,'STAQ202392169',9850.00,NULL,NULL,NULL,'0','9850',50,'2023-10-09 05:48:49',NULL,NULL),(52,699,'2023-10-21','2023-10-28',NULL,259700.00,'STAQ202322791',228536.00,NULL,'12',NULL,'0','228536',50,'2023-10-21 05:22:52',NULL,NULL),(53,777,'2023-10-25','2023-10-01','Delivery charge will be add\r\nInside Dhaka-70 BDT\r\nOutside Dhaka-120 BDT',10896.00,'STAQ202385806',10896.00,NULL,NULL,NULL,'0','10896',50,'2023-10-25 06:46:06',NULL,NULL),(54,778,'2023-10-25','2023-11-09',NULL,170998.00,'STAQ202372442',170998.00,NULL,NULL,NULL,'0','170998',52,'2023-10-25 09:43:33',NULL,NULL),(55,780,'2023-10-26','2023-11-02',NULL,229999.00,'STAQ202337141',229999.00,NULL,NULL,NULL,'0','229999',50,'2023-10-26 08:40:29',NULL,NULL),(56,794,'2023-11-13','2023-11-20',NULL,160000.00,'STAQ202398698',136000.00,NULL,'15',NULL,'0','136000',50,'2023-11-13 10:11:49',NULL,NULL),(57,795,'2023-11-15','2023-11-15',NULL,1365.00,'STAQ202351219',1365.00,NULL,NULL,NULL,'0','1365',54,'2023-11-15 09:48:40',NULL,NULL),(58,794,'2023-11-18','2023-11-25',NULL,250000.00,'STAQ202386940',212500.00,NULL,'15',NULL,'0','212500',50,'2023-11-18 12:03:57',NULL,NULL),(59,794,'2023-11-18','2023-11-25',NULL,209990.00,'STAQ202386045',178491.50,NULL,'15',NULL,'0','178491.5',50,'2023-11-18 12:05:08',NULL,NULL),(60,794,'2023-11-18','2023-11-25',NULL,209990.00,'STAQ202331913',178491.50,NULL,'15',NULL,'0','178491.5',50,'2023-11-18 12:05:47','2023-11-18 12:06:04','2023-11-18 12:06:04'),(61,794,'2023-11-22','2023-11-29',NULL,120000.00,'STAQ202397958',102000.00,NULL,'15',NULL,'0','102000',63,'2023-11-22 06:10:30',NULL,NULL),(62,794,'2023-11-22','2023-11-29',NULL,7500.00,'STAQ202340772',7500.00,NULL,NULL,NULL,'0','7500',63,'2023-11-22 06:12:45',NULL,NULL),(63,648,'2023-11-28','2023-12-05',NULL,52999.00,'STAQ202371701',52999.00,NULL,NULL,NULL,'0','52999',44,'2023-11-28 07:46:57',NULL,NULL),(64,805,'2023-11-30','2023-12-07',NULL,1175300.00,'STAQ202344670',1175300.00,NULL,NULL,NULL,'0','1175300',50,'2023-11-30 09:19:56',NULL,NULL);
/*!40000 ALTER TABLE `quotations` ENABLE KEYS */;
UNLOCK TABLES;

--
-- Table structure for table `requisition_types`
--

DROP TABLE IF EXISTS `requisition_types`;
/*!40101 SET @saved_cs_client     = @@character_set_client */;
/*!50503 SET character_set_client = utf8mb4 */;
CREATE TABLE `requisition_types` (
  `id` bigint unsigned NOT NULL AUTO_INCREMENT,
  `requisitionType` varchar(255) CHARACTER SET utf8mb4 COLLATE utf8mb4_unicode_ci NOT NULL,
  `created_at` timestamp NULL DEFAULT NULL,
  `updated_at` timestamp NULL DEFAULT NULL,
  PRIMARY KEY (`id`)
) ENGINE=InnoDB AUTO_INCREMENT=13 DEFAULT CHARSET=utf8mb4 COLLATE=utf8mb4_unicode_ci;
/*!40101 SET character_set_client = @saved_cs_client */;

--
-- Dumping data for table `requisition_types`
--

LOCK TABLES `requisition_types` WRITE;
/*!40000 ALTER TABLE `requisition_types` DISABLE KEYS */;
INSERT INTO `requisition_types` VALUES (2,'Water Pump','2023-03-28 05:14:52',NULL),(6,'SS Pipe','2023-04-03 07:35:42',NULL),(7,'Pump','2023-04-03 07:36:37',NULL),(8,'Machineries Accessories','2023-06-08 10:58:37',NULL),(9,'Raw Material','2023-06-08 10:58:57',NULL),(10,'Mechanical Accessories','2023-06-08 10:59:38',NULL),(11,'Factory Decoration','2023-06-08 11:13:29',NULL),(12,'Verticle Injection Moulding Machine','2023-06-08 11:14:03',NULL);
/*!40000 ALTER TABLE `requisition_types` ENABLE KEYS */;
UNLOCK TABLES;

--
-- Table structure for table `requisitions`
--

DROP TABLE IF EXISTS `requisitions`;
/*!40101 SET @saved_cs_client     = @@character_set_client */;
/*!50503 SET character_set_client = utf8mb4 */;
CREATE TABLE `requisitions` (
  `id` bigint unsigned NOT NULL AUTO_INCREMENT,
  `requisitionType_id` bigint unsigned NOT NULL,
  `date` date NOT NULL,
  `type` varchar(255) CHARACTER SET utf8mb4 COLLATE utf8mb4_unicode_ci DEFAULT NULL,
  `lo` varchar(255) CHARACTER SET utf8mb4 COLLATE utf8mb4_unicode_ci DEFAULT NULL,
  `location` varchar(255) CHARACTER SET utf8mb4 COLLATE utf8mb4_unicode_ci DEFAULT NULL,
  `amount` bigint DEFAULT NULL,
  `status` varchar(255) CHARACTER SET utf8mb4 COLLATE utf8mb4_unicode_ci NOT NULL,
  `details` text CHARACTER SET utf8mb4 COLLATE utf8mb4_unicode_ci,
  `qty` int DEFAULT NULL,
  `created_at` timestamp NULL DEFAULT NULL,
  `updated_at` timestamp NULL DEFAULT NULL,
  PRIMARY KEY (`id`)
) ENGINE=InnoDB AUTO_INCREMENT=24 DEFAULT CHARSET=utf8mb4 COLLATE=utf8mb4_unicode_ci;
/*!40101 SET character_set_client = @saved_cs_client */;

--
-- Dumping data for table `requisitions`
--

LOCK TABLES `requisitions` WRITE;
/*!40000 ALTER TABLE `requisitions` DISABLE KEYS */;
INSERT INTO `requisitions` VALUES (13,10,'2023-06-08','Emergency','Local Purchase','Head Office',3000,'Unpaid','Mould Holding Clamp 4 Pieces',NULL,'2023-06-08 11:03:48',NULL),(14,8,'2023-06-08','Emergency','Local Purchase','Head Office',700,'Unpaid','Mould Spray 2 Pieces',NULL,'2023-06-08 11:04:48',NULL),(15,10,'2023-06-08','Emergency','Local Purchase','Head Office',400,'Unpaid','Washer 2 KG',NULL,'2023-06-08 11:05:20',NULL),(16,10,'2023-06-08','Emergency','Local Purchase','Head Office',500,'Unpaid','Bolt 4 Pieces',NULL,'2023-06-08 11:05:53',NULL),(17,10,'2023-06-08','Emergency','Local Purchase','Head Office',900,'Unpaid','Allen Key 14 number 2 Pieces',NULL,'2023-06-08 11:06:46',NULL),(18,8,'2023-06-08','Moderate','Local Purchase','Head Office',4000,'Unpaid','Hopper Magnet',NULL,'2023-06-08 11:07:19',NULL),(19,9,'2023-06-08','Moderate','Local Purchase','Head Office',28000,'Unpaid','ABS Resign 25K Bag 4 Pieces',NULL,'2023-06-08 11:08:06',NULL),(20,9,'2023-06-08','Emergency','Local Purchase','Head Office',3000,'Unpaid','Master Batch Black Color',NULL,'2023-06-08 11:08:45',NULL),(21,12,'2023-06-08','Emergency','Local Purchase','Head Office',30000,'Unpaid','Due Payment',NULL,'2023-06-08 11:14:41',NULL),(22,11,'2023-06-08','Emergency','Local Purchase','Head Office',16000,'Unpaid','LED Signboard',NULL,'2023-06-08 11:15:10',NULL),(23,9,'2023-08-07','Emergency','Local Purchase','Head Office',1000,'Unpaid',NULL,1,'2023-08-07 14:12:05',NULL);
/*!40000 ALTER TABLE `requisitions` ENABLE KEYS */;
UNLOCK TABLES;

--
-- Table structure for table `return_product_items`
--

DROP TABLE IF EXISTS `return_product_items`;
/*!40101 SET @saved_cs_client     = @@character_set_client */;
/*!50503 SET character_set_client = utf8mb4 */;
CREATE TABLE `return_product_items` (
  `id` bigint unsigned NOT NULL AUTO_INCREMENT,
  `return_id` bigint unsigned NOT NULL,
  `product_id` bigint unsigned NOT NULL,
  `sold_qty` int NOT NULL,
  `qty` int NOT NULL,
  `created_at` timestamp NULL DEFAULT NULL,
  `updated_at` timestamp NULL DEFAULT NULL,
  PRIMARY KEY (`id`),
  KEY `return_product_items_return_id_foreign` (`return_id`),
  CONSTRAINT `return_product_items_return_id_foreign` FOREIGN KEY (`return_id`) REFERENCES `return_products` (`id`) ON DELETE CASCADE
) ENGINE=InnoDB AUTO_INCREMENT=147 DEFAULT CHARSET=utf8mb4 COLLATE=utf8mb4_unicode_ci;
/*!40101 SET character_set_client = @saved_cs_client */;

--
-- Dumping data for table `return_product_items`
--

LOCK TABLES `return_product_items` WRITE;
/*!40000 ALTER TABLE `return_product_items` DISABLE KEYS */;
INSERT INTO `return_product_items` VALUES (1,3,144,1,1,'2023-08-08 11:52:33','2023-08-08 11:52:33'),(2,3,50,1,1,'2023-08-08 11:52:33','2023-08-08 11:52:33'),(3,3,61,1,1,'2023-08-08 11:52:33','2023-08-08 11:52:33'),(4,4,79,1,1,'2023-08-08 13:31:25','2023-08-08 13:31:25'),(5,5,5,6,6,'2023-10-01 06:01:17','2023-10-01 06:01:17'),(6,5,16,6,6,'2023-10-01 06:01:17','2023-10-01 06:01:17'),(7,6,69,1,1,'2023-10-03 08:47:04','2023-10-03 08:47:04'),(8,6,68,1,1,'2023-10-03 08:47:04','2023-10-03 08:47:04'),(9,6,80,1,1,'2023-10-03 08:47:04','2023-10-03 08:47:04'),(10,6,170,1,1,'2023-10-03 08:47:04','2023-10-03 08:47:04'),(11,7,43,2,2,'2023-10-11 06:09:42','2023-10-11 06:09:42'),(12,8,197,1,1,'2023-10-12 12:20:37','2023-10-12 12:20:37'),(13,9,47,4,4,'2023-10-14 11:28:46','2023-10-14 11:28:46'),(14,9,5,4,4,'2023-10-14 11:28:46','2023-10-14 11:28:46'),(15,9,53,4,4,'2023-10-14 11:28:46','2023-10-14 11:28:46'),(16,9,65,4,4,'2023-10-14 11:28:46','2023-10-14 11:28:46'),(17,10,68,1,1,'2023-10-14 11:30:32','2023-10-14 11:30:32'),(18,10,79,1,1,'2023-10-14 11:30:32','2023-10-14 11:30:32'),(19,11,206,1,1,'2023-10-16 05:29:59','2023-10-16 05:29:59'),(20,12,5,1,1,'2023-10-17 06:09:32','2023-10-17 06:09:32'),(21,12,16,1,1,'2023-10-17 06:09:32','2023-10-17 06:09:32'),(22,13,186,2,1,'2023-10-17 07:30:37','2023-10-17 07:30:37'),(23,14,7,2,2,'2023-10-17 07:34:49','2023-10-17 07:34:49'),(24,14,18,2,2,'2023-10-17 07:34:49','2023-10-17 07:34:49'),(25,14,112,6,6,'2023-10-17 07:34:49','2023-10-17 07:34:49'),(26,15,74,1,1,'2023-10-18 06:50:44','2023-10-18 06:50:44'),(27,15,37,6,6,'2023-10-18 06:50:44','2023-10-18 06:50:44'),(28,15,23,1,1,'2023-10-18 06:50:44','2023-10-18 06:50:44'),(29,15,35,4,4,'2023-10-18 06:50:44','2023-10-18 06:50:44'),(30,15,31,7,7,'2023-10-18 06:50:44','2023-10-18 06:50:44'),(31,15,29,3,3,'2023-10-18 06:50:44','2023-10-18 06:50:44'),(32,15,27,1,1,'2023-10-18 06:50:44','2023-10-18 06:50:44'),(33,16,197,1,1,'2023-10-18 10:25:56','2023-10-18 10:25:56'),(34,17,3,1,1,'2023-10-19 05:40:58','2023-10-19 05:40:58'),(35,17,7,1,1,'2023-10-19 05:40:58','2023-10-19 05:40:58'),(36,18,52,1,1,'2023-10-19 06:55:59','2023-10-19 06:55:59'),(37,18,64,1,1,'2023-10-19 06:55:59','2023-10-19 06:55:59'),(38,18,146,1,1,'2023-10-19 06:55:59','2023-10-19 06:55:59'),(39,18,3,1,1,'2023-10-19 06:55:59','2023-10-19 06:55:59'),(40,18,46,1,1,'2023-10-19 06:55:59','2023-10-19 06:55:59'),(41,19,34,3,1,'2023-10-23 06:50:04','2023-10-23 06:50:04'),(42,20,77,1,1,'2023-10-23 08:26:15','2023-10-23 08:26:15'),(43,20,275,1,1,'2023-10-23 08:26:15','2023-10-23 08:26:15'),(44,21,89,1,1,'2023-10-25 09:56:09','2023-10-25 09:56:09'),(45,22,7,2,2,'2023-10-25 11:08:02','2023-10-25 11:08:02'),(46,22,18,2,2,'2023-10-25 11:08:02','2023-10-25 11:08:02'),(47,22,144,2,2,'2023-10-25 11:08:02','2023-10-25 11:08:02'),(48,22,72,1,1,'2023-10-25 11:08:02','2023-10-25 11:08:02'),(49,22,74,1,1,'2023-10-25 11:08:02','2023-10-25 11:08:02'),(50,23,130,1,1,'2023-10-30 05:28:13','2023-10-30 05:28:13'),(51,23,157,1,1,'2023-10-30 05:28:13','2023-10-30 05:28:13'),(52,23,153,1,1,'2023-10-30 05:28:13','2023-10-30 05:28:13'),(53,24,118,1,1,'2023-11-01 05:27:03','2023-11-01 05:27:03'),(54,25,43,1,1,'2023-11-02 06:26:52','2023-11-02 06:26:52'),(55,25,46,1,1,'2023-11-02 06:26:52','2023-11-02 06:26:52'),(56,25,60,1,1,'2023-11-02 06:26:52','2023-11-02 06:26:52'),(57,25,47,1,1,'2023-11-02 06:26:53','2023-11-02 06:26:53'),(58,25,50,1,1,'2023-11-02 06:26:53','2023-11-02 06:26:53'),(59,25,207,1,1,'2023-11-02 06:26:53','2023-11-02 06:26:53'),(60,25,112,1,1,'2023-11-02 06:26:53','2023-11-02 06:26:53'),(61,26,89,1,1,'2023-11-02 10:14:48','2023-11-02 10:14:48'),(62,27,249,1,1,'2023-11-02 10:33:03','2023-11-02 10:33:03'),(63,28,74,1,1,'2023-11-06 08:40:27','2023-11-06 08:40:27'),(64,28,75,1,1,'2023-11-06 08:40:28','2023-11-06 08:40:28'),(65,29,71,1,1,'2023-11-06 11:36:53','2023-11-06 11:36:53'),(66,29,78,1,1,'2023-11-06 11:36:53','2023-11-06 11:36:53'),(67,30,118,1,1,'2023-11-07 06:16:16','2023-11-07 06:16:16'),(68,31,70,1,1,'2023-11-09 07:21:47','2023-11-09 07:21:47'),(69,32,69,1,1,'2023-11-09 07:22:50','2023-11-09 07:22:50'),(70,32,72,1,1,'2023-11-09 07:22:50','2023-11-09 07:22:50'),(71,32,67,1,1,'2023-11-09 07:22:50','2023-11-09 07:22:50'),(72,33,70,1,1,'2023-11-11 06:59:53','2023-11-11 06:59:53'),(73,34,69,1,1,'2023-11-11 07:00:23','2023-11-11 07:00:23'),(74,34,72,1,1,'2023-11-11 07:00:23','2023-11-11 07:00:23'),(75,34,67,1,1,'2023-11-11 07:00:23','2023-11-11 07:00:23'),(76,35,203,4,4,'2023-11-11 07:00:46','2023-11-11 07:00:46'),(77,36,61,1,1,'2023-11-11 12:08:49','2023-11-11 12:08:49'),(78,36,340,1,1,'2023-11-11 12:08:49','2023-11-11 12:08:49'),(79,36,111,8,8,'2023-11-11 12:08:49','2023-11-11 12:08:49'),(80,36,114,2,2,'2023-11-11 12:08:49','2023-11-11 12:08:49'),(81,36,105,1,1,'2023-11-11 12:08:49','2023-11-11 12:08:49'),(82,36,37,1,1,'2023-11-11 12:08:49','2023-11-11 12:08:49'),(83,36,152,1,1,'2023-11-11 12:08:49','2023-11-11 12:08:49'),(84,37,274,31,31,'2023-11-12 11:22:40','2023-11-12 11:22:40'),(85,38,1,1,1,'2023-11-13 10:51:02','2023-11-13 10:51:02'),(86,38,12,1,1,'2023-11-13 10:51:02','2023-11-13 10:51:02'),(87,38,25,2,2,'2023-11-13 10:51:02','2023-11-13 10:51:02'),(88,38,208,2,2,'2023-11-13 10:51:02','2023-11-13 10:51:02'),(89,39,55,3,3,'2023-11-14 06:02:54','2023-11-14 06:02:54'),(90,39,43,3,3,'2023-11-14 06:02:54','2023-11-14 06:02:54'),(91,39,3,3,3,'2023-11-14 06:02:54','2023-11-14 06:02:54'),(92,39,13,3,3,'2023-11-14 06:02:54','2023-11-14 06:02:54'),(93,39,5,1,1,'2023-11-14 06:02:54','2023-11-14 06:02:54'),(94,39,15,1,1,'2023-11-14 06:02:54','2023-11-14 06:02:54'),(95,39,66,1,1,'2023-11-14 06:02:54','2023-11-14 06:02:54'),(96,39,53,1,1,'2023-11-14 06:02:54','2023-11-14 06:02:54'),(97,39,111,4,4,'2023-11-14 06:02:54','2023-11-14 06:02:54'),(98,40,77,2,2,'2023-11-14 13:46:23','2023-11-14 13:46:23'),(99,41,3,1,1,'2023-11-15 05:14:01','2023-11-15 05:14:01'),(100,41,45,1,1,'2023-11-15 05:14:01','2023-11-15 05:14:01'),(101,42,43,3,2,'2023-11-15 05:15:44','2023-11-15 05:15:44'),(102,43,56,3,1,'2023-11-15 09:32:49','2023-11-15 09:32:49'),(103,43,44,3,1,'2023-11-15 09:32:49','2023-11-15 09:32:49'),(104,43,5,8,1,'2023-11-15 09:32:49','2023-11-15 09:32:49'),(105,43,16,8,1,'2023-11-15 09:32:49','2023-11-15 09:32:49'),(106,44,58,5,5,'2023-11-15 11:52:24','2023-11-15 11:52:24'),(107,44,45,5,5,'2023-11-15 11:52:24','2023-11-15 11:52:24'),(108,44,5,21,21,'2023-11-15 11:52:24','2023-11-15 11:52:24'),(109,44,47,10,10,'2023-11-15 11:52:24','2023-11-15 11:52:24'),(110,44,61,13,13,'2023-11-15 11:52:24','2023-11-15 11:52:24'),(111,44,49,13,13,'2023-11-15 11:52:24','2023-11-15 11:52:24'),(112,45,75,1,1,'2023-11-15 17:54:29','2023-11-15 17:54:29'),(113,46,148,20,3,'2023-11-18 06:58:52','2023-11-18 06:58:52'),(114,47,348,1,1,'2023-11-22 06:00:48','2023-11-22 06:00:48'),(115,48,348,1,1,'2023-11-22 06:01:20','2023-11-22 06:01:20'),(116,49,348,1,1,'2023-11-22 06:01:46','2023-11-22 06:01:46'),(117,50,348,1,1,'2023-11-22 06:01:52','2023-11-22 06:01:52'),(118,51,348,1,1,'2023-11-22 06:02:04','2023-11-22 06:02:04'),(119,51,349,1,1,'2023-11-22 06:02:04','2023-11-22 06:02:04'),(120,52,84,2,2,'2023-11-22 06:06:40','2023-11-22 06:06:40'),(121,53,131,1,1,'2023-11-22 07:01:26','2023-11-22 07:01:26'),(122,54,69,1,1,'2023-11-22 11:32:34','2023-11-22 11:32:34'),(123,55,44,1,1,'2023-11-23 05:12:38','2023-11-23 05:12:38'),(124,55,1,1,1,'2023-11-23 05:12:38','2023-11-23 05:12:38'),(125,56,75,1,1,'2023-11-23 05:17:11','2023-11-23 05:17:11'),(126,57,349,1,1,'2023-11-27 05:54:35','2023-11-27 05:54:35'),(127,58,148,12,12,'2023-11-27 06:38:41','2023-11-27 06:38:41'),(128,59,148,12,12,'2023-11-27 06:39:29','2023-11-27 06:39:29'),(129,60,148,12,12,'2023-11-27 06:39:54','2023-11-27 06:39:54'),(130,61,275,1,1,'2023-11-28 05:51:20','2023-11-28 05:51:20'),(131,61,249,1,1,'2023-11-28 05:51:20','2023-11-28 05:51:20'),(132,62,67,1,1,'2023-11-29 06:39:15','2023-11-29 06:39:15'),(133,63,12,1,1,'2023-11-29 10:28:47','2023-11-29 10:28:47'),(134,63,1,1,1,'2023-11-29 10:28:47','2023-11-29 10:28:47'),(135,64,41,1,1,'2023-11-30 10:40:44','2023-11-30 10:40:44'),(136,65,67,1,1,'2023-12-02 10:21:45','2023-12-02 10:21:45'),(137,66,203,1,1,'2023-12-03 11:23:38','2023-12-03 11:23:38'),(138,67,77,1,1,'2023-12-03 11:24:02','2023-12-03 11:24:02'),(139,68,76,1,1,'2023-12-03 11:24:41','2023-12-03 11:24:41'),(140,68,79,1,1,'2023-12-03 11:24:41','2023-12-03 11:24:41'),(141,69,129,1,1,'2023-12-04 11:23:37','2023-12-04 11:23:37'),(142,69,160,1,1,'2023-12-04 11:23:37','2023-12-04 11:23:37'),(143,70,129,1,1,'2023-12-04 11:23:46','2023-12-04 11:23:46'),(144,70,160,1,1,'2023-12-04 11:23:46','2023-12-04 11:23:46'),(145,71,133,2,1,'2023-12-04 11:25:02','2023-12-04 11:25:02'),(146,71,131,1,1,'2023-12-04 11:25:02','2023-12-04 11:25:02');
/*!40000 ALTER TABLE `return_product_items` ENABLE KEYS */;
UNLOCK TABLES;

--
-- Table structure for table `return_products`
--

DROP TABLE IF EXISTS `return_products`;
/*!40101 SET @saved_cs_client     = @@character_set_client */;
/*!50503 SET character_set_client = utf8mb4 */;
CREATE TABLE `return_products` (
  `id` bigint unsigned NOT NULL AUTO_INCREMENT,
  `customer_id` bigint unsigned NOT NULL,
  `return_date` date NOT NULL,
  `return_number` varchar(255) CHARACTER SET utf8mb4 COLLATE utf8mb4_unicode_ci NOT NULL,
  `details` text CHARACTER SET utf8mb4 COLLATE utf8mb4_unicode_ci,
  `user_id` bigint unsigned NOT NULL,
  `chalan_id` bigint unsigned NOT NULL,
  `created_at` timestamp NULL DEFAULT NULL,
  `updated_at` timestamp NULL DEFAULT NULL,
  PRIMARY KEY (`id`)
) ENGINE=InnoDB AUTO_INCREMENT=72 DEFAULT CHARSET=utf8mb4 COLLATE=utf8mb4_unicode_ci;
/*!40101 SET character_set_client = @saved_cs_client */;

--
-- Dumping data for table `return_products`
--

LOCK TABLES `return_products` WRITE;
/*!40000 ALTER TABLE `return_products` DISABLE KEYS */;
INSERT INTO `return_products` VALUES (1,734,'2023-08-07','STAR202374044',NULL,52,22,'2023-08-07 11:38:24',NULL),(2,734,'2023-08-07','STAR202396926',NULL,52,22,'2023-08-07 11:38:37',NULL),(3,735,'2023-08-08','STAR202339758',NULL,52,24,'2023-08-08 11:52:33',NULL),(4,81,'2023-08-08','STAR202313301',NULL,52,23,'2023-08-08 13:31:25',NULL),(5,340,'2023-09-30','STAR202352190',NULL,52,57,'2023-10-01 06:01:17',NULL),(6,763,'2023-10-03','STAR202323093','It will be return today.',1,64,'2023-10-03 08:47:04',NULL),(7,766,'2023-10-10','STAR202313544',NULL,52,71,'2023-10-11 06:09:42',NULL),(8,771,'2023-10-12','STAR202360216','Shoot',52,81,'2023-10-12 12:20:37',NULL),(9,340,'2023-10-14','STAR202326084',NULL,52,89,'2023-10-14 11:28:46',NULL),(10,651,'2023-10-14','STAR202347051',NULL,52,85,'2023-10-14 11:30:32',NULL),(11,771,'2023-10-14','STAR202312792',NULL,52,88,'2023-10-16 05:29:59',NULL),(12,772,'2023-10-14','STAR202374941',NULL,52,92,'2023-10-17 06:09:32',NULL),(13,773,'2023-10-16','STAR202322888',NULL,52,98,'2023-10-17 07:30:37',NULL),(14,651,'2023-10-14','STAR202351568',NULL,52,83,'2023-10-17 07:34:49',NULL),(15,770,'2023-10-12','STAR202330945','APT D-02',52,79,'2023-10-18 06:50:44',NULL),(16,598,'2023-10-09','STAR202327490',NULL,52,70,'2023-10-18 10:25:56',NULL),(17,771,'2023-10-18','STAR202368131',NULL,1,104,'2023-10-19 05:40:58',NULL),(18,771,'2023-10-19','STAR202370673',NULL,52,107,'2023-10-19 06:55:59',NULL),(19,631,'2023-10-22','STAR202396095',NULL,52,111,'2023-10-23 06:50:04',NULL),(20,672,'2023-10-14','STAR202321388',NULL,52,90,'2023-10-23 08:26:15',NULL),(21,363,'2023-10-25','STAR202338693',NULL,52,120,'2023-10-25 09:56:09',NULL),(22,363,'2023-10-25','STAR202380213',NULL,52,122,'2023-10-25 11:08:02',NULL),(23,617,'2023-10-30','STAR202311426',NULL,52,124,'2023-10-30 05:28:13',NULL),(24,764,'2023-10-30','STAR202388937',NULL,1,129,'2023-11-01 05:27:03',NULL),(25,768,'2023-11-02','STAR202311955',NULL,1,140,'2023-11-02 06:26:52',NULL),(26,713,'2023-11-02','STAR202373846',NULL,52,141,'2023-11-02 10:14:48',NULL),(27,121,'2023-11-01','STAR202365254',NULL,52,137,'2023-11-02 10:33:03',NULL),(28,363,'2023-11-06','STAR202371394',NULL,1,148,'2023-11-06 08:40:27',NULL),(29,771,'2023-11-06','STAR202340504',NULL,54,150,'2023-11-06 11:36:53',NULL),(30,616,'2023-11-06','STAR202343135',NULL,52,146,'2023-11-07 06:16:16',NULL),(31,771,'2023-11-08','STAR202353390',NULL,52,155,'2023-11-09 07:21:47',NULL),(32,771,'2023-11-08','STAR202356767',NULL,52,154,'2023-11-09 07:22:50',NULL),(33,771,'2023-11-08','STAR202393755',NULL,52,155,'2023-11-11 06:59:53',NULL),(34,771,'2023-11-08','STAR202310984',NULL,52,154,'2023-11-11 07:00:23',NULL),(35,787,'2023-11-08','STAR202337091',NULL,52,157,'2023-11-11 07:00:46',NULL),(36,791,'2023-11-11','STAR202397864',NULL,54,166,'2023-11-11 12:08:49',NULL),(37,352,'2023-11-12','STAR202378760',NULL,52,171,'2023-11-12 11:22:40',NULL),(38,793,'2023-11-13','STAR202314944',NULL,54,173,'2023-11-13 10:51:02',NULL),(39,81,'2023-11-14','STAR202354002',NULL,1,179,'2023-11-14 06:02:54',NULL),(40,352,'2023-11-15','STAR202387763',NULL,52,182,'2023-11-14 13:46:23',NULL),(41,742,'2023-11-12','STAR202381999',NULL,52,169,'2023-11-15 05:14:01',NULL),(42,81,'2023-11-14','STAR202317656',NULL,52,180,'2023-11-15 05:15:44',NULL),(43,774,'2023-10-17','STAR202390551',NULL,54,102,'2023-11-15 09:32:49',NULL),(44,583,'2023-11-12','STAR202368313',NULL,52,172,'2023-11-15 11:52:24',NULL),(45,796,'2023-11-15','STAR202351738',NULL,54,187,'2023-11-15 17:54:29',NULL),(46,651,'2023-10-14','STAR202364451',NULL,54,82,'2023-11-18 06:58:52',NULL),(47,771,'2023-11-22','STAR202365124',NULL,52,200,'2023-11-22 06:00:48',NULL),(48,771,'2023-11-22','STAR202368049',NULL,52,200,'2023-11-22 06:01:20',NULL),(49,771,'2023-11-22','STAR202319467',NULL,52,200,'2023-11-22 06:01:46',NULL),(50,771,'2023-11-22','STAR202320561',NULL,52,200,'2023-11-22 06:01:52',NULL),(51,771,'2023-11-22','STAR202384978',NULL,52,200,'2023-11-22 06:02:04',NULL),(52,756,'2023-11-20','STAR202364707',NULL,52,196,'2023-11-22 06:06:40',NULL),(53,616,'2023-11-22','STAR202352531',NULL,52,203,'2023-11-22 07:01:26',NULL),(54,719,'2023-11-22','STAR202311091',NULL,52,204,'2023-11-22 11:32:34',NULL),(55,759,'2023-11-22','STAR202393819',NULL,52,202,'2023-11-23 05:12:38',NULL),(56,799,'2023-11-22','STAR202382099',NULL,52,208,'2023-11-23 05:17:11',NULL),(57,771,'2023-11-27','STAR202348831',NULL,52,213,'2023-11-27 05:54:35',NULL),(58,340,'2023-11-20','STAR202385813',NULL,52,199,'2023-11-27 06:38:41',NULL),(59,340,'2023-11-20','STAR202340351',NULL,52,199,'2023-11-27 06:39:29',NULL),(60,340,'2023-11-20','STAR202323832',NULL,52,199,'2023-11-27 06:39:54',NULL),(61,616,'2023-11-06','STAR202310887',NULL,52,147,'2023-11-28 05:51:20',NULL),(62,317,'2023-11-28','STAR202381490',NULL,52,219,'2023-11-29 06:39:15',NULL),(63,759,'2023-11-23','STAR202348777',NULL,52,211,'2023-11-29 10:28:47',NULL),(64,746,'2023-11-29','STAR202353398',NULL,52,221,'2023-11-30 10:40:44',NULL),(65,789,'2023-11-09','STAR202325588',NULL,52,159,'2023-12-02 10:21:45',NULL),(66,618,'2023-12-03','STAR202395853',NULL,52,234,'2023-12-03 11:23:38',NULL),(67,618,'2023-12-03','STAR202371589',NULL,52,233,'2023-12-03 11:24:02',NULL),(68,738,'2023-11-02','STAR202380977',NULL,52,143,'2023-12-03 11:24:41',NULL),(69,802,'2023-12-04','STAR202371019',NULL,52,238,'2023-12-04 11:23:37',NULL),(70,802,'2023-12-04','STAR202351367',NULL,52,238,'2023-12-04 11:23:46',NULL),(71,802,'2023-11-28','STAR202332285',NULL,52,216,'2023-12-04 11:25:02',NULL);
/*!40000 ALTER TABLE `return_products` ENABLE KEYS */;
UNLOCK TABLES;

--
-- Table structure for table `salaries`
--

DROP TABLE IF EXISTS `salaries`;
/*!40101 SET @saved_cs_client     = @@character_set_client */;
/*!50503 SET character_set_client = utf8mb4 */;
CREATE TABLE `salaries` (
  `id` bigint unsigned NOT NULL AUTO_INCREMENT,
  `created_at` timestamp NULL DEFAULT NULL,
  `updated_at` timestamp NULL DEFAULT NULL,
  PRIMARY KEY (`id`)
) ENGINE=InnoDB DEFAULT CHARSET=utf8mb4 COLLATE=utf8mb4_unicode_ci;
/*!40101 SET character_set_client = @saved_cs_client */;

--
-- Dumping data for table `salaries`
--

LOCK TABLES `salaries` WRITE;
/*!40000 ALTER TABLE `salaries` DISABLE KEYS */;
/*!40000 ALTER TABLE `salaries` ENABLE KEYS */;
UNLOCK TABLES;

--
-- Table structure for table `sales`
--

DROP TABLE IF EXISTS `sales`;
/*!40101 SET @saved_cs_client     = @@character_set_client */;
/*!50503 SET character_set_client = utf8mb4 */;
CREATE TABLE `sales` (
  `id` bigint unsigned NOT NULL AUTO_INCREMENT,
  `customer_id` bigint unsigned NOT NULL,
  `sale_date` date NOT NULL,
  `details` text CHARACTER SET utf8mb4 COLLATE utf8mb4_unicode_ci,
  `invoice` varchar(20) CHARACTER SET utf8mb4 COLLATE utf8mb4_unicode_ci DEFAULT NULL,
  `pInvoice` varchar(20) CHARACTER SET utf8mb4 COLLATE utf8mb4_unicode_ci DEFAULT NULL,
  `sub_total` bigint NOT NULL,
  `grand_total` bigint NOT NULL,
  `discount_flat` varchar(255) CHARACTER SET utf8mb4 COLLATE utf8mb4_unicode_ci DEFAULT NULL,
  `discount_per` varchar(255) CHARACTER SET utf8mb4 COLLATE utf8mb4_unicode_ci DEFAULT NULL,
  `total_vat` varchar(255) CHARACTER SET utf8mb4 COLLATE utf8mb4_unicode_ci DEFAULT NULL,
  `p_paid_amount` varchar(255) CHARACTER SET utf8mb4 COLLATE utf8mb4_unicode_ci NOT NULL,
  `due_amount` varchar(255) CHARACTER SET utf8mb4 COLLATE utf8mb4_unicode_ci NOT NULL,
  `user_id` int DEFAULT NULL,
  `active_inactive` int DEFAULT '1',
  `created_at` timestamp NULL DEFAULT NULL,
  `updated_at` timestamp NULL DEFAULT NULL,
  `sale_due_amount` int DEFAULT NULL,
  PRIMARY KEY (`id`)
) ENGINE=InnoDB AUTO_INCREMENT=711 DEFAULT CHARSET=utf8mb4 COLLATE=utf8mb4_unicode_ci;
/*!40101 SET character_set_client = @saved_cs_client */;

--
-- Dumping data for table `sales`
--

LOCK TABLES `sales` WRITE;
/*!40000 ALTER TABLE `sales` DISABLE KEYS */;
INSERT INTO `sales` VALUES (63,340,'2020-01-06',NULL,'STA202391097','G-0009',3400,2380,NULL,'30',NULL,'2380','0',50,1,'2023-06-05 16:22:42',NULL,NULL),(64,566,'2020-06-09',NULL,'STA202337815','G-00123',23000,22700,'300',NULL,NULL,'22700','0',50,1,'2023-06-05 16:25:16',NULL,NULL),(65,587,'2021-08-18',NULL,'STA202325428','2010160059',2900,2900,NULL,NULL,NULL,'2900','0',41,1,'2023-06-05 16:27:41',NULL,NULL),(66,597,'2020-06-06',NULL,'STA202379240','STAT-116',2900,2900,NULL,NULL,NULL,'2900','0',43,1,'2023-06-05 16:33:40',NULL,NULL),(67,569,'2020-07-07',NULL,'STA202329346','STAT-135',4600,4600,NULL,NULL,NULL,'4600','0',42,1,'2023-06-05 16:34:13',NULL,NULL),(68,25,'2020-01-20',NULL,'STA202312738','G-00013',16000,16000,NULL,NULL,NULL,'16000','0',44,1,'2023-06-05 16:35:55',NULL,NULL),(69,560,'2020-07-07',NULL,'STA202378262','STAT-138',5000,5000,NULL,NULL,NULL,'5000','0',42,1,'2023-06-05 16:38:44',NULL,NULL),(70,541,'2020-01-04','No contact Info.','STA202313674','G-0007',8700,6090,NULL,'30',NULL,'6090','0',43,1,'2023-06-05 16:38:56',NULL,NULL),(71,125,'2020-04-07',NULL,'STA202314361','Stat-134',5800,5000,'800',NULL,NULL,'5000','0',46,1,'2023-06-05 16:39:48',NULL,NULL),(72,43,'2020-07-10',NULL,'STA202382488','STAT-142',2900,2900,'500',NULL,NULL,'2900','0',42,1,'2023-06-05 16:41:03',NULL,NULL),(73,65,'2020-01-20',NULL,'STA202387892','G00014',18000,18000,NULL,NULL,NULL,'18000','0',44,1,'2023-06-05 16:41:13',NULL,NULL),(74,536,'2020-01-09','No contact details.','STA202338839','G-00011',25500,20000,'5500',NULL,NULL,'20000','0',43,1,'2023-06-05 16:41:52',NULL,NULL),(75,606,'2020-06-16',NULL,'STA202340778','STAT-127',5860,5860,NULL,NULL,NULL,'5860','0',50,1,'2023-06-05 16:43:29',NULL,NULL),(76,113,'2020-02-06',NULL,'STA202362935','G-00015',2900,2900,NULL,NULL,NULL,'2900','0',44,1,'2023-06-05 16:44:16',NULL,NULL),(77,69,'2020-01-20',NULL,'STA202327580','G-00012',16000,16000,NULL,NULL,NULL,'16000','0',43,1,'2023-06-05 16:44:17',NULL,NULL),(78,76,'2020-11-19',NULL,'STA202364637','2010160060',6000,5000,'1000',NULL,NULL,'5000','0',43,1,'2023-06-05 16:46:02',NULL,NULL),(79,81,'2021-01-30','4 gang switch us switch','STA202324767','2010160153',7100,6400,'700',NULL,NULL,'6400','0',41,1,'2023-06-05 16:46:30',NULL,NULL),(80,546,'2020-06-13',NULL,'STA202391925','STAT130',5950,5055,'895',NULL,NULL,'5055','0',50,1,'2023-06-05 16:47:07',NULL,NULL),(81,35,'2021-05-04',NULL,'STA202375903','2010160230',9050,8300,'750',NULL,NULL,'8300','0',42,1,'2023-06-05 16:47:29',NULL,NULL),(82,40,'2020-11-17',NULL,'STA202342465','2010160053',23000,20500,'2500',NULL,NULL,'20500','0',43,1,'2023-06-05 16:47:44',NULL,NULL),(83,106,'2020-05-07',NULL,'STA202339557','Stat-135',28400,28400,NULL,NULL,NULL,'28400','0',46,1,'2023-06-05 16:47:52',NULL,NULL),(84,250,'2020-11-30',NULL,'STA202344997','2010160072',3060,3000,'60',NULL,NULL,'3000','0',50,1,'2023-06-05 16:48:45',NULL,NULL),(85,138,'2020-11-07',NULL,'STA202323256','2010160039',23000,20500,'2500',NULL,NULL,'20500','0',43,1,'2023-06-05 16:48:58',NULL,NULL),(86,243,'2020-02-09',NULL,'STA202338219','G-00016',5800,5800,NULL,'30',NULL,'4000','1800',44,1,'2023-06-05 16:49:35',NULL,NULL),(87,45,'2020-12-13',NULL,'STA202389941','2010160085',27999,24360,'3639',NULL,NULL,'24360','0',41,1,'2023-06-05 16:49:57',NULL,NULL),(88,95,'2020-07-07',NULL,'STA202311317','STAT-137',1590,1590,NULL,NULL,NULL,'1590','0',50,1,'2023-06-05 16:50:17',NULL,NULL),(89,523,'2020-02-15',NULL,'STA202359239','G-0001',1700,1190,NULL,'30',NULL,'1190','0',44,1,'2023-06-05 16:51:46',NULL,NULL),(90,261,'2020-07-08',NULL,'STA202392123','Stat-139',1700,1700,NULL,NULL,NULL,'1700','0',46,1,'2023-06-05 16:52:37',NULL,NULL),(91,630,'2021-07-18',NULL,'STA202386602','2010160437',2900,2900,NULL,NULL,NULL,'2900','0',42,1,'2023-06-05 16:53:01',NULL,NULL),(92,181,'2021-01-13',NULL,'STA202340757','2010160127',13500,12100,'1400',NULL,NULL,'12100','0',41,1,'2023-06-05 16:53:40',NULL,NULL),(93,131,'2020-02-19',NULL,'STA202318560','G-00014',2960,2960,NULL,NULL,NULL,'2960','0',44,1,'2023-06-05 16:54:31',NULL,NULL),(94,381,'2020-09-08',NULL,'STA202397254','STAT-151',19910,19910,NULL,NULL,NULL,'19910','0',50,1,'2023-06-05 16:55:09',NULL,NULL),(95,228,'2020-07-21',NULL,'STA202344369','Stat-143',5800,5800,NULL,NULL,NULL,'5800','0',46,1,'2023-06-05 16:56:19',NULL,NULL),(96,258,'2020-06-06',NULL,'STA202369966','STAT 118',2900,2900,NULL,NULL,NULL,'2900','0',42,1,'2023-06-05 16:56:22',NULL,NULL),(97,666,'2020-02-20',NULL,'STA202361173','G-00019',23500,16450,NULL,'30',NULL,'16450','0',44,1,'2023-06-05 16:56:30',NULL,NULL),(98,270,'2020-11-30',NULL,'STA202332844','2010160073',6800,5780,'1020',NULL,NULL,'5780','0',41,1,'2023-06-05 16:56:55',NULL,NULL),(99,24,'2020-03-08',NULL,'STA202377757','G-00021',20000,20000,NULL,NULL,NULL,'20000','0',44,1,'2023-06-05 16:59:07',NULL,NULL),(100,540,'2019-12-29','No contact Details.','STA202350583','G-0006',57900,50900,'7000',NULL,NULL,'50900','0',43,1,'2023-06-05 16:59:45',NULL,NULL),(101,519,'2020-07-23',NULL,'STA202322877','Stat-146',1700,1200,'500',NULL,NULL,'1200','0',46,1,'2023-06-05 17:01:39',NULL,NULL),(102,81,'2021-01-03',NULL,'STA202334320','2010160118',52400,47160,'5240',NULL,NULL,'47160','0',43,1,'2023-06-05 17:02:50',NULL,NULL),(103,570,'2020-09-19',NULL,'STA202334543','STAT 173',25000,25000,NULL,NULL,NULL,'25000','0',41,1,'2023-06-05 17:02:53',NULL,NULL),(104,93,'2021-04-18',NULL,'STA202399276','2010160247',3000,3000,NULL,NULL,NULL,'3000','0',44,1,'2023-06-05 17:03:26',NULL,NULL),(105,527,'2020-09-20',NULL,'STA202356547','STAT-176',2900,2900,NULL,NULL,NULL,'2900','0',50,1,'2023-06-05 17:03:28',NULL,NULL),(106,33,'2020-12-20',NULL,'STA202393437','2010160091',25900,22500,'3400',NULL,NULL,'22500','0',43,1,'2023-06-05 17:04:09',NULL,NULL),(107,531,'2020-09-06',NULL,'STA202384814','STAT-125',2900,2900,NULL,NULL,NULL,'2900','0',43,1,'2023-06-05 17:05:20',NULL,NULL),(108,589,'2020-07-24',NULL,'STA202396594','Stat-147',2900,2400,'500',NULL,NULL,'2400','0',46,1,'2023-06-05 17:05:22',NULL,NULL),(109,576,'2021-04-06',NULL,'STA202388991','2010160232',11730,10570,'1160',NULL,NULL,'10570','0',42,1,'2023-06-05 17:05:48',NULL,NULL),(110,171,'2020-09-18',NULL,'STA202325502','STAT 174',23200,23200,NULL,NULL,NULL,'23200','0',41,1,'2023-06-05 17:06:19',NULL,NULL),(111,160,'2020-04-07',NULL,'STA202338930','G-00139',7940,7940,NULL,NULL,NULL,'7940','0',50,1,'2023-06-05 17:06:29',NULL,NULL),(112,606,'2020-06-29',NULL,'STA202383644','Stat-133',1700,1700,NULL,NULL,NULL,'1700','0',46,1,'2023-06-05 17:10:15',NULL,NULL),(113,81,'2021-01-13',NULL,'STA202332553','2010160128',29100,24444,NULL,'16',NULL,'24400','44',44,1,'2023-06-05 17:11:42',NULL,NULL),(114,93,'2021-04-11',NULL,'STA202353336','2010160242',2900,2900,NULL,NULL,NULL,'2900','0',42,1,'2023-06-05 17:11:52',NULL,NULL),(115,607,'2020-08-10',NULL,'STA202370664','Stat-152',1700,1700,NULL,NULL,NULL,'1700','0',46,1,'2023-06-05 17:12:11',NULL,NULL),(116,262,'2021-03-31',NULL,'STA202339381','2010160224',1950,1950,NULL,NULL,NULL,'1950','0',42,1,'2023-06-05 17:13:26',NULL,NULL),(117,232,'2020-06-13',NULL,'STA202364106','Stat-126',2900,2900,NULL,NULL,NULL,'2900','0',46,1,'2023-06-05 17:14:29',NULL,NULL),(118,30,'2020-10-21',NULL,'STA202362640','2010160029',5800,5800,NULL,NULL,NULL,'5800','0',44,1,'2023-06-05 17:14:39',NULL,NULL),(119,92,'2021-04-03',NULL,'STA202336204','2010160229',2210,2210,NULL,NULL,NULL,'2210','0',42,1,'2023-06-05 17:16:07',NULL,NULL),(120,68,'2021-01-14',NULL,'STA202358833','2010160129',5800,5800,NULL,NULL,NULL,'5800','0',44,1,'2023-06-05 17:17:55',NULL,NULL),(121,181,'2021-04-10',NULL,'STA202336923','2010160239',13800,12300,'1500',NULL,NULL,'12300','0',42,1,'2023-06-05 17:19:35',NULL,NULL),(122,173,'2020-10-13',NULL,'STA202320818','STAT 188',1950,1950,NULL,NULL,NULL,'1950','0',44,1,'2023-06-05 17:19:42',NULL,NULL),(123,340,'2020-09-13',NULL,'STA202384141','STAT 167',5800,5800,NULL,NULL,NULL,'5800','0',44,1,'2023-06-05 17:21:41',NULL,NULL),(124,85,'2020-09-13',NULL,'STA202384607','STAT 168',12300,12300,NULL,NULL,NULL,'12300','0',44,1,'2023-06-05 17:24:08',NULL,NULL),(125,52,'2022-06-01',NULL,'STA202311285','1547',580,580,NULL,NULL,NULL,'580','0',41,1,'2023-06-06 10:59:28',NULL,NULL),(127,583,'2022-01-20',NULL,'STA202318582','1439',2200,1870,NULL,'15',NULL,'1870','0',51,1,'2023-06-06 11:01:11',NULL,NULL),(128,448,'2022-07-20',NULL,'STA202352463','1588',33800,27040,'6760',NULL,NULL,'27013','27',41,1,'2023-06-06 11:05:12',NULL,NULL),(129,501,'2022-09-26',NULL,'STA202372234','1644',52999,46999,'6000',NULL,NULL,'46999','0',43,1,'2023-06-06 11:06:02',NULL,NULL),(130,335,'2021-01-11',NULL,'STA202350059','2010160122',7950,7950,NULL,NULL,NULL,'7950','0',44,1,'2023-06-06 11:06:19',NULL,NULL),(131,583,'2022-09-18',NULL,'STA202313859','1657',22000,18260,'3740',NULL,NULL,'18260','0',43,1,'2023-06-06 11:08:27',NULL,NULL),(132,583,'2021-12-22',NULL,'STA202313610','1417',15300,13005,'2295',NULL,NULL,'13005','0',53,1,'2023-06-06 11:09:20',NULL,NULL),(133,447,'2022-07-19',NULL,'STA202345971','1587',18800,16920,NULL,'10',NULL,'16920','0',41,1,'2023-06-06 11:10:13',NULL,NULL),(134,583,'2021-12-23',NULL,'STA202374493','1418',2900,2465,NULL,'15',NULL,'2465','0',53,1,'2023-06-06 11:10:56',NULL,NULL),(135,496,'2022-09-24',NULL,'STA202347457','1642',7600,7200,'400',NULL,NULL,'7200','0',49,1,'2023-06-06 11:14:11',NULL,NULL),(136,628,'2022-10-24',NULL,'STA202389455','1687',19799,19799,NULL,NULL,NULL,'19799','0',50,1,'2023-06-06 11:15:30',NULL,NULL),(137,17,'2021-01-09',NULL,'STA202377674','2010160120',3400,3260,'140',NULL,NULL,'3260','0',44,1,'2023-06-06 11:15:58',NULL,NULL),(138,445,'2022-07-19',NULL,'STA202317388','1583',3210,2630,'580',NULL,NULL,'2630','0',41,1,'2023-06-06 11:16:28',NULL,NULL),(139,340,'2023-02-19',NULL,'STA202364219','1785',98200,73500,'24700',NULL,NULL,'73500','0',43,1,'2023-06-06 11:17:03',NULL,NULL),(140,480,'2022-10-24',NULL,'STA202374653','1686',29499,25580,'3919',NULL,NULL,'25580','0',50,1,'2023-06-06 11:18:44',NULL,NULL),(141,294,'2021-10-23',NULL,'STA202326497','1361',29499,26699,'2800',NULL,NULL,'26699','0',53,1,'2023-06-06 11:20:44',NULL,NULL),(142,579,'2021-04-06',NULL,'STA202369658','20101602333',117900,97857,'20043',NULL,NULL,'97857','0',44,1,'2023-06-06 11:21:04',NULL,NULL),(143,467,'2022-09-27',NULL,'STA202389428','1649',1000,700,'300',NULL,NULL,'700','0',43,1,'2023-06-06 11:21:13',NULL,NULL),(144,598,'2022-01-22',NULL,'STA202377590','1441',17600,14960,NULL,'15',NULL,'14960','0',51,1,'2023-06-06 11:21:23',NULL,NULL),(145,296,'2021-10-25',NULL,'STA202348309','1364',11999,11999,NULL,NULL,NULL,'11999','0',53,1,'2023-06-06 11:22:23',NULL,NULL),(147,444,'2022-07-19',NULL,'STA202340469','1582',6700,5360,NULL,'20',NULL,'5360','0',41,1,'2023-06-06 11:23:27',NULL,NULL),(148,296,'2021-10-28',NULL,'STA202356846','1370',27999,25199,'2800',NULL,NULL,'25199','0',53,1,'2023-06-06 11:23:51',NULL,NULL),(149,169,'2021-10-29',NULL,'STA202350240','1371',11999,11999,NULL,NULL,NULL,'11999','0',53,1,'2023-06-06 11:25:05',NULL,NULL),(150,492,'2022-09-20',NULL,'STA202367290','1639',7600,6030,'1570',NULL,NULL,'6030','0',49,1,'2023-06-06 11:25:14',NULL,NULL),(151,498,'2022-09-25',NULL,'STA202310761','1651',14850,14500,'350',NULL,NULL,'14500','0',43,1,'2023-06-06 11:26:10',NULL,NULL),(153,296,'2022-07-06',NULL,'STA202359699','1581',9100,9100,NULL,NULL,NULL,'9100','0',41,1,'2023-06-06 11:26:31',NULL,NULL),(154,296,'2021-11-02',NULL,'STA202326773','1375',27999,27999,NULL,NULL,NULL,'27999','0',53,1,'2023-06-06 11:27:14',NULL,NULL),(155,620,'2022-01-31',NULL,'STA202332090','1449',25000,25000,NULL,NULL,NULL,'25000','0',51,1,'2023-06-06 11:27:16',NULL,NULL),(157,182,'2021-02-03',NULL,'STA202326387','2010160156',54700,50700,'4000',NULL,NULL,'50700','0',44,1,'2023-06-06 11:28:35',NULL,NULL),(158,478,'2022-09-06',NULL,'STA202315295','1626',27999,25200,'2799',NULL,NULL,'25200','0',49,1,'2023-06-06 11:28:36',NULL,NULL),(159,301,'2021-11-01',NULL,'STA202311265','1374',3150,3150,NULL,NULL,NULL,'3150','0',53,1,'2023-06-06 11:28:46',NULL,NULL),(160,504,'2022-09-29',NULL,'STA202336058','1654',29999,27199,'2800',NULL,NULL,'27199','0',50,1,'2023-06-06 11:28:56',NULL,NULL),(161,443,'2022-07-04',NULL,'STA202351522','1580',11550,10794,'756',NULL,NULL,'10794','0',41,1,'2023-06-06 11:29:48',NULL,NULL),(162,299,'2021-10-30',NULL,'STA202397383','1372',27999,25199,'2800',NULL,NULL,'25199','0',53,1,'2023-06-06 11:30:01',NULL,NULL),(163,498,'2022-10-12',NULL,'STA202332618','1671',29499,28499,'1000',NULL,NULL,'28499','0',50,1,'2023-06-06 11:31:35',NULL,NULL),(164,429,'2022-09-15',NULL,'STA202333943','1635',18000,15000,'3000',NULL,NULL,'15000','0',49,1,'2023-06-06 11:31:35',NULL,NULL),(165,449,'2022-07-25',NULL,'STA202388026','1589',11400,11400,NULL,NULL,NULL,'11400','0',46,1,'2023-06-06 11:32:14',NULL,NULL),(166,442,'2022-07-02',NULL,'STA202337089','1579',20499,20000,'499',NULL,NULL,'20000','0',41,1,'2023-06-06 11:33:06',NULL,NULL),(167,666,'2022-12-13',NULL,'STA202393878','1741',27999,23799,'4200',NULL,NULL,'23799','0',42,1,'2023-06-06 11:33:26',NULL,NULL),(168,335,'2021-11-10',NULL,'STA202324685','1379',1700,1700,NULL,NULL,NULL,'1700','0',53,1,'2023-06-06 11:33:29',NULL,NULL),(170,490,'2022-09-19',NULL,'STA202316276','1637',3370,3370,NULL,NULL,NULL,'3370','0',49,1,'2023-06-06 11:35:17',NULL,NULL),(171,441,'2022-07-02',NULL,'STA202373455','1578',27999,24599,'3400',NULL,NULL,'24599','0',41,1,'2023-06-06 11:35:52',NULL,NULL),(172,235,'2021-01-20',NULL,'STA202349050','2010160132',74199,60000,'14199',NULL,NULL,'60000','0',44,1,'2023-06-06 11:36:20',NULL,NULL),(173,312,'2021-11-20',NULL,'STA202347781','1387',14100,14100,NULL,NULL,NULL,'14100','0',53,1,'2023-06-06 11:36:56',NULL,NULL),(174,502,'2022-09-27',NULL,'STA202367967','1650',3050,3050,NULL,NULL,NULL,'3050','0',49,1,'2023-06-06 11:37:43',NULL,NULL),(175,583,'2022-06-30',NULL,'STA202351761','1577',7500,6225,'1275',NULL,NULL,'6225','0',41,1,'2023-06-06 11:38:06',NULL,NULL),(176,296,'2021-11-20',NULL,'STA202341428','1385',27999,27999,NULL,NULL,NULL,'27999','0',53,1,'2023-06-06 11:38:21',NULL,NULL),(177,468,'2022-08-24',NULL,'STA202349118','1610',7500,7500,NULL,NULL,NULL,'7500','0',46,1,'2023-06-06 11:38:35',NULL,NULL),(178,668,'2022-10-12',NULL,'STA202361310','1672',44600,38802,'5798',NULL,NULL,'38802','0',50,1,'2023-06-06 11:39:17',NULL,NULL),(179,496,'2022-09-26',NULL,'STA202364933','1646',2570,2570,NULL,NULL,NULL,'2570','0',49,1,'2023-06-06 11:39:38',NULL,NULL),(180,440,'2022-06-29',NULL,'STA202340738','1576',2500,2500,NULL,NULL,NULL,'2500','0',41,1,'2023-06-06 11:40:03',NULL,NULL),(181,598,'2022-12-31',NULL,'STA202345761','1750',50100,40000,'10100',NULL,NULL,'40000','0',42,1,'2023-06-06 11:40:05',NULL,NULL),(182,346,'2022-02-02',NULL,'STA202361424','1450',46400,41760,'4640',NULL,NULL,'41760','0',51,1,'2023-06-06 11:40:40',NULL,NULL),(183,470,'2022-08-27',NULL,'STA202395253','1611',7900,7900,NULL,NULL,NULL,'7900','0',46,1,'2023-06-06 11:41:16',NULL,NULL),(184,317,'2021-11-29',NULL,'STA202339655','1394',11400,9900,'1500',NULL,NULL,'9900','0',53,1,'2023-06-06 11:42:35',NULL,NULL),(185,645,'2022-12-05','No contact details found','STA202372869','1738',26500,25000,'1500',NULL,NULL,'25000','0',43,1,'2023-06-06 11:42:36',NULL,NULL),(186,558,'2020-12-02',NULL,'STA202383264','2010160075',23000,19900,'3100',NULL,NULL,'19900','0',44,1,'2023-06-06 11:42:54',NULL,NULL),(187,439,'2022-06-28',NULL,'STA202345810','1575',3250,3250,NULL,NULL,NULL,'3250','0',41,1,'2023-06-06 11:43:01',NULL,NULL),(188,108,'2021-05-27',NULL,'STA202354783','2010160323',5000,5000,NULL,NULL,NULL,'5000','0',42,1,'2023-06-06 11:43:47',NULL,NULL),(189,139,'2020-12-12',NULL,'STA202388199','2010160081',6000,5700,'300',NULL,NULL,'5700','0',44,1,'2023-06-06 11:44:12',NULL,NULL),(190,497,'2022-10-01',NULL,'STA202392610','1659',45600,44100,'1500',NULL,NULL,'44100','0',43,1,'2023-06-06 11:44:38',NULL,NULL),(191,354,'2022-02-05',NULL,'STA202388811','1451',2900,2200,'700',NULL,NULL,'2200','0',51,1,'2023-06-06 11:45:21',NULL,NULL),(192,186,'2021-01-30',NULL,'STA202322666','2010160152',40650,36500,'4150',NULL,NULL,'36500','0',1,1,'2023-06-06 11:45:42',NULL,NULL),(193,515,'2022-10-10',NULL,'STA202389888','1670',34950,34950,NULL,NULL,NULL,'34950','0',50,1,'2023-06-06 11:45:51',NULL,NULL),(194,509,'2022-10-27',NULL,'STA202357919','1692',7200,6000,'1200',NULL,NULL,'6000','0',50,1,'2023-06-06 11:46:57',NULL,NULL),(195,645,'2022-12-05','No Contact details found','STA202361369','1739',26500,25000,'1500',NULL,NULL,'25000','0',43,1,'2023-06-06 11:47:32',NULL,NULL),(196,509,'2022-10-19',NULL,'STA202381444','1603',4800,4000,'800',NULL,NULL,'4000','0',50,1,'2023-06-06 11:47:35',NULL,NULL),(197,36,'2021-06-09',NULL,'STA202335333','2010160372',34000,29000,'5000',NULL,NULL,'29000','0',44,1,'2023-06-06 11:47:36',NULL,NULL),(198,208,'2021-05-29',NULL,'STA202391879','2010160327',14200,13000,'1200',NULL,NULL,'13000','0',42,1,'2023-06-06 11:47:51',NULL,NULL),(199,313,'2021-11-21',NULL,'STA202383152','1388',32800,31160,'1640',NULL,NULL,'31160','0',53,1,'2023-06-06 11:48:45',NULL,NULL),(200,585,'2021-07-11',NULL,'STA202354974','2010160419',5100,4500,'600',NULL,NULL,'4500','0',44,1,'2023-06-06 11:48:55',NULL,NULL),(201,181,'2022-05-21',NULL,'STA202350909','1541',18450,18160,'290',NULL,NULL,'18160','0',49,1,'2023-06-06 11:49:29',NULL,NULL),(202,340,'2022-08-27',NULL,'STA202361652','1613',28000,23240,NULL,'17',NULL,'23240','0',46,1,'2023-06-06 11:49:32',NULL,NULL),(203,657,'2022-10-18',NULL,'STA202339843','1682',65200,53464,NULL,'18',NULL,'53464','0',50,1,'2023-06-06 11:50:19',NULL,NULL),(204,26,'2021-06-09',NULL,'STA202399988','2010160371',23500,23500,NULL,NULL,NULL,'23500','0',44,1,'2023-06-06 11:51:15',NULL,NULL),(205,626,'2022-06-27',NULL,'STA202357453','1573',119250,104940,NULL,'12',NULL,'104940','0',41,1,'2023-06-06 11:51:32',NULL,NULL),(206,355,'2022-02-06',NULL,'STA202354128','1452',6100,4940,'1160',NULL,NULL,'4940','0',51,1,'2023-06-06 11:52:36',NULL,NULL),(207,569,'2021-05-30',NULL,'STA202347476','2010160332',26100,23500,'2600',NULL,NULL,'23500','0',42,1,'2023-06-06 11:52:36',NULL,NULL),(208,199,'2021-12-02',NULL,'STA202316393','1396',5900,5500,'400',NULL,NULL,'5500','0',53,1,'2023-06-06 11:52:58',NULL,NULL),(209,134,'2022-12-13',NULL,'STA202321715','1744',57100,51390,'5710',NULL,NULL,'51390','0',43,1,'2023-06-06 11:53:21',NULL,NULL),(210,551,'2020-12-12',NULL,'STA202358808','2010160082',25000,20000,'5000',NULL,NULL,'20000','0',44,1,'2023-06-06 11:53:26',NULL,NULL),(211,626,'2022-06-28',NULL,'STA202399382','1574',1950,1716,NULL,'12',NULL,'1712','4',41,1,'2023-06-06 11:54:08',NULL,NULL),(212,234,'2021-03-15',NULL,'STA202330681','2010160207',5800,5800,NULL,NULL,NULL,'5800','0',44,1,'2023-06-06 11:54:27',NULL,NULL),(213,392,'2022-04-06',NULL,'STA202388928','1516',6950,6134,'816',NULL,NULL,'6134','0',49,1,'2023-06-06 11:54:47',NULL,NULL),(214,319,'2021-12-04',NULL,'STA202396403','1398',3150,3150,NULL,NULL,NULL,'3150','0',53,1,'2023-06-06 11:55:01',NULL,NULL),(215,134,'2022-09-29',NULL,'STA202349053','1655',2900,2407,'493',NULL,NULL,'2407','0',43,1,'2023-06-06 11:55:04',NULL,NULL),(216,133,'2021-06-13',NULL,'STA202343585','2010160377',2200,1980,'220',NULL,NULL,'1980','0',44,1,'2023-06-06 11:55:42',NULL,NULL),(217,511,'2022-10-04',NULL,'STA202350292','1664',35499,32000,'3499',NULL,NULL,'32000','0',50,1,'2023-06-06 11:55:43',NULL,NULL),(218,277,'2021-09-22',NULL,'STA202322076','1271',12400,12400,NULL,NULL,NULL,'12400','0',53,1,'2023-06-06 11:56:37',NULL,NULL),(219,150,'2021-04-01',NULL,'STA202379248','2010160227',29499,27000,'2499',NULL,NULL,'27000','0',44,1,'2023-06-06 11:57:11',NULL,NULL),(220,437,'2022-10-02',NULL,'STA202349997','1663',13200,11880,NULL,'10',NULL,'11880','0',50,1,'2023-06-06 11:57:28',NULL,NULL),(221,437,'2022-06-26',NULL,'STA202374163','1572',3300,3300,NULL,NULL,NULL,'3300','0',41,1,'2023-06-06 11:58:00',NULL,NULL),(224,31,'2021-04-07',NULL,'STA202366213','2010160234',28129,25380,'2749',NULL,NULL,'25380','0',44,1,'2023-06-06 12:00:22',NULL,NULL),(225,513,'2022-10-08',NULL,'STA202366744','1666',29499,29499,NULL,NULL,NULL,'29499','0',50,1,'2023-06-06 12:00:24',NULL,NULL),(226,437,'2022-06-26',NULL,'STA202394467','1571',12000,12000,NULL,NULL,NULL,'12000','0',41,1,'2023-06-06 12:00:57',NULL,NULL),(227,507,'2022-10-01',NULL,'STA202337504','1660',44000,44000,NULL,NULL,NULL,'44000','0',50,1,'2023-06-06 12:01:41',NULL,NULL),(228,598,'2022-04-13',NULL,'STA202311410','1518',7500,6375,NULL,'15',NULL,'6375','0',49,1,'2023-06-06 12:01:46',NULL,NULL),(229,599,'2021-09-16',NULL,'STA202369762','1040',51400,45332,'6068',NULL,NULL,'45332','0',53,1,'2023-06-06 12:02:14',NULL,NULL),(230,210,'2021-03-03',NULL,'STA202397308','2010160342',14600,13600,'1000',NULL,NULL,'13600','0',42,1,'2023-06-06 12:02:17',NULL,NULL),(231,72,'2021-04-19',NULL,'STA202322612','2010160248',1750,1650,'100',NULL,NULL,'1650','0',44,1,'2023-06-06 12:02:20',NULL,NULL),(233,108,'2021-04-11',NULL,'STA202398547','2010160241',13000,11250,'1750',NULL,NULL,'11250','0',1,1,'2023-06-06 12:02:52',NULL,NULL),(234,512,'2022-10-06',NULL,'STA202365313','1665',8800,7744,'1056',NULL,NULL,'7744','0',50,1,'2023-06-06 12:03:32',NULL,NULL),(235,238,'2021-05-02',NULL,'STA202358884','2010160298',6300,6000,'300',NULL,NULL,'6000','0',44,1,'2023-06-06 12:03:41',NULL,NULL),(236,134,'2022-09-29',NULL,'STA202327607','1655',2900,2407,'493',NULL,NULL,'2407','0',50,1,'2023-06-06 12:04:40',NULL,NULL),(237,472,'2022-09-01',NULL,'STA202345661','1617',88000,76500,'11500',NULL,NULL,'76500','0',49,1,'2023-06-06 12:04:51',NULL,NULL),(238,66,'2021-06-06',NULL,'STA202399896','2010160347',29499,29499,NULL,NULL,NULL,'29499','0',44,1,'2023-06-06 12:04:55',NULL,NULL),(239,340,'2022-11-14',NULL,'STA202368081','1716',220800,183264,NULL,'17',NULL,'183264','0',43,1,'2023-06-06 12:05:05',NULL,NULL),(241,67,'2021-05-09',NULL,'STA202316467','2010160311',26500,24500,'2000',NULL,NULL,'24500','0',44,1,'2023-06-06 12:07:09',NULL,NULL),(242,584,'2021-08-31',NULL,'STA202354064','I4',2950,2950,NULL,NULL,NULL,'2950','0',42,1,'2023-06-06 12:07:22',NULL,NULL),(243,459,'2022-08-10',NULL,'STA202382438','1616',104847,95411,'9436',NULL,NULL,'95411','0',46,1,'2023-06-06 12:08:16',NULL,NULL),(244,437,'2022-06-26',NULL,'STA202310164','1570',203900,203900,NULL,NULL,NULL,'203900','0',41,1,'2023-06-06 12:08:56',NULL,NULL),(245,588,'2021-05-04',NULL,'STA202382360','2010160303',7700,7700,NULL,NULL,NULL,'7700','0',44,1,'2023-06-06 12:09:00',NULL,NULL),(246,427,'2022-08-24',NULL,'STA202321280','1590',334250,295000,'39250',NULL,NULL,'295000','0',50,1,'2023-06-06 12:09:00',NULL,NULL),(247,525,'2020-12-20',NULL,'STA202397224','2010160092',2900,2800,'100',NULL,NULL,'2800','0',42,1,'2023-06-06 12:10:19',NULL,NULL),(248,486,'2022-09-12',NULL,'STA202399661','1631',6300,3400,'2900',NULL,NULL,'3400','0',50,1,'2023-06-06 12:10:36',NULL,NULL),(249,210,'2021-06-05',NULL,'STA202384945','2010160346',7500,7300,'200',NULL,NULL,'7300','0',44,1,'2023-06-06 12:11:15',NULL,NULL),(250,436,'2022-06-26',NULL,'STA202353829','1569',14999,14999,NULL,NULL,NULL,'14999','0',41,1,'2023-06-06 12:11:49',NULL,NULL),(251,451,'2022-08-01',NULL,'STA202348089','1593',3370,3370,NULL,NULL,NULL,'3370','0',39,1,'2023-06-06 12:12:00',NULL,NULL),(252,32,'2021-06-15',NULL,'STA202369286','2010160382',2500,2500,NULL,NULL,NULL,'2500','0',44,1,'2023-06-06 12:13:22',NULL,NULL),(253,212,'2020-12-17',NULL,'STA202315636','2010160088',5200,5200,NULL,NULL,NULL,'5200','0',42,1,'2023-06-06 12:13:34',NULL,NULL),(254,270,'2020-11-05',NULL,'STA202390639','2010160037',15900,14310,'1590',NULL,NULL,'14310','0',43,1,'2023-06-06 12:13:46',NULL,NULL),(255,470,'2022-09-28',NULL,'STA202381863','1652',5400,4860,'540',NULL,NULL,'4860','0',49,1,'2023-06-06 12:14:02',NULL,NULL),(256,320,'2021-12-06',NULL,'STA202399127','1402',98700,90804,NULL,'8',NULL,'90804','0',53,1,'2023-06-06 12:15:03',NULL,NULL),(257,648,'2021-03-27',NULL,'STA202386714','2010160221',13000,11050,'1950',NULL,NULL,'11050','0',44,1,'2023-06-06 12:15:17',NULL,NULL),(258,493,'2022-09-21',NULL,'STA202340549','1640',38100,34290,'3810',NULL,NULL,'34290','0',50,1,'2023-06-06 12:15:37',NULL,NULL),(259,461,'2022-08-11',NULL,'STA202360258','1602',37200,33500,'3700',NULL,NULL,'33500','0',46,1,'2023-06-06 12:15:47',NULL,NULL),(260,453,'2022-08-06',NULL,'STA202313403','1594',13500,12150,'1350',NULL,NULL,'12150','0',39,1,'2023-06-06 12:16:03',NULL,NULL),(261,611,'2020-12-17',NULL,'STA202389406','2010160087',2900,2700,'200',NULL,NULL,'2700','0',42,1,'2023-06-06 12:16:06',NULL,NULL),(263,434,'2022-06-22',NULL,'STA202332268','1567',3800,3400,'400',NULL,NULL,'3400','0',41,1,'2023-06-06 12:16:40',NULL,NULL),(265,318,'2021-12-10',NULL,'STA202399187','1403',5200,4900,'300',NULL,NULL,'4900','0',53,1,'2023-06-06 12:17:09',NULL,NULL),(266,698,'2020-06-13',NULL,'STA202334751','G-00128',2960,2960,NULL,NULL,NULL,'2960','0',1,1,'2023-06-06 12:17:12',NULL,NULL),(267,503,'2022-09-28',NULL,'STA202326828','1653',3300,2970,'330',NULL,NULL,'2970','0',49,1,'2023-06-06 12:17:49',NULL,NULL),(268,491,'2022-09-20',NULL,'STA202387120','1638',27999,22959,'5040',NULL,NULL,'22959','0',50,1,'2023-06-06 12:17:49',NULL,NULL),(269,461,'2022-10-25',NULL,'STA202331641','1636',9900,8712,'1188',NULL,NULL,'8712','0',46,1,'2023-06-06 12:18:10',NULL,NULL),(270,255,'2022-02-07',NULL,'STA202327992','1454',26000,23500,'2500',NULL,NULL,'23500','0',51,1,'2023-06-06 12:18:37',NULL,NULL),(271,569,'2021-05-30',NULL,'STA202311095','2010160331',26100,23500,'2600',NULL,NULL,'23500','0',44,1,'2023-06-06 12:18:40',NULL,NULL),(272,325,'2021-12-12',NULL,'STA202374142','1406',29499,29499,NULL,NULL,NULL,'29499','0',53,1,'2023-06-06 12:18:49',NULL,NULL),(275,595,'2020-09-28',NULL,'STA202327085','STAT-179',6800,6800,NULL,NULL,NULL,'6800','0',43,1,'2023-06-06 12:19:27',NULL,NULL),(276,451,'2022-09-13',NULL,'STA202362390','1633',3370,3370,NULL,NULL,NULL,'3370','0',50,1,'2023-06-06 12:20:04',NULL,NULL),(277,470,'2022-09-26',NULL,'STA202326169','1645',3300,2970,'330',NULL,NULL,'2970','0',49,1,'2023-06-06 12:21:11',NULL,NULL),(278,471,'2022-08-28',NULL,'STA202313837','1615',5550,5550,NULL,NULL,NULL,'5550','0',46,1,'2023-06-06 12:21:16',NULL,NULL),(279,485,'2022-09-12',NULL,'STA202311738','1630',14070,13570,'500',NULL,NULL,'13570','0',50,1,'2023-06-06 12:21:41',NULL,NULL),(280,26,'2021-06-09',NULL,'STA202318846','2010160371',23500,20900,'2600',NULL,NULL,'20900','0',44,1,'2023-06-06 12:22:03',NULL,NULL),(281,476,'2022-09-24',NULL,'STA202381882','1641',3550,3095,'455',NULL,NULL,'3095','0',49,1,'2023-06-06 12:22:44',NULL,NULL),(282,579,'2021-05-24',NULL,'STA202358242','2010160320',24100,20000,'4100',NULL,NULL,'20000','0',44,1,'2023-06-06 12:23:33',NULL,NULL),(283,595,'2020-09-28',NULL,'STA202362654','STAT-179',11700,11700,NULL,NULL,NULL,'11700','0',43,1,'2023-06-06 12:23:53',NULL,NULL),(286,121,'2021-05-09',NULL,'STA202391440','2010160308',2900,2400,'500',NULL,NULL,'2400','0',44,1,'2023-06-06 12:24:51',NULL,NULL),(287,331,'2022-02-09',NULL,'STA202332255','1455',79995,69596,NULL,'13',NULL,'69595','0.6499999999941792',51,1,'2023-06-06 12:25:03',NULL,NULL),(288,238,'2020-10-03',NULL,'STA202336952','STAT-182',2960,2960,NULL,NULL,NULL,'2960','0',43,1,'2023-06-06 12:25:25',NULL,NULL),(289,624,'2022-06-22',NULL,'STA202329961','1566',96750,87075,NULL,'10',NULL,'87075','0',41,1,'2023-06-06 12:25:35',NULL,NULL),(290,133,'2021-06-12',NULL,'STA202368387','2010160375',18400,16560,'1840',NULL,NULL,'16560','0',44,1,'2023-06-06 12:26:33',NULL,NULL),(291,572,'2020-10-01',NULL,'STA202373393','STAT-181',8760,8760,NULL,NULL,NULL,'8760','0',43,1,'2023-06-06 12:27:06',NULL,NULL),(292,387,'2022-04-01',NULL,'STA202375435','1510',8000,7475,'525',NULL,NULL,'7475','0',49,1,'2023-06-06 12:27:12',NULL,NULL),(293,450,'2022-08-08',NULL,'STA202374426','1595',380200,313039,'67161',NULL,NULL,'313039','0',39,1,'2023-06-06 12:28:14',NULL,NULL),(294,549,'2020-10-08',NULL,'STA202340805','STAT-184',5860,5860,NULL,NULL,NULL,'5860','0',43,1,'2023-06-06 12:28:36',NULL,NULL),(295,599,'2021-09-15',NULL,'STA202399436','STAT 1200',100700,88616,NULL,'12',NULL,'88616','0',42,1,'2023-06-06 12:28:59',NULL,NULL),(296,473,'2022-08-30',NULL,'STA202383378','16`18',35599,30709,'4890',NULL,NULL,'30709','0',46,1,'2023-06-06 12:29:17',NULL,NULL),(297,360,'2022-02-10',NULL,'STA202362899','1456',3300,3069,NULL,'7',NULL,'3069','0',51,1,'2023-06-06 12:29:41',NULL,NULL),(298,4,'2021-06-14',NULL,'STA202362102','2010160378',13000,11700,'1300',NULL,NULL,'11700','0',44,1,'2023-06-06 12:30:27',NULL,NULL),(299,331,'2021-12-19',NULL,'STA202362457','1412',116900,99365,'17535',NULL,NULL,'99365','0',53,1,'2023-06-06 12:30:51',NULL,NULL),(300,361,'2022-02-11',NULL,'STA202331806','1457',29499,29499,'0',NULL,NULL,'29499','0',51,1,'2023-06-06 12:32:33',NULL,NULL),(301,316,'2021-12-22',NULL,'STA202324508','1415',3370,3370,NULL,NULL,NULL,'3370','0',53,1,'2023-06-06 12:33:10',NULL,NULL),(302,257,'2020-06-27',NULL,'STA202373824','G-0132',2560,2560,NULL,NULL,NULL,'2560','0',1,1,'2023-06-06 12:33:46',NULL,NULL),(303,334,'2021-12-22',NULL,'STA202316585','1416',68798,64698,'4100',NULL,NULL,'64698','0',53,1,'2023-06-06 12:37:01',NULL,NULL),(304,459,'2022-08-10',NULL,'STA202398651','1616',6300,5734,'566',NULL,NULL,'5734','0',46,1,'2023-06-06 12:37:46',NULL,NULL),(305,335,'2021-12-23',NULL,'STA202385348','1419',5200,4599,'601',NULL,NULL,'4599','0',53,1,'2023-06-06 12:39:45',NULL,NULL),(306,537,'2020-03-18',NULL,'STA202342002','G-00023',2900,2000,'900',NULL,NULL,'2000','0',1,1,'2023-06-06 12:41:11',NULL,NULL),(307,320,'2021-12-30',NULL,'STA202311325','1423',6700,6030,'670',NULL,NULL,'6030','0',53,1,'2023-06-06 12:41:25',NULL,NULL),(308,362,'2022-02-12',NULL,'STA202388262','1458',32669,29040,'3629',NULL,NULL,'29040','0',51,1,'2023-06-06 12:41:26',NULL,NULL),(309,134,'2022-06-21',NULL,'STA202352557','1565',6600,5610,NULL,'15',NULL,'5610','0',41,1,'2023-06-06 12:42:27',NULL,NULL),(310,296,'2021-10-26',NULL,'STA202370101','1366',3000,3000,NULL,NULL,NULL,'3000','0',53,1,'2023-06-06 12:42:34',NULL,NULL),(311,583,'2022-02-12',NULL,'STA202365843','1459',27999,23799,NULL,'15',NULL,'23800','-0.8499999999985448',51,1,'2023-06-06 12:43:59',NULL,NULL),(312,625,'2022-06-23',NULL,'STA202317591','1568',1700,1360,NULL,'20',NULL,'1360','0',41,1,'2023-06-06 12:44:06',NULL,NULL),(313,134,'2023-10-27',NULL,'STA202379748','0005',2200,2200,NULL,NULL,NULL,'2200','0',53,1,'2023-06-06 12:45:10',NULL,NULL),(314,130,'2020-06-22',NULL,'STA202335240','STAT - 132',5950,5950,NULL,NULL,NULL,'5950','0',1,1,'2023-06-06 12:45:38',NULL,NULL),(315,304,'2021-11-07',NULL,'STA202337761','1378',7500,7000,'500',NULL,NULL,'7000','0',53,1,'2023-06-06 12:46:06',NULL,NULL),(316,303,'2021-11-07',NULL,'STA202359210','1377',3300,2900,'400',NULL,NULL,'2900','0',53,1,'2023-06-06 12:47:14',NULL,NULL),(317,310,'2021-11-18',NULL,'STA202340014','1384',5960,5960,NULL,NULL,NULL,'5960','0',53,1,'2023-06-06 12:48:53',NULL,NULL),(318,311,'2021-11-22',NULL,'STA202347482','1390',3400,2890,'510',NULL,NULL,'2890','0',53,1,'2023-06-06 12:51:28',NULL,NULL),(319,233,'2022-03-08',NULL,'STA202399782','1480',5900,5605,NULL,'5',NULL,'5605','0',50,1,'2023-06-06 12:55:58',NULL,NULL),(320,599,'2021-10-15',NULL,'STA202312388','0011100000841',100500,88440,NULL,'12',NULL,'88440','0',44,1,'2023-06-06 12:56:21',NULL,NULL),(321,587,'2021-08-18',NULL,'STA202392363','2010160059',2900,2900,NULL,NULL,NULL,'2900','0',44,1,'2023-06-06 12:58:00',NULL,NULL),(322,355,'2022-03-01',NULL,'STA202371542','1474',3300,3000,'300',NULL,NULL,'3000','0',50,1,'2023-06-06 13:01:37',NULL,NULL),(323,202,'2021-03-14',NULL,'STA202367247','2010160205',9700,8700,'1000',NULL,NULL,'8700','0',44,1,'2023-06-06 13:02:06',NULL,NULL),(324,375,'2022-02-26',NULL,'STA202358597','1469',29499,29499,NULL,NULL,NULL,'29499','0',50,1,'2023-06-06 13:04:23',NULL,NULL),(325,586,'2021-04-05',NULL,'STA202391027','2010160304',2900,2610,'290',NULL,NULL,'2610','0',44,1,'2023-06-06 13:04:58',NULL,NULL),(326,315,'2022-02-27',NULL,'STA202368684','1473',4200,3360,NULL,'20',NULL,'3360','0',50,1,'2023-06-06 13:07:17',NULL,NULL),(327,378,'2022-02-26',NULL,'STA202396769','1472',2350,2350,NULL,NULL,NULL,'2350','0',50,1,'2023-06-06 13:09:13',NULL,NULL),(328,311,'2021-11-15',NULL,'STA202320959','1386',121800,103530,'18270',NULL,NULL,'103530','0',53,1,'2023-06-06 13:11:13',NULL,NULL),(329,394,'2022-04-04',NULL,'STA202384945','1513',3300,3300,NULL,NULL,NULL,'3300','0',49,1,'2023-06-06 13:11:33',NULL,NULL),(330,377,'2022-02-26',NULL,'STA202317819','1471',7450,7000,'450',NULL,NULL,'7000','0',50,1,'2023-06-06 13:11:42',NULL,NULL),(331,402,'2022-04-24',NULL,'STA202316647','1522',17499,17499,NULL,NULL,NULL,'17499','0',49,1,'2023-06-06 13:13:26',NULL,NULL),(332,406,'2022-05-07',NULL,'STA202332322','1531',15499,14800,'699',NULL,NULL,'14800','0',49,1,'2023-06-06 13:15:04',NULL,NULL),(333,401,'2022-04-23',NULL,'STA202350626','1521',7800,7000,'800',NULL,NULL,'7000','0',50,1,'2023-06-06 13:16:48',NULL,NULL),(334,405,'2022-05-07',NULL,'STA202347228','1530',2970,2970,NULL,NULL,NULL,'2970','0',49,1,'2023-06-06 13:17:07',NULL,NULL),(335,88,'2021-04-28',NULL,'STA202317006','2010160285',3000,3000,NULL,NULL,NULL,'3000','0',44,1,'2023-06-06 15:21:16',NULL,NULL),(336,204,'2021-01-12',NULL,'STA202383374','2010160126',10850,10300,'550',NULL,NULL,'10300','0',44,1,'2023-06-06 15:24:13',NULL,NULL),(337,430,'2022-06-20',NULL,'STA202382263','1564',29499,26555,'2944',NULL,NULL,'26555','0',41,1,'2023-06-06 15:25:16',NULL,NULL),(338,82,'2021-01-11',NULL,'STA202385482','2010160125',29499,28000,'1499',NULL,NULL,'28000','0',44,1,'2023-06-06 15:25:38',NULL,NULL),(339,118,'2021-05-04',NULL,'STA202340019','2010160302',24000,19750,'4250',NULL,NULL,'19750','0',44,1,'2023-06-06 15:27:00',NULL,NULL),(340,545,'2020-09-19',NULL,'STA202398922','STAT - 172',25000,25000,NULL,NULL,NULL,'25000','0',1,1,'2023-06-06 15:27:53',NULL,NULL),(341,223,'2021-06-26',NULL,'STA202375178','2010160396',2900,2900,NULL,NULL,NULL,'2900','0',44,1,'2023-06-06 15:28:14',NULL,NULL),(342,409,'2022-05-10',NULL,'STA202357512','1533',5800,5800,NULL,NULL,NULL,'5800','0',49,1,'2023-06-06 15:28:32',NULL,NULL),(343,429,'2022-06-20',NULL,'STA202356659','1563',15700,14130,'1570',NULL,NULL,'14130','0',41,1,'2023-06-06 15:28:45',NULL,NULL),(344,13,'2021-05-19',NULL,'STA202317295','2010160315',1700,1700,NULL,NULL,NULL,'1700','0',44,1,'2023-06-06 15:29:40',NULL,NULL),(345,583,'2022-02-23',NULL,'STA202379950','1468',15400,13090,NULL,'15',NULL,'13090','0',50,1,'2023-06-06 15:29:43',NULL,NULL),(346,699,'2020-07-25',NULL,'STA202345704','G-00149',25000,25000,NULL,NULL,NULL,'25000','0',1,1,'2023-06-06 15:29:49',NULL,NULL),(347,598,'2022-02-13',NULL,'STA202354938','1460',3250,2763,NULL,'15',NULL,'2762','0.5',51,1,'2023-06-06 15:30:12',NULL,NULL),(348,363,'2022-06-20',NULL,'STA202369312','1562',3800,3800,NULL,NULL,NULL,'3800','0',41,1,'2023-06-06 15:30:44',NULL,NULL),(349,111,'2021-05-20',NULL,'STA202327407','2010160317',10300,10300,NULL,NULL,NULL,'10300','0',44,1,'2023-06-06 15:32:39',NULL,NULL),(350,281,'2022-06-09',NULL,'STA202362154','1555',62997,62997,NULL,NULL,NULL,'62997','0',41,1,'2023-06-06 15:32:42',NULL,NULL),(351,215,'2022-05-14',NULL,'STA202321787','1535',2773,2773,'377',NULL,NULL,'2773','0',49,1,'2023-06-06 15:32:59',NULL,NULL),(352,583,'2022-02-14',NULL,'STA202340657','1462',2900,2465,NULL,'15',NULL,'2465','0',51,1,'2023-06-06 15:33:00',NULL,NULL),(353,455,'2022-08-07',NULL,'STA202387489','1596',27999,25199,'2800',NULL,NULL,'25199','0',39,1,'2023-06-06 15:34:10',NULL,NULL),(354,122,'2020-09-15',NULL,'STA202342391','STAT 170',2500,1875,NULL,'25',NULL,'1875','0',42,1,'2023-06-06 15:34:13',NULL,NULL),(355,108,'2021-05-10',NULL,'STA202385249','2010160312',15300,13600,'1700',NULL,NULL,'13600','0',44,1,'2023-06-06 15:34:33',NULL,NULL),(356,18,'2020-09-27',NULL,'STA202313330','STAT-178',4780,4780,NULL,NULL,NULL,'4780','0',43,1,'2023-06-06 15:34:33',NULL,NULL),(357,365,'2022-02-16',NULL,'STA202383582','1464',35000,32500,'2500',NULL,NULL,'32500','0',51,1,'2023-06-06 15:35:01',NULL,NULL),(358,428,'2022-06-17',NULL,'STA202372159','1561',15600,13767,'1833',NULL,NULL,'13767','0',41,1,'2023-06-06 15:35:32',NULL,NULL),(359,544,'2020-10-03',NULL,'STA202347384','STAT-183',20560,20560,NULL,NULL,NULL,'20560','0',43,1,'2023-06-06 15:35:52',NULL,NULL),(360,39,'2021-05-01',NULL,'STA202373425','2010160297',2900,2730,'170',NULL,NULL,'2730','0',44,1,'2023-06-06 15:36:01',NULL,NULL),(361,456,'2022-08-09',NULL,'STA202324782','1597',11600,10440,'1160',NULL,NULL,'10440','0',39,1,'2023-06-06 15:36:05',NULL,NULL),(362,415,'2022-05-14',NULL,'STA202396635','1543',36500,32500,'4000',NULL,NULL,'32500','0',50,1,'2023-06-06 15:36:10',NULL,NULL),(363,162,'2020-09-16',NULL,'STA202346652','STAT 169',8300,8300,NULL,NULL,NULL,'8300','0',42,1,'2023-06-06 15:37:22',NULL,NULL),(364,83,'2020-10-10',NULL,'STA202318723','STAT-185',25060,25060,NULL,NULL,NULL,'25060','0',43,1,'2023-06-06 15:37:29',NULL,NULL),(365,404,'2022-05-14',NULL,'STA202397016','1539',81996,66837,'15159',NULL,NULL,'66837','0',49,1,'2023-06-06 15:37:43',NULL,NULL),(366,424,'2022-06-12',NULL,'STA202344803','1557',17100,15903,NULL,'7',NULL,'15903','0',41,1,'2023-06-06 15:37:55',NULL,NULL),(367,410,'2022-05-20',NULL,'STA202364406','1540',2970,2970,NULL,NULL,NULL,'2970','0',49,1,'2023-06-06 15:38:52',NULL,NULL),(368,418,'2022-06-04',NULL,'STA202315939','1550',2900,2610,NULL,'10',NULL,'2610','0',41,1,'2023-06-06 15:39:18',NULL,NULL),(369,598,'2021-05-06',NULL,'STA202336861','2010160306',25600,21248,'4352',NULL,NULL,'21248','0',44,1,'2023-06-06 15:39:25',NULL,NULL),(370,598,'2022-02-14',NULL,'STA202328654','1463',12200,10370,'1830',NULL,NULL,'10370','0',51,1,'2023-06-06 15:39:29',NULL,NULL),(371,569,'2022-05-24',NULL,'STA202363397','1542',2050,1870,'180',NULL,NULL,'1870','0',50,1,'2023-06-06 15:40:13',NULL,NULL),(372,624,'2022-06-08',NULL,'STA202360590','1554',3300,3300,NULL,NULL,NULL,'3300','0',41,1,'2023-06-06 15:40:43',NULL,NULL),(373,583,'2021-04-03',NULL,'STA202366431','2010160228',2900,2233,'667',NULL,NULL,'2233','0',44,1,'2023-06-06 15:41:01',NULL,NULL),(374,578,'2020-06-11',NULL,'STA202322216','G 00124',5000,5000,NULL,NULL,NULL,'5000','0',42,1,'2023-06-06 15:41:35',NULL,NULL),(375,296,'2022-04-16',NULL,'STA202338742','1520',3370,3370,NULL,NULL,NULL,'3370','0',49,1,'2023-06-06 15:41:37',NULL,NULL),(376,598,'2022-03-28',NULL,'STA202353942','1507',11000,9350,NULL,'15',NULL,'9350','0',50,1,'2023-06-06 15:41:39',NULL,NULL),(377,134,'2021-06-20',NULL,'STA202324773','2010160389',11100,9213,'1887',NULL,NULL,'9213','0',43,1,'2023-06-06 15:41:39',NULL,NULL),(378,45,'2022-06-09',NULL,'STA202317877','1556',2500,2200,'300',NULL,NULL,'2200','0',41,1,'2023-06-06 15:42:20',NULL,NULL),(379,346,'2022-08-10',NULL,'STA202327723','1599',40000,34000,'6000',NULL,NULL,'34000','0',39,1,'2023-06-06 15:44:07',NULL,NULL),(380,258,'2020-06-13',NULL,'STA202389964','Stat 129',2070,2070,NULL,NULL,NULL,'2070','0',42,1,'2023-06-06 15:44:15',NULL,NULL),(381,184,'2020-12-26',NULL,'STA202352014','2010160103',1950,1650,'300',NULL,NULL,'1650','0',44,1,'2023-06-06 15:44:21',NULL,NULL),(382,353,'2022-01-31',NULL,'STA202362038','1448',2960,2960,NULL,NULL,NULL,'2960','0',51,1,'2023-06-06 15:44:36',NULL,NULL),(383,250,'2022-05-08',NULL,'STA202341194','1532',6360,5560,'800',NULL,NULL,'5560','0',50,1,'2023-06-06 15:45:39',NULL,NULL),(384,425,'2022-06-13',NULL,'STA202313827','1558',29499,28024,'1475',NULL,NULL,'28024','0',41,1,'2023-06-06 15:46:38',NULL,NULL),(385,462,'2022-08-15',NULL,'STA202381573','1601',3100,3100,NULL,NULL,NULL,'3100','0',39,1,'2023-06-06 15:46:47',NULL,NULL),(386,227,'2021-05-01',NULL,'STA202360459','2010160296',1950,1800,'150',NULL,NULL,'1800','0',44,1,'2023-06-06 15:47:25',NULL,NULL),(387,81,'2020-11-08',NULL,'STA202311048','2010160043',54150,47400,'6750',NULL,NULL,'47400','0',43,1,'2023-06-06 15:47:27',NULL,NULL),(388,688,'2020-07-24',NULL,'STA202369554','Stat 148',2270,1770,'500',NULL,NULL,'1770','0',42,1,'2023-06-06 15:48:07',NULL,NULL),(389,366,'2022-02-14',NULL,'STA202356414','1465',8200,7000,'1200',NULL,NULL,'7000','0',51,1,'2023-06-06 15:48:51',NULL,NULL),(390,229,'2020-03-21',NULL,'STA202350457','G-00025',12000,12000,NULL,NULL,NULL,'12000','0',43,1,'2023-06-06 15:49:35',NULL,NULL),(391,376,'2022-02-26',NULL,'STA202393364','1470',144300,122655,NULL,'15',NULL,'122655','0',50,1,'2023-06-06 15:49:39',NULL,NULL),(392,463,'2022-08-17',NULL,'STA202331402','1603',8000,7800,'200',NULL,NULL,'7800','0',39,1,'2023-06-06 15:50:36',NULL,NULL),(393,2,'2020-11-25',NULL,'STA202317125','2010160069',35150,33750,'1400',NULL,NULL,'33750','0',43,1,'2023-06-06 15:51:38',NULL,NULL),(394,381,'2022-04-16',NULL,'STA202351229','1519',9500,8550,NULL,'10',NULL,'8550','0',50,1,'2023-06-06 15:51:54',NULL,NULL),(395,76,'2022-09-29',NULL,'STA202328436','1658',379900,334312,NULL,'12',NULL,'334312','0',49,1,'2023-06-06 15:51:55',NULL,NULL),(396,22,'2020-06-28',NULL,'STA202389145','STAT 132',5600,5600,NULL,NULL,NULL,'5600','0',42,1,'2023-06-06 15:51:59',NULL,NULL),(397,468,'2022-08-24',NULL,'STA202336939','1610',8000,8000,NULL,NULL,NULL,'8000','0',46,1,'2023-06-06 15:52:24',NULL,NULL),(398,250,'2020-07-09',NULL,'STA202398169','STAT-140',5160,5160,NULL,NULL,NULL,'5160','0',43,1,'2023-06-06 15:53:20',NULL,NULL),(399,117,'2020-07-22',NULL,'STA202313410','STAT 145',5000,4200,'800',NULL,NULL,'4200','0',42,1,'2023-06-06 15:53:44',NULL,NULL),(400,419,'2022-06-05',NULL,'STA202359348','1552',20499,17250,'3249',NULL,NULL,'17250','0',41,1,'2023-06-06 15:54:01',NULL,NULL),(401,396,'2022-04-04',NULL,'STA202367419','1515',6150,6150,NULL,NULL,NULL,'6150','0',49,1,'2023-06-06 15:54:05',NULL,NULL),(402,601,'2020-08-12',NULL,'STA202396766','stat-153b',5059,5059,NULL,NULL,NULL,'5059','0',43,1,'2023-06-06 15:54:46',NULL,NULL),(403,583,'2022-08-20',NULL,'STA202350757','1604',13700,10554,'3146',NULL,NULL,'10554','0',39,1,'2023-06-06 15:55:04',NULL,NULL),(404,369,'2022-02-20',NULL,'STA202357964','1466',32050,32050,NULL,NULL,NULL,'32050','0',51,1,'2023-06-06 15:56:05',NULL,NULL),(406,578,'2020-06-07',NULL,'STA202394196','G 00117',4900,4900,NULL,NULL,NULL,'4900','0',42,1,'2023-06-06 15:57:57',NULL,NULL),(407,464,'2022-08-20',NULL,'STA202386593','1605',31499,30499,'1000',NULL,NULL,'30499','0',39,1,'2023-06-06 15:58:00',NULL,NULL),(408,582,'2020-11-21',NULL,'STA202333879','2010160063',39900,39900,NULL,NULL,NULL,'39900','0',43,1,'2023-06-06 15:58:40',NULL,NULL),(410,465,'2022-08-20',NULL,'STA202316554','1606',42500,41000,'1500',NULL,NULL,'41000','0',39,1,'2023-06-06 15:59:56',NULL,NULL),(411,512,'2022-10-06',NULL,'STA202319241','1655',8800,7744,NULL,'12',NULL,'7744','0',51,1,'2023-06-06 16:00:03',NULL,NULL),(412,501,'2022-09-26',NULL,'STA202390710','1644',27999,23999,'4000',NULL,NULL,'23999','0',49,1,'2023-06-06 16:00:31',NULL,NULL),(413,696,'2022-08-22',NULL,'STA202334860','1607',27999,25199,'2800',NULL,NULL,'25199','0',39,1,'2023-06-06 16:01:30',NULL,NULL),(414,516,'2022-10-08',NULL,'STA202336723','1668',23500,21000,'2500',NULL,NULL,'21000','0',50,1,'2023-06-06 16:02:03',NULL,NULL),(415,109,'2020-11-18',NULL,'STA202367053','2010160054',24100,22400,'1700',NULL,NULL,'22400','0',43,1,'2023-06-06 16:02:05',NULL,NULL),(416,224,'2021-06-27',NULL,'STA202373857','2010160403',31600,30000,'1600',NULL,NULL,'30000','0',44,1,'2023-06-06 16:02:44',NULL,NULL),(417,113,'2020-02-15',NULL,'STA202378581','G-00018',2900,2030,NULL,'30',NULL,'2030','0',43,1,'2023-06-06 16:03:34',NULL,NULL),(418,392,'2022-04-10',NULL,'STA202390315','1517',6800,5984,NULL,'12',NULL,'5984','0',50,1,'2023-06-06 16:03:35',NULL,NULL),(419,560,'2020-07-28',NULL,'STA202329596','STAT 149',11470,11070,'400',NULL,NULL,'11070','0',42,1,'2023-06-06 16:04:01',NULL,NULL),(420,584,'2021-08-23',NULL,'STA202320922','2010160066',1500,1500,NULL,NULL,NULL,'1500','0',42,1,'2023-06-06 16:05:57',NULL,NULL),(421,181,'2021-01-06',NULL,'STA202374060','2010160119',22500,20100,'2400',NULL,NULL,'20100','0',54,1,'2023-06-06 16:06:10',NULL,NULL),(422,632,'2022-10-15',NULL,'STA202381364','1681',31000,28000,'3000',NULL,NULL,'28000','0',51,1,'2023-06-06 16:06:48',NULL,NULL),(423,387,'2022-05-14',NULL,'STA202364042','1537',6200,6200,NULL,NULL,NULL,'6200','0',50,1,'2023-06-06 16:06:54',NULL,NULL),(424,134,'2022-03-20',NULL,'STA202327538','1497',3000,2550,'450',NULL,NULL,'2550','0',49,1,'2023-06-06 16:06:55',NULL,NULL),(425,413,'2022-05-28',NULL,'STA202369936','1545',137350,131150,'6200',NULL,NULL,'131150','0',41,1,'2023-06-06 16:07:14',NULL,NULL),(426,134,'2022-08-22',NULL,'STA202368128','1608',47500,40375,'7125',NULL,NULL,'40375','0',39,1,'2023-06-06 16:08:06',NULL,NULL),(427,134,'2021-05-11',NULL,'STA202360995','2010160314',2400,2040,'360',NULL,NULL,'2040','0',54,1,'2023-06-06 16:08:31',NULL,NULL),(428,128,'2020-08-10',NULL,'STA202375685','STAT 153a',10000,10000,NULL,NULL,NULL,'10000','0',42,1,'2023-06-06 16:08:56',NULL,NULL),(429,393,'2022-04-02',NULL,'STA202316734','1512',17499,15100,'2399',NULL,NULL,'15100','0',53,1,'2023-06-06 16:09:07',NULL,NULL),(430,383,'2022-03-21',NULL,'STA202354121','1499',9800,9800,NULL,NULL,NULL,'9800','0',49,1,'2023-06-06 16:09:43',NULL,NULL),(431,134,'2022-03-07',NULL,'STA202368166','1479',6600,5610,NULL,'15',NULL,'5610','0',43,1,'2023-06-06 16:10:46',NULL,NULL),(432,255,'2020-12-26',NULL,'STA202350239','2010160104',14450,13500,'950',NULL,NULL,'13500','0',54,1,'2023-06-06 16:10:47',NULL,NULL),(433,381,'2022-03-12',NULL,'STA202357632','1485',26350,24300,'2050',NULL,NULL,'24300','0',50,1,'2023-06-06 16:11:27',NULL,NULL),(434,340,'2022-03-16',NULL,'STA202341632','1494',5800,4930,NULL,'15',NULL,'4930','0',43,1,'2023-06-06 16:12:21',NULL,NULL),(435,598,'2022-03-27',NULL,'STA202332680','1504',19900,16915,'2985',NULL,NULL,'16915','0',53,1,'2023-06-06 16:12:29',NULL,NULL),(436,191,'2021-05-23',NULL,'STA202347141','2010160319',5800,5000,'800',NULL,NULL,'5000','0',54,1,'2023-06-06 16:12:39',NULL,NULL),(437,569,'2022-05-29',NULL,'STA202360641','1544',6900,6210,NULL,'10',NULL,'6210','0',41,1,'2023-06-06 16:13:29',NULL,NULL),(438,524,'2020-08-05',NULL,'STA202371093','STAT-150',5059,5059,NULL,NULL,NULL,'5059','0',43,1,'2023-06-06 16:13:51',NULL,NULL),(439,385,'2022-03-16',NULL,'STA202377070','1493',10000,10000,NULL,NULL,NULL,'10000','0',53,1,'2023-06-06 16:15:27',NULL,NULL),(440,598,'2022-08-10',NULL,'STA202359127','1598',47500,40375,'7125',NULL,NULL,'40375','0',39,1,'2023-06-06 16:16:24',NULL,NULL),(441,215,'2022-05-10',NULL,'STA202372578','1534',40449,35674,'4775',NULL,NULL,'35674','0',50,1,'2023-06-06 16:16:39',NULL,NULL),(442,340,'2021-03-21',NULL,'STA202334329','2010160214',58600,50950,'7650',NULL,NULL,'50950','0',44,1,'2023-06-06 16:19:01',NULL,NULL),(443,9,'2020-07-22',NULL,'STA202368237','Stat 144A',9998,9998,NULL,NULL,NULL,'9998','0',42,1,'2023-06-06 16:19:21',NULL,NULL),(444,388,'2022-03-23',NULL,'STA202399073','1502',17599,17599,NULL,NULL,NULL,'17599','0',41,1,'2023-06-06 16:20:38',NULL,NULL),(445,161,'2021-03-07',NULL,'STA202369561','2010160191',2900,2650,'250',NULL,NULL,'2650','0',44,1,'2023-06-06 16:21:22',NULL,NULL),(446,534,'2020-07-08',NULL,'STA202339291','Stat 139',5069,4569,'500',NULL,NULL,'4569','0',42,1,'2023-06-06 16:21:43',NULL,NULL),(447,352,'2022-06-11',NULL,'STA202328437','1055',1945898,1832500,'113398',NULL,NULL,'1832500','0',46,1,'2023-06-06 16:22:29',NULL,NULL),(448,583,'2022-03-26',NULL,'STA202391412','1506',3400,2890,NULL,'15',NULL,'2890','0',41,1,'2023-06-06 16:22:37',NULL,NULL),(449,222,'2020-09-17',NULL,'STA202321447','Stat 171',4999,4999,NULL,NULL,NULL,'4999','0',42,1,'2023-06-06 16:23:07',NULL,NULL),(450,166,'2021-06-02',NULL,'STA202399143','2010160341',7900,7900,NULL,NULL,NULL,'7900','0',44,1,'2023-06-06 16:23:45',NULL,NULL),(451,487,'2022-09-12',NULL,'STA202344011','1632',21320,21320,NULL,NULL,NULL,'21320','0',50,1,'2023-06-06 16:24:07',NULL,NULL),(453,45,'2022-03-06',NULL,'STA202377232','1478',140500,129260,NULL,'8',NULL,'129260','0',53,1,'2023-06-06 16:24:56',NULL,NULL),(454,149,'2021-08-18',NULL,'STA202390419','2010160059',5000,5000,NULL,NULL,NULL,'5000','0',44,1,'2023-06-06 16:25:21',NULL,NULL),(455,700,'2022-12-15','no contact details found','STA202356313','1757',19500,17300,'2200',NULL,NULL,'17300','0',43,1,'2023-06-06 16:28:14',NULL,NULL),(456,467,'2022-08-24',NULL,'STA202348864','1609',719960,640000,'79960',NULL,NULL,'640000','0',39,1,'2023-06-06 16:28:59',NULL,NULL),(457,558,'2021-04-23',NULL,'STA202324968','2010160264',8700,8265,'435',NULL,NULL,'8265','0',44,1,'2023-06-06 16:29:14',NULL,NULL),(458,271,'2020-03-09','no contact details found','STA202350068','G-00022',4700,3290,NULL,'30',NULL,'3290','0',43,1,'2023-06-06 16:29:20',NULL,NULL),(459,701,'2022-12-01',NULL,'STA202360388','1734',26500,23250,'3250',NULL,NULL,'23250','0',43,1,'2023-06-06 16:31:16',NULL,NULL),(460,552,'2021-06-23',NULL,'STA202326976','2010160394',20100,19045,'1055',NULL,NULL,'19045','0',44,1,'2023-06-06 16:33:00',NULL,NULL),(462,153,'2021-07-25',NULL,'STA202382784','2010160438',1650,1650,NULL,NULL,NULL,'1650','0',44,1,'2023-06-06 16:35:15',NULL,NULL),(463,702,'2022-12-29','no contact details found','STA202371538','1749',6000,5100,'900',NULL,NULL,'5100','0',43,1,'2023-06-06 16:35:17',NULL,NULL),(464,84,'2021-06-30',NULL,'STA202363013','2010160410',33999,32499,'1500',NULL,NULL,'32499','0',44,1,'2023-06-06 16:39:13',NULL,NULL),(465,571,'2021-01-31',NULL,'STA202371557','2010160155',29499,26499,'3000',NULL,NULL,'26499','0',41,1,'2023-06-06 16:40:30',NULL,NULL),(466,561,'2021-03-25',NULL,'STA202397042','2010160219',3000,2800,'200',NULL,NULL,'2800','0',44,1,'2023-06-06 16:41:23',NULL,NULL),(467,226,'2021-03-24',NULL,'STA202352780','2010160216',27500,25500,'2000',NULL,NULL,'25500','0',41,1,'2023-06-06 16:42:28',NULL,NULL),(468,558,'2021-08-16',NULL,'STA202381923','0007',6500,6500,NULL,NULL,NULL,'6500','0',53,1,'2023-06-06 16:42:37',NULL,NULL),(469,120,'2021-03-25',NULL,'STA202345459','2010160218',24000,19750,'4250',NULL,NULL,'19750','0',44,1,'2023-06-06 16:43:56',NULL,NULL),(470,151,'2021-08-18',NULL,'STA202395735','0010',30899,27809,'3090',NULL,NULL,'27809','0',53,1,'2023-06-06 16:44:24',NULL,NULL),(471,81,'2021-03-27',NULL,'STA202366382','2010160220',22150,18360,'3790',NULL,NULL,'18360','0',44,1,'2023-06-06 16:47:43',NULL,NULL),(472,255,'2021-03-16',NULL,'STA202313946','0009',15500,14000,'1500',NULL,NULL,'14000','0',53,1,'2023-06-06 16:47:51',NULL,NULL),(473,145,'2020-11-07','16A socket (3pin A/C), X1 lock (T1),','STA202334713','2010160038',412198,387466,'24732',NULL,NULL,'387466','0',43,1,'2023-06-06 16:47:59',NULL,NULL),(474,56,'2021-01-01',NULL,'STA202326227','2010160339',44999,41499,'3500',NULL,NULL,'41499','0',41,1,'2023-06-06 16:48:11',NULL,NULL),(475,243,'2021-03-20',NULL,'STA202320106','2010160213',2150,1950,'200',NULL,NULL,'1950','0',44,1,'2023-06-06 16:49:47',NULL,NULL),(476,562,'2021-03-13',NULL,'STA202327791','0008',3060,3060,NULL,NULL,NULL,'3060','0',53,1,'2023-06-06 16:50:07',NULL,NULL),(477,57,'2021-03-16',NULL,'STA202350773','2010160211',5000,5000,NULL,NULL,NULL,'5000','0',44,1,'2023-06-06 16:51:35',NULL,NULL),(478,177,'2021-02-10',NULL,'STA202399983','2010160165',11600,11600,NULL,NULL,NULL,'11600','0',49,1,'2023-06-06 16:51:56',NULL,NULL),(479,41,'2021-05-19',NULL,'STA202387265','2010160316',5900,5900,NULL,NULL,NULL,'5900','0',46,1,'2023-06-06 16:52:30',NULL,NULL),(480,609,'2020-12-26',NULL,'STA202385188','0011',24500,20250,'4250',NULL,NULL,'20250','0',53,1,'2023-06-06 16:53:40',NULL,NULL),(481,265,'2021-01-02',NULL,'STA202328293','2010160116',5800,5800,NULL,NULL,NULL,'5800','0',46,1,'2023-06-06 16:55:26',NULL,NULL),(482,145,'2020-10-15','X1 (T1)','STA202383185','STAT-190',466698,438698,'28000',NULL,NULL,'438698','0',43,1,'2023-06-06 16:55:44',NULL,NULL),(483,168,'2021-02-03',NULL,'STA202394892','0012',30900,28000,'2900',NULL,NULL,'28000','0',53,1,'2023-06-06 16:56:10',NULL,NULL),(484,223,'2021-02-11',NULL,'STA202359240','2010160169',27999,25200,'2799',NULL,NULL,'25200','0',39,1,'2023-06-06 16:56:45',NULL,NULL),(485,157,'2022-12-20',NULL,'STA202317888','2010160090',3000,3000,NULL,NULL,NULL,'3000','0',46,1,'2023-06-06 16:56:56',NULL,NULL),(486,98,'2020-11-19',NULL,'STA202398232','0013',27000,27000,NULL,NULL,NULL,'27000','0',53,1,'2023-06-06 16:58:09',NULL,NULL),(487,145,'2020-08-13','Sold By Mr. Rahul','STA202340773','STAT-157',261400,261400,NULL,NULL,NULL,'261400','0',43,1,'2023-06-06 16:59:08',NULL,NULL),(488,242,'2021-02-20',NULL,'STA202368625','2010160177',2900,2900,NULL,NULL,NULL,'2900','0',39,1,'2023-06-06 16:59:25',NULL,NULL),(489,112,'2020-12-24',NULL,'STA202318682','2010160100',2900,2900,NULL,NULL,NULL,'2900','0',46,1,'2023-06-06 16:59:39',NULL,NULL),(490,145,'2020-11-10','Hub ( Alexa)','STA202321979','2010160050',59300,55742,'3558',NULL,NULL,'55742','0',43,1,'2023-06-06 17:01:02',NULL,NULL),(491,577,'2021-02-24',NULL,'STA202328137','2010160180',27999,27999,NULL,NULL,NULL,'27999','0',39,1,'2023-06-06 17:01:32',NULL,NULL),(492,79,'2021-01-23',NULL,'STA202367359','2010160133',17500,15400,'2100',NULL,NULL,'15400','0',49,1,'2023-06-06 17:01:34',NULL,NULL),(493,8,'2021-04-01',NULL,'STA202326207','0014',16900,15210,'1690',NULL,NULL,'15210','0',53,1,'2023-06-06 17:02:08',NULL,NULL),(494,89,'2021-02-23',NULL,'STA202327679','2010160179',2900,2900,NULL,NULL,NULL,'2900','0',49,1,'2023-06-06 17:04:19',NULL,NULL),(495,648,'2021-01-25',NULL,'STA202343777','0015',5800,5220,'580',NULL,NULL,'5220','0',53,1,'2023-06-06 17:06:12',NULL,NULL),(496,648,'2021-04-04',NULL,'STA202357397','0016',1750,1453,'297',NULL,NULL,'1453','0',53,1,'2023-06-06 17:08:01',NULL,NULL),(497,340,'2022-04-01',NULL,'STA202387514','1511',5800,4930,NULL,'15',NULL,'4930','0',46,1,'2023-06-06 17:08:43',NULL,NULL),(498,569,'2020-10-17',NULL,'STA202368069','0017',274600,247140,'27460',NULL,NULL,'247140','0',53,1,'2023-06-06 17:17:31',NULL,NULL),(499,79,'2020-10-10',NULL,'STA202335494','stat-186',32100,28248,NULL,'12',NULL,'28248','0',50,1,'2023-06-06 17:33:00',NULL,NULL),(500,560,'0222-04-04',NULL,'STA202375426','1514',20700,20700,NULL,NULL,NULL,'20700','0',46,1,'2023-06-06 18:55:37',NULL,NULL),(501,386,'2022-03-10',NULL,'STA202376804','1509',8850,8850,NULL,NULL,NULL,'8850','0',46,1,'2023-06-06 19:00:22',NULL,NULL),(502,598,'2022-03-20',NULL,'STA202381597','1498',30800,26180,NULL,'15',NULL,'26180','0',46,1,'2023-06-06 19:08:39',NULL,NULL),(503,81,'2021-03-14',NULL,'STA202395777','2010160204',33300,29000,'4300',NULL,NULL,'29000','0',46,1,'2023-06-06 19:16:09',NULL,NULL),(504,548,'2020-12-22',NULL,'STA202383103','2010160094',97400,87700,'9700',NULL,NULL,'87700','0',46,1,'2023-06-06 19:44:52',NULL,NULL),(505,585,'2021-06-28',NULL,'STA202382098','2010160407',46600,41100,'5500',NULL,NULL,'41100','0',46,1,'2023-06-07 10:12:18',NULL,NULL),(506,216,'2020-08-31',NULL,'STA202345305','161',191400,143550,NULL,'25',NULL,'143550','0',39,1,'2023-06-07 14:19:33',NULL,NULL),(507,183,'2020-09-03',NULL,'STA202314862','162',6759,6759,NULL,NULL,NULL,'6759','0',39,1,'2023-06-07 14:22:09',NULL,NULL),(508,238,'2020-09-03',NULL,'STA202341369','163',6699,6699,NULL,NULL,NULL,'6699','0',39,1,'2023-06-07 14:23:45',NULL,NULL),(509,573,'2020-08-12',NULL,'STA202366687','155',5059,5059,NULL,NULL,NULL,'5059','0',39,1,'2023-06-07 14:26:10',NULL,NULL),(510,273,'2020-08-22',NULL,'STA202373587','157',92000,92000,NULL,NULL,NULL,'92000','0',39,1,'2023-06-07 14:28:46',NULL,NULL),(511,648,'2020-11-18',NULL,'STA202356101','2010160056',27000,27000,NULL,NULL,NULL,'27000','0',39,1,'2023-06-07 14:32:03',NULL,NULL),(512,648,'2021-02-11',NULL,'STA202348276','2010160170',27999,23500,'4499',NULL,NULL,'23500','0',39,1,'2023-06-07 14:34:01',NULL,NULL),(513,689,'2020-08-18',NULL,'STA202318245','158',7000,7000,NULL,NULL,NULL,'7000','0',39,1,'2023-06-07 14:38:56',NULL,NULL),(514,129,'2020-08-25',NULL,'STA202320185','160',24000,24000,NULL,NULL,NULL,'24000','0',39,1,'2023-06-07 14:44:57',NULL,NULL),(515,205,'2020-08-25',NULL,'STA202333833','159',5800,5046,NULL,'13',NULL,'5046','0',39,1,'2023-06-07 14:46:17',NULL,NULL),(516,167,'2020-09-05',NULL,'STA202314150','166',2900,2900,NULL,NULL,NULL,'2900','0',39,1,'2023-06-07 14:47:16',NULL,NULL),(517,592,'2020-12-28',NULL,'STA202324722','2010160107',41699,38000,'3699',NULL,NULL,'38000','0',43,1,'2023-06-07 15:00:08',NULL,NULL),(518,102,'2021-04-13',NULL,'STA202336169','2010160244',63000,52000,'11000',NULL,NULL,'52000','0',43,1,'2023-06-07 15:03:07',NULL,NULL),(519,703,'2023-06-08','Previous Payment: 480,000 (20% on overall product) paid on 30/04/23','STA202375831','1830',1205100,964080,NULL,'20',NULL,'289224','482040',54,1,'2023-06-07 16:25:12',NULL,NULL),(520,21,'2021-07-13',NULL,'STA202317935','2010160424',238700,214830,'23870',NULL,NULL,'214830','0',43,1,'2023-06-08 10:49:25',NULL,NULL),(521,21,'2021-07-14',NULL,'STA202355364','2010160425',142500,128250,'14250',NULL,NULL,'128250','0',43,1,'2023-06-08 10:54:24',NULL,NULL),(522,539,'2019-12-17','No Contact address','STA202332902','G-0005',17000,12060,'4940',NULL,NULL,'12060','0',43,1,'2023-06-10 09:58:18',NULL,NULL),(523,538,'2019-12-04','No Contact Details','STA202318726','G-0004',5600,5600,NULL,NULL,NULL,'5600','0',43,1,'2023-06-10 10:01:33',NULL,NULL),(524,274,'2019-12-01','No Contact Details','STA202341499','G-0003',6300,5550,'750',NULL,NULL,'5550','0',43,1,'2023-06-10 10:03:36',NULL,NULL),(525,518,'2019-11-30',NULL,'STA202333827','G-0002',9500,9500,NULL,NULL,NULL,'9500','0',43,1,'2023-06-10 10:15:33',NULL,NULL),(526,275,'2019-11-20','No contact details','STA202323361','G-00010',1700,1190,'510',NULL,NULL,'1190','0',43,1,'2023-06-10 10:26:45',NULL,NULL),(527,381,'2020-08-17',NULL,'STA202328352','STAT-156',29600,25100,'4500',NULL,NULL,'25100','0',43,1,'2023-06-10 10:32:05',NULL,NULL),(528,591,'2019-11-26','No Contact details','STA202388668','G-0001/A',22000,17000,'5000',NULL,NULL,'17000','0',43,1,'2023-06-10 10:34:18',NULL,NULL),(529,116,'2020-09-05',NULL,'STA202373862','STAT-165',2960,2960,NULL,NULL,NULL,'2960','0',43,1,'2023-06-10 10:36:10',NULL,NULL),(530,583,'2020-11-30',NULL,'STA202333325','2010160074',2900,2697,NULL,'7',NULL,'2697','0',43,1,'2023-06-10 10:38:13',NULL,NULL),(531,651,'2023-06-11',NULL,'STA202372223','Sale',14400,11808,NULL,'18',NULL,'11808','0',41,1,'2023-06-12 15:48:55',NULL,NULL),(532,598,'2023-05-31',NULL,'STA202396839',NULL,84600,67680,NULL,'20',NULL,'67680','0',44,1,'2023-06-13 12:15:20',NULL,NULL),(534,706,'2023-06-13',NULL,'STA202315520',NULL,7570,6570,'1000',NULL,NULL,'6570','0',50,1,'2023-06-13 16:37:36',NULL,NULL),(535,707,'2023-06-14',NULL,'STA202315947',NULL,3000,3000,NULL,NULL,NULL,'0','3000',54,1,'2023-06-14 15:35:18',NULL,NULL),(538,691,'2023-06-18',NULL,'STA202316685',NULL,5900,4838,NULL,'18',NULL,'4836','2',41,1,'2023-06-18 09:13:04',NULL,NULL),(540,715,'2023-06-18',NULL,'STA202386587',NULL,1898,1519,'379',NULL,NULL,'1519','0',41,1,'2023-06-18 10:42:44',NULL,NULL),(541,711,'2023-06-18',NULL,'STA202363415',NULL,83500,83500,NULL,NULL,NULL,'0','83500',56,1,'2023-06-18 11:03:43',NULL,NULL),(542,716,'2023-06-18',NULL,'STA202399170',NULL,40300,30225,NULL,'25',NULL,'0','30225',42,1,'2023-06-18 15:35:54',NULL,NULL),(544,716,'2023-06-20',NULL,'STA202378533',NULL,13250,9938,NULL,'25',NULL,'0','9937.5',42,1,'2023-06-20 09:47:30',NULL,NULL),(545,636,'2023-06-19',NULL,'STA202312211','Sta 202313291',17999,13500,'4499',NULL,NULL,'13500','0',42,1,'2023-06-21 10:18:57',NULL,NULL),(546,709,'2023-06-22',NULL,'STA202354458',NULL,3550,3550,NULL,NULL,NULL,'0','3550',56,1,'2023-06-22 09:29:35',NULL,NULL),(547,307,'2023-06-22',NULL,'STA202379953',NULL,6600,5610,NULL,'15',NULL,'5610','0',41,1,'2023-06-22 13:40:22',NULL,NULL),(549,703,'2023-06-26',NULL,'STA202376970',NULL,250000,200000,NULL,'20',NULL,'60000','140000',54,1,'2023-06-26 11:47:36',NULL,NULL),(550,653,'2023-06-26','Hidden Automation','STA202389330',NULL,45500,33670,NULL,'26',NULL,'10000','23670',42,1,'2023-06-26 16:42:44',NULL,NULL),(551,657,'2023-07-03',NULL,'STA202385823',NULL,3150,3150,NULL,NULL,NULL,'3150','0',39,1,'2023-07-03 12:25:37',NULL,NULL),(553,81,'2023-07-03','from dealer refer','STA202370775',NULL,38000,30400,NULL,'20',NULL,'30400','0',41,1,'2023-07-04 12:03:15',NULL,NULL),(554,691,'2023-07-04',NULL,'STA202373573',NULL,6050,4961,NULL,'18',NULL,'4961','0',41,1,'2023-07-04 16:13:08',NULL,NULL),(555,340,'2023-07-05',NULL,'STA202360886',NULL,8400,6888,NULL,'18',NULL,'6888','0',44,1,'2023-07-05 10:24:11',NULL,NULL),(556,720,'2023-06-08',NULL,'STA202310425',NULL,60420,45270,'15150',NULL,NULL,'25000','20270',42,1,'2023-07-05 11:58:11',NULL,NULL),(557,722,'2023-07-06',NULL,'STA202322753',NULL,6960,6960,NULL,NULL,NULL,'0','6960',56,1,'2023-07-06 16:50:09',NULL,NULL),(558,703,'2023-07-08',NULL,'STA202362345',NULL,999900,799920,NULL,'20',NULL,'199980','599940',1,1,'2023-07-08 11:26:39',NULL,NULL),(559,709,'2023-07-09',NULL,'STA202395963',NULL,3300,2970,NULL,'10',NULL,'0','2970',56,1,'2023-07-09 10:27:08',NULL,NULL),(560,651,'2023-07-09',NULL,'STA202355461',NULL,14250,11685,NULL,'18',NULL,'11685','0',41,1,'2023-07-09 15:12:39',NULL,NULL),(561,723,'2023-07-13',NULL,'STA202361141',NULL,260200,260200,NULL,NULL,NULL,'50000','210200',50,1,'2023-07-13 13:53:13',NULL,NULL),(562,470,'2023-07-15',NULL,'STA202357942',NULL,6600,5940,NULL,'10',NULL,'5940','0',52,1,'2023-07-15 10:12:59',NULL,NULL),(563,724,'2023-07-18',NULL,'STA202359288',NULL,3300,3300,NULL,NULL,NULL,'3300','0',54,1,'2023-07-18 11:09:04',NULL,NULL),(565,726,'2023-07-22',NULL,'STA202328412',NULL,4548,3411,NULL,'25',NULL,'3411','0',45,1,'2023-07-22 10:17:32',NULL,NULL),(566,682,'2023-07-25',NULL,'STA202346124',NULL,15999,12320,'3679',NULL,NULL,'12320','0',41,1,'2023-07-25 12:48:58',NULL,NULL),(567,725,'2023-07-19','Chalan forwarded before','STA202372167',NULL,8300,6225,NULL,'25',NULL,'0','6225',42,1,'2023-07-26 14:31:56',NULL,NULL),(568,727,'2023-07-27',NULL,'STA202335952',NULL,2200,1870,NULL,'15',NULL,'1870','0',45,1,'2023-07-27 10:12:03','2023-07-26 23:41:53',NULL),(570,715,'2023-07-30',NULL,'STA202353701',NULL,20100,15075,'5025',NULL,NULL,'15075','0',41,1,'2023-07-30 10:34:12',NULL,NULL),(571,620,'2023-08-01',NULL,'STA202365740',NULL,25000,25000,NULL,NULL,NULL,'25000','0',52,1,'2023-08-01 15:20:58',NULL,NULL),(572,730,'2023-08-05',NULL,'STA202396434',NULL,5200,4420,'780',NULL,NULL,'4420','0',41,1,'2023-08-05 11:11:37',NULL,NULL),(573,731,'2023-08-05',NULL,'STA202372926',NULL,1650,1500,'150',NULL,NULL,'0','1500',52,1,'2023-08-05 15:32:39',NULL,NULL),(574,732,'2023-08-06',NULL,'STA202344167',NULL,3800,3230,NULL,'15',NULL,'0','3230',42,1,'2023-08-06 10:19:50',NULL,NULL),(575,733,'2023-08-06',NULL,'STA202380107',NULL,78674,78674,NULL,NULL,NULL,'78674','0',52,1,'2023-08-06 12:25:13',NULL,NULL),(576,734,'2023-08-07',NULL,'STA202385167',NULL,24200,21780,NULL,'10',NULL,'21780','0',52,1,'2023-08-07 11:11:00',NULL,NULL),(577,735,'2023-08-08',NULL,'STA202363825',NULL,9500,9500,NULL,NULL,NULL,'9500','0',54,1,'2023-08-08 11:35:37',NULL,NULL),(578,736,'2023-08-09',NULL,'STA202395382',NULL,27999,24640,'3359',NULL,NULL,'24640','0',54,1,'2023-08-09 11:16:12',NULL,NULL),(579,737,'2023-08-09','Transportation Cost 1500 tk','STA202391083',NULL,29500,23600,NULL,'20',NULL,'23600','0',41,1,'2023-08-09 16:52:37',NULL,NULL),(580,725,'2023-08-10',NULL,'STA202353923',NULL,44100,33075,NULL,'25',NULL,'0','33075',42,1,'2023-08-10 12:19:15',NULL,NULL),(581,738,'2023-08-16',NULL,'STA202310784',NULL,27999,19599,'8400',NULL,NULL,'19599','0',42,1,'2023-08-16 14:46:46',NULL,NULL),(582,715,'2023-08-17',NULL,'STA202329409',NULL,27100,22222,NULL,'18',NULL,'22222','0',41,1,'2023-08-17 15:48:44',NULL,NULL),(583,583,'2023-08-21',NULL,'STA202368962',NULL,2900,2378,NULL,'18',NULL,'2378','0',44,1,'2023-08-21 09:11:29',NULL,NULL),(584,739,'2023-08-21',NULL,'STA202374020',NULL,3300,2640,NULL,'20',NULL,'2640','0',54,1,'2023-08-21 09:30:20',NULL,NULL),(585,583,'2023-08-21',NULL,'STA202315401',NULL,18000,14760,NULL,'18',NULL,'14760','0',44,1,'2023-08-21 14:19:49',NULL,NULL),(586,215,'2023-08-01',NULL,'STA202350277',NULL,51000,38250,NULL,'25',NULL,'15000','23250',39,1,'2023-08-21 16:01:45',NULL,NULL),(587,509,'2023-08-23',NULL,'STA202386985',NULL,7200,5700,'1500',NULL,NULL,'0','5700',54,1,'2023-08-23 12:36:48',NULL,NULL),(590,651,'2023-08-28',NULL,'STA202374353',NULL,17892,13419,NULL,'25',NULL,'13419','0',41,1,'2023-08-28 10:10:31',NULL,NULL),(591,668,'2023-08-28',NULL,'STA202363417',NULL,85100,72335,NULL,'15',NULL,'0','72335',52,1,'2023-08-28 10:27:57',NULL,NULL),(592,741,'2023-08-29',NULL,'STA202338835',NULL,3550,3055,'495',NULL,NULL,'0','3055',54,1,'2023-08-29 05:09:42',NULL,NULL),(593,742,'2023-08-29',NULL,'STA202344017',NULL,47900,38320,NULL,'20',NULL,'38320','0',52,1,'2023-08-29 06:41:33',NULL,NULL),(594,651,'2023-08-30',NULL,'STA202383637',NULL,14497,10872,'3625',NULL,NULL,'10872','0',41,1,'2023-08-30 05:33:23',NULL,NULL),(595,743,'2023-09-02',NULL,'STA202345201',NULL,27900,22320,NULL,'20',NULL,'11160','11160',54,1,'2023-09-02 16:32:15',NULL,NULL),(596,743,'2023-09-03',NULL,'STA202358533',NULL,25400,19050,NULL,'25',NULL,'0','19050',54,1,'2023-09-03 06:50:36',NULL,NULL),(597,340,'2023-08-30',NULL,'STA202347254',NULL,9500,7790,NULL,'18',NULL,'7790','0',44,1,'2023-09-04 06:53:05',NULL,NULL),(598,745,'2023-09-07',NULL,'STA202340308',NULL,42500,40500,'2000',NULL,NULL,'0','40500',52,1,'2023-09-07 04:35:21',NULL,NULL),(599,746,'2023-09-07',NULL,'STA202318667',NULL,15300,11475,NULL,'25',NULL,'0','11475',52,1,'2023-09-07 06:49:51',NULL,NULL),(600,729,'2023-09-07',NULL,'STA202327426',NULL,46950,34743,NULL,'26',NULL,'35000','-257',42,1,'2023-09-07 07:33:03',NULL,NULL),(601,743,'2023-09-07',NULL,'STA202360702',NULL,14600,10950,NULL,'25',NULL,'0','10950',54,1,'2023-09-07 11:18:32',NULL,NULL),(602,747,'2023-09-06',NULL,'STA202318197',NULL,3300,2800,'500',NULL,NULL,'2800','0',51,1,'2023-09-07 12:08:04',NULL,NULL),(605,296,'2023-09-08',NULL,'STA202332932',NULL,14000,12600,NULL,'10',NULL,'0','12600',54,1,'2023-09-08 09:21:58',NULL,NULL),(606,651,'2023-09-09',NULL,'STA202327018',NULL,16400,13448,NULL,'18',NULL,'13448','0',41,1,'2023-09-09 05:22:20',NULL,NULL),(607,749,'2023-09-09',NULL,'STA202329321',NULL,6200,4960,NULL,'20',NULL,'4960','0',42,1,'2023-09-09 06:39:34',NULL,NULL),(608,750,'2023-09-09',NULL,'STA202340519',NULL,36700,31195,NULL,'15',NULL,'31195','0',50,1,'2023-09-09 12:08:16',NULL,NULL),(609,748,'2023-09-11',NULL,'STA202397660',NULL,60400,54360,NULL,'10',NULL,'0','54360',52,1,'2023-09-11 06:17:57',NULL,NULL),(610,205,'2023-09-13',NULL,'STA202320667',NULL,3300,3300,NULL,NULL,NULL,'3300','0',42,1,'2023-09-13 05:01:15',NULL,NULL),(611,735,'2023-09-13',NULL,'STA202344995',NULL,36000,33000,'3000',NULL,NULL,'33000','0',54,1,'2023-09-13 07:04:56',NULL,NULL),(612,509,'2023-09-14',NULL,'STA202366877',NULL,33600,26600,'7000',NULL,NULL,'0','26600',54,1,'2023-09-14 07:59:24',NULL,NULL),(613,752,'2023-09-19',NULL,'STA202358006',NULL,1800,1800,NULL,NULL,NULL,'1800','0',41,1,'2023-09-19 05:00:43',NULL,NULL),(615,754,'2023-09-20',NULL,'STA202398807',NULL,35000,26250,NULL,'25',NULL,'1','26249',42,1,'2023-09-20 05:32:34',NULL,NULL),(616,755,'2023-09-20',NULL,'STA202312789',NULL,3300,2970,NULL,'10',NULL,'2970','0',52,1,'2023-09-20 09:04:02',NULL,NULL),(617,756,'2023-09-25',NULL,'STA202367894',NULL,62997,53547,NULL,'15',NULL,'53547','0',54,1,'2023-09-25 04:45:01',NULL,NULL),(618,735,'2023-09-25',NULL,'STA202374629',NULL,16100,14812,NULL,'8',NULL,'14812','0',54,1,'2023-09-25 04:58:15',NULL,NULL),(620,509,'2023-09-27',NULL,'STA202346414',NULL,36000,28500,'7500',NULL,NULL,'0','28500',54,1,'2023-09-27 06:34:21',NULL,NULL),(621,340,'2023-10-01',NULL,'STA202357408',NULL,12800,10496,NULL,'18',NULL,'10496','0',44,1,'2023-10-01 06:05:44',NULL,NULL),(622,352,'2023-10-01','Advance Payment: 916,250.     \r\nSecond Installment-35%: 641,410','STA202319051',NULL,1945998,1832600,'113398',NULL,NULL,'1557660','274940',1,1,'2023-10-01 09:13:09',NULL,NULL),(623,651,'2023-10-02',NULL,'STA202352401',NULL,52890,42312,NULL,'20',NULL,'42312','0',41,1,'2023-10-02 04:46:52',NULL,NULL),(624,651,'2023-10-02',NULL,'STA202340357',NULL,15100,12080,NULL,'20',NULL,'12080','0',41,1,'2023-10-02 04:49:24',NULL,NULL),(626,715,'2023-10-03',NULL,'STA202387105',NULL,2500,2050,NULL,'18',NULL,'2050','0',41,1,'2023-10-03 08:58:45',NULL,NULL),(627,762,'2023-10-03',NULL,'STA202329867',NULL,237300,170856,NULL,'28',NULL,'170600','256',39,1,'2023-10-03 09:05:19',NULL,NULL),(628,385,'2023-10-04',NULL,'STA202375698',NULL,127992,72000,'55992',NULL,NULL,'72000','0',54,0,'2023-10-04 05:37:25','2023-10-05 06:23:13',NULL),(629,315,'2023-10-05',NULL,'STA202344092',NULL,25000,20000,NULL,'20',NULL,'20000','0',45,1,'2023-10-05 06:39:51',NULL,NULL),(630,764,'2023-10-05',NULL,'STA202355148',NULL,27000,20000,'7000',NULL,NULL,'20000','0',54,1,'2023-10-05 09:26:01','2023-11-01 05:09:52',NULL),(631,365,'2023-10-08',NULL,'STA202319930',NULL,52000,39000,NULL,'25',NULL,'1','38999',42,1,'2023-10-08 04:37:04',NULL,NULL),(632,719,'2023-10-10','Sharshina lightings avail 9% Previous Quotation STAQ202346352 Normal socket will added.','STA202338486',NULL,46600,43804,NULL,'6',NULL,'43804','0',41,1,'2023-10-10 06:03:26',NULL,NULL),(633,766,'2023-10-10',NULL,'STA202382628',NULL,4400,4400,NULL,NULL,NULL,'4400','0',50,1,'2023-10-10 06:32:02','2023-11-29 06:45:27',NULL),(634,769,'2023-10-11','1. ( Warranty only for transformer 6 months ), The film will claim an international standard warranty policy replacement while installing.\r\n2. DP boiler switch will claim 1 year replacement and 5 years service warranty.','STA202378581',NULL,180600,160600,'20000',NULL,NULL,'160600','0',41,1,'2023-10-11 11:23:57','2023-11-02 10:12:35',NULL),(636,770,'2023-10-12','APT D-02','STA202356505',NULL,35400,27225,'8175',NULL,NULL,'0','27225',52,1,'2023-10-11 13:24:22',NULL,NULL),(637,767,'2023-10-12',NULL,'STA202336417',NULL,17400,13920,NULL,'20',NULL,'13920','0',42,1,'2023-10-12 05:07:44','2023-11-09 05:51:18',NULL),(638,651,'2023-10-14',NULL,'STA202381707',NULL,64900,64900,NULL,NULL,NULL,'0','64900',41,1,'2023-10-14 03:38:22','2023-11-18 06:38:21',NULL),(639,651,'2023-10-14',NULL,'STA202317886',NULL,17400,13920,NULL,'20',NULL,'0','13920',41,1,'2023-10-14 03:54:40',NULL,NULL),(640,651,'2023-10-14',NULL,'STA202350296',NULL,2900,2900,NULL,NULL,NULL,'2900','13920',41,1,'2023-10-14 04:00:09',NULL,NULL),(641,418,'2023-10-14',NULL,'STA202371819',NULL,2900,2175,NULL,'25',NULL,'2175','0',45,1,'2023-10-14 05:16:38',NULL,NULL),(643,340,'2023-10-14',NULL,'STA202320902',NULL,22400,18368,NULL,'18',NULL,'18368','0',44,1,'2023-10-14 11:32:46',NULL,0),(644,643,'2023-10-15',NULL,'STA202312156',NULL,18000,14040,NULL,'22',NULL,'14040','0',45,1,'2023-10-15 04:22:57','2023-11-01 06:34:16',14040),(645,773,'2023-10-16',NULL,'STA202312073',NULL,42200,33760,NULL,'20',NULL,'33760','0',54,1,'2023-10-16 08:26:56','2023-10-18 11:19:20',0),(647,774,'2023-10-17',NULL,'STA202352655',NULL,89600,76160,NULL,'15',NULL,'76160','0',50,1,'2023-10-18 05:12:45',NULL,0),(648,735,'2023-10-18',NULL,'STA202312921',NULL,6600,6270,NULL,'5',NULL,'6270','0',54,1,'2023-10-18 07:13:01',NULL,0),(649,770,'2023-10-18','APT D-02','STA202363963',NULL,90650,81585,NULL,'10',NULL,'81585','0',52,1,'2023-10-18 08:18:51',NULL,0),(650,770,'2023-10-18','APT E-04','STA202397033',NULL,65850,59265,NULL,'10',NULL,'59265','0',52,1,'2023-10-18 08:24:13','2023-11-04 05:46:59',31490),(651,776,'2023-10-19',NULL,'STA202352751',NULL,4070,4070,NULL,NULL,NULL,'4070','0',54,1,'2023-10-19 07:00:54',NULL,0),(652,651,'2023-10-21',NULL,'STA202395114',NULL,3450,2760,NULL,'20',NULL,'30600','0',41,1,'2023-10-21 04:56:06',NULL,-27840),(653,672,'2023-10-22',NULL,'STA202317476',NULL,182496,147496,'35000',NULL,NULL,'147496','0',39,1,'2023-10-22 05:04:06','2023-12-06 05:10:04',147496),(654,631,'2023-10-22',NULL,'STA202384458',NULL,9900,7920,NULL,'20',NULL,'0','7920',52,1,'2023-10-22 11:20:12',NULL,7920),(655,81,'2023-10-25',NULL,'STA202331197',NULL,13800,11730,NULL,'15',NULL,'11730','0',41,1,'2023-10-25 05:48:09','2023-10-26 09:21:24',11730),(656,779,'2023-10-25',NULL,'STA202367689',NULL,48400,41140,NULL,'15',NULL,'40900','240',44,1,'2023-10-25 10:47:54',NULL,240),(657,418,'2023-10-30',NULL,'STA202368847',NULL,3300,2475,NULL,'25',NULL,'0','2475',45,1,'2023-10-30 05:24:23',NULL,2475),(658,764,'2023-10-30',NULL,'STA202351410',NULL,10800,8100,NULL,'25',NULL,'8100','0',52,1,'2023-10-30 07:12:32','2023-11-01 18:19:40',6675),(659,81,'2023-10-30',NULL,'STA202330956',NULL,2900,2610,NULL,'10',NULL,'2610','0',45,1,'2023-10-30 08:01:04','2023-11-06 09:22:35',2610),(660,781,'2023-10-31',NULL,'STA202363781',NULL,2700,2700,NULL,NULL,NULL,'0','2700',54,1,'2023-10-31 05:14:56',NULL,2700),(663,782,'2023-11-01',NULL,'STA202359950',NULL,25000,21250,'3750',NULL,NULL,'21250','0',54,1,'2023-11-01 04:27:33',NULL,0),(665,713,'2023-11-02',NULL,'STA202343049',NULL,26000,26000,NULL,NULL,NULL,'0','26000',54,1,'2023-11-02 06:27:01','2023-11-04 05:45:47',26000),(666,783,'2023-11-05',NULL,'STA202376172',NULL,3300,2310,NULL,'30',NULL,'0','2310',62,1,'2023-11-05 12:12:38',NULL,2310),(667,784,'2023-11-06',NULL,'STA202339914',NULL,7500,6600,NULL,'12',NULL,'6600','0',54,1,'2023-11-06 10:53:28',NULL,0),(668,682,'2023-11-08',NULL,'STA202342758',NULL,25000,20000,NULL,'20',NULL,'20000','0',41,1,'2023-11-08 05:13:07','2023-11-08 11:09:10',20000),(669,786,'2023-11-08',NULL,'STA202360750',NULL,33500,30140,'3360',NULL,NULL,'30140','0',54,1,'2023-11-08 11:20:23',NULL,0),(670,787,'2023-11-08',NULL,'STA202323449',NULL,13200,13200,NULL,NULL,NULL,'0','13200',44,1,'2023-11-08 13:08:43',NULL,13200),(671,682,'2023-11-09',NULL,'STA202341323','STA202342758',2000,1600,NULL,'20',NULL,'1600','0',41,1,'2023-11-09 04:43:36','2023-11-16 09:56:20',1600),(672,789,'2023-11-09',NULL,'STA202318610',NULL,28000,25200,NULL,'10',NULL,'25200','0',54,1,'2023-11-09 05:15:54',NULL,0),(673,750,'2023-11-11',NULL,'STA202372730',NULL,14600,12410,NULL,'15',NULL,'12410','0',50,1,'2023-11-11 05:13:49',NULL,0),(674,791,'2023-11-11',NULL,'STA202355986',NULL,32300,28101,NULL,'13',NULL,'28101','0',54,0,'2023-11-11 12:02:15','2023-11-11 12:16:41',0),(675,791,'2023-11-11',NULL,'STA202386492',NULL,36800,32016,NULL,'13',NULL,'32016','0',54,1,'2023-11-11 12:15:53',NULL,0),(676,742,'2023-11-12',NULL,'STA202313258',NULL,5800,4756,NULL,'18',NULL,'4756','0',44,1,'2023-11-12 05:30:05','2023-11-18 06:46:26',4756),(677,787,'2023-11-12',NULL,'STA202397258',NULL,6600,5280,NULL,'20',NULL,'0','18480',54,1,'2023-11-12 06:02:24',NULL,5280),(678,583,'2023-11-12','Rest of the products will be delivered within 15 working days.','STA202363483',NULL,232600,190732,NULL,'18',NULL,'0','190732',44,1,'2023-11-12 10:51:23',NULL,190732),(679,793,'2023-11-13',NULL,'STA202323932',NULL,30900,25647,NULL,'17',NULL,'25647','0',54,1,'2023-11-13 10:41:22',NULL,0),(680,793,'2023-11-13',NULL,'STA202331754',NULL,8000,6640,NULL,'17',NULL,'6640','0',54,0,'2023-11-13 10:42:35','2023-11-13 10:44:16',0),(681,793,'2023-11-13',NULL,'STA202347581',NULL,5100,4233,NULL,'17',NULL,'4233','0',54,1,'2023-11-13 10:52:38',NULL,0),(682,81,'2023-11-14',NULL,'STA202339037',NULL,27100,23035,NULL,'15',NULL,'23035','0',41,1,'2023-11-14 05:20:56','2023-11-16 09:56:07',23035),(683,774,'2023-11-15',NULL,'STA202386498',NULL,4000,1635,'2365',NULL,NULL,'1635','0',50,1,'2023-11-15 09:08:49',NULL,0),(684,796,'2023-11-15',NULL,'STA202311532',NULL,18000,14940,NULL,'17',NULL,'0','14940',54,1,'2023-11-15 12:16:49',NULL,14940),(685,640,'2023-11-18',NULL,'STA202380657',NULL,2900,2610,NULL,'10',NULL,'2610','0',50,1,'2023-11-18 05:41:13',NULL,0),(686,640,'2023-11-18',NULL,'STA202344135',NULL,250,250,NULL,NULL,NULL,'250','0',50,1,'2023-11-18 05:50:16',NULL,0),(687,797,'2023-11-16',NULL,'STA202344225',NULL,3000,2700,NULL,'10',NULL,'2700','0',54,1,'2023-11-18 06:23:58',NULL,0),(688,598,'2023-11-01',NULL,'STA202336899',NULL,5800,4640,NULL,'20',NULL,'4640','0',44,1,'2023-11-18 07:46:42',NULL,0),(689,598,'2023-11-18',NULL,'STA202357080',NULL,13200,10560,NULL,'20',NULL,'10560','0',44,1,'2023-11-18 07:53:47',NULL,0),(690,795,'2023-11-16',NULL,'STA202353530',NULL,42300,42300,NULL,NULL,NULL,'0','42300',52,1,'2023-11-18 08:23:49',NULL,42300),(691,725,'2023-11-20','additional 2ps Fan','STA202360441',NULL,25600,20480,NULL,'20',NULL,'4000','16480',39,1,'2023-11-20 10:47:32',NULL,16480),(693,794,'2023-11-22',NULL,'STA202345118',NULL,120000,100000,'20000',NULL,NULL,'100000','0',54,1,'2023-11-22 11:19:28','2023-12-03 12:22:05',50000),(694,799,'2023-11-22',NULL,'STA202330595',NULL,18000,16200,NULL,'10',NULL,'16200','0',54,1,'2023-11-22 11:59:48',NULL,0),(695,340,'2023-11-22',NULL,'STA202365156',NULL,232600,186080,NULL,'20',NULL,'186080','0',44,1,'2023-11-27 06:23:14',NULL,0),(696,802,'2023-11-28',NULL,'STA202355201',NULL,22697,18157,'4540',NULL,NULL,'18157','0',52,1,'2023-11-28 07:32:48',NULL,0),(697,803,'2023-11-28',NULL,'STA202325280',NULL,12600,10080,NULL,'20',NULL,'10080','0',50,1,'2023-11-28 11:01:47',NULL,0),(698,317,'2023-11-28',NULL,'STA202336381',NULL,29499,20000,'9499',NULL,NULL,'20000','0',54,0,'2023-11-28 11:42:02','2023-11-30 06:26:57',20000),(699,766,'2023-11-29',NULL,'STA202345390',NULL,29499,26140,'3359',NULL,NULL,'26140','0',54,1,'2023-11-29 06:47:03','2023-11-30 06:24:29',26140),(700,317,'2023-11-30',NULL,'STA202382839',NULL,36500,25550,NULL,'30',NULL,'25550','0',54,1,'2023-11-30 06:28:41','2023-12-02 08:58:03',25550),(701,806,'2023-11-30',NULL,'STA202324348',NULL,1310,1310,NULL,NULL,NULL,'1310','0',50,1,'2023-11-30 10:38:12','2023-11-30 10:54:04',1310),(702,789,'2023-12-02',NULL,'STA202328186',NULL,42500,38250,NULL,'10',NULL,'38250','0',54,1,'2023-12-02 05:31:57','2023-12-03 12:09:40',38250),(703,715,'2023-12-02',NULL,'STA202328980',NULL,8600,7052,NULL,'18',NULL,'0','7052',41,1,'2023-12-02 07:32:59',NULL,7052),(704,598,'2023-12-02',NULL,'STA202367728',NULL,4600,3450,NULL,'25',NULL,'3450','0',44,1,'2023-12-02 09:12:31',NULL,0),(705,789,'2023-12-02',NULL,'STA202359797',NULL,1000,1000,NULL,NULL,NULL,'1000','0',52,1,'2023-12-02 10:26:13','2023-12-02 10:26:50',-1000),(706,809,'2023-12-03',NULL,'STA202392461',NULL,46800,42120,NULL,'10',NULL,'42120','0',41,1,'2023-12-03 08:50:54','2023-12-04 05:41:54',42120),(707,715,'2023-12-03',NULL,'STA202339333',NULL,11850,9717,NULL,'18',NULL,'9717','0',41,1,'2023-12-03 10:05:32','2023-12-04 05:41:22',9717),(708,802,'2023-12-04',NULL,'STA202354866',NULL,6350,5080,NULL,'20',NULL,'5080','0',52,1,'2023-12-04 06:19:20',NULL,0),(709,810,'2023-12-04',NULL,'STA202395313',NULL,28069,28069,NULL,NULL,NULL,'28069','0',50,1,'2023-12-04 09:43:19',NULL,0),(710,811,'2023-12-06',NULL,'STA202318521',NULL,3300,2805,NULL,'15',NULL,'2805','0',46,1,'2023-12-06 06:08:15',NULL,0);
/*!40000 ALTER TABLE `sales` ENABLE KEYS */;
UNLOCK TABLES;

--
-- Table structure for table `sales_items`
--

DROP TABLE IF EXISTS `sales_items`;
/*!40101 SET @saved_cs_client     = @@character_set_client */;
/*!50503 SET character_set_client = utf8mb4 */;
CREATE TABLE `sales_items` (
  `id` bigint unsigned NOT NULL AUTO_INCREMENT,
  `sales_id` bigint unsigned NOT NULL,
  `product_id` int NOT NULL,
  `qty` varchar(255) CHARACTER SET utf8mb4 COLLATE utf8mb4_unicode_ci NOT NULL,
  `rate` double(8,2) NOT NULL,
  `amount` bigint NOT NULL,
  `created_at` timestamp NULL DEFAULT NULL,
  `updated_at` timestamp NULL DEFAULT NULL,
  PRIMARY KEY (`id`),
  KEY `sales_items_sale_id_foreign` (`sales_id`),
  CONSTRAINT `sales_items_sale_id_foreign` FOREIGN KEY (`sales_id`) REFERENCES `sales` (`id`) ON DELETE CASCADE
) ENGINE=InnoDB AUTO_INCREMENT=1994 DEFAULT CHARSET=utf8mb4 COLLATE=utf8mb4_unicode_ci;
/*!40101 SET character_set_client = @saved_cs_client */;

--
-- Dumping data for table `sales_items`
--

LOCK TABLES `sales_items` WRITE;
/*!40000 ALTER TABLE `sales_items` DISABLE KEYS */;
INSERT INTO `sales_items` VALUES (62,63,131,'2',1700.00,3400,'2023-06-05 16:22:42','2023-06-05 16:22:42'),(63,64,86,'1',23000.00,23000,'2023-06-05 16:25:16','2023-06-05 16:25:16'),(64,65,204,'1',2900.00,2900,'2023-06-05 16:27:41','2023-06-05 16:27:41'),(65,66,37,'1',2900.00,2900,'2023-06-05 16:33:40','2023-06-05 16:33:40'),(66,67,102,'1',1700.00,1700,'2023-06-05 16:34:13','2023-06-05 16:34:13'),(67,67,32,'1',2900.00,2900,'2023-06-05 16:34:13','2023-06-05 16:34:13'),(68,68,69,'1',16000.00,16000,'2023-06-05 16:35:55','2023-06-05 16:35:55'),(69,69,30,'2',2500.00,5000,'2023-06-05 16:38:44','2023-06-05 16:38:44'),(70,70,31,'1',2900.00,2900,'2023-06-05 16:38:56','2023-06-05 16:38:56'),(71,70,37,'1',2900.00,2900,'2023-06-05 16:38:56','2023-06-05 16:38:56'),(72,70,144,'1',2900.00,2900,'2023-06-05 16:38:56','2023-06-05 16:38:56'),(73,71,31,'1',2900.00,2900,'2023-06-05 16:39:48','2023-06-05 16:39:48'),(74,71,37,'1',2900.00,2900,'2023-06-05 16:39:48','2023-06-05 16:39:48'),(75,72,144,'1',2900.00,2900,'2023-06-05 16:41:03','2023-06-05 16:41:03'),(76,73,201,'01',18000.00,18000,'2023-06-05 16:41:13','2023-06-05 16:41:13'),(77,74,69,'1',25500.00,25500,'2023-06-05 16:41:52','2023-06-05 16:41:52'),(78,75,31,'2',2900.00,5800,'2023-06-05 16:43:29','2023-06-05 16:43:29'),(79,75,231,'1',60.00,60,'2023-06-05 16:43:29','2023-06-05 16:43:29'),(80,76,59,'1',2200.00,2200,'2023-06-05 16:44:16','2023-06-05 16:44:16'),(81,76,47,'1',700.00,700,'2023-06-05 16:44:16','2023-06-05 16:44:16'),(82,77,69,'1',16000.00,16000,'2023-06-05 16:44:17','2023-06-05 16:44:17'),(83,78,36,'2',3000.00,6000,'2023-06-05 16:46:02','2023-06-05 16:46:02'),(84,79,229,'2',250.00,500,'2023-06-05 16:46:30','2023-06-05 16:46:30'),(85,79,34,'2',3300.00,6600,'2023-06-05 16:46:30','2023-06-05 16:46:30'),(86,80,31,'1',2900.00,2900,'2023-06-05 16:47:07','2023-06-05 16:47:07'),(87,80,25,'1',2900.00,2900,'2023-06-05 16:47:07','2023-06-05 16:47:07'),(88,80,231,'1',150.00,150,'2023-06-05 16:47:07','2023-06-05 16:47:07'),(89,81,31,'1',2900.00,2900,'2023-06-05 16:47:29','2023-06-05 16:47:29'),(90,81,29,'1',2500.00,2500,'2023-06-05 16:47:29','2023-06-05 16:47:29'),(91,81,37,'1',2900.00,2900,'2023-06-05 16:47:29','2023-06-05 16:47:29'),(92,81,229,'3',250.00,750,'2023-06-05 16:47:29','2023-06-05 16:47:29'),(93,82,86,'1',23000.00,23000,'2023-06-05 16:47:44','2023-06-05 16:47:44'),(94,83,69,'1',25500.00,25500,'2023-06-05 16:47:52','2023-06-05 16:47:52'),(95,83,144,'1',2900.00,2900,'2023-06-05 16:47:52','2023-06-05 16:47:52'),(96,84,35,'1',3000.00,3000,'2023-06-05 16:48:45','2023-06-05 16:48:45'),(97,84,231,'1',60.00,60,'2023-06-05 16:48:45','2023-06-05 16:48:45'),(98,85,86,'1',23000.00,23000,'2023-06-05 16:48:58','2023-06-05 16:48:58'),(99,86,31,'1',2900.00,2900,'2023-06-05 16:49:35','2023-06-05 16:49:35'),(100,86,37,'1',2900.00,2900,'2023-06-05 16:49:35','2023-06-05 16:49:35'),(101,87,67,'1',27999.00,27999,'2023-06-05 16:49:57','2023-06-05 16:49:57'),(102,88,132,'1',1440.00,1440,'2023-06-05 16:50:17','2023-06-05 16:50:17'),(103,88,231,'1',150.00,150,'2023-06-05 16:50:17','2023-06-05 16:50:17'),(104,89,163,'01',1700.00,1700,'2023-06-05 16:51:46','2023-06-05 16:51:46'),(105,90,103,'1',1700.00,1700,'2023-06-05 16:52:37','2023-06-05 16:52:37'),(106,91,204,'1',2900.00,2900,'2023-06-05 16:53:01','2023-06-05 16:53:01'),(107,92,29,'3',2500.00,7500,'2023-06-05 16:53:40','2023-06-05 16:53:40'),(108,92,195,'1',6000.00,6000,'2023-06-05 16:53:40','2023-06-05 16:53:40'),(109,93,32,'1',2900.00,2900,'2023-06-05 16:54:31','2023-06-05 16:54:31'),(110,93,231,'1',60.00,60,'2023-06-05 16:54:31','2023-06-05 16:54:31'),(111,94,27,'2',2000.00,4000,'2023-06-05 16:55:09','2023-06-05 16:55:09'),(112,94,29,'1',2350.00,2350,'2023-06-05 16:55:09','2023-06-05 16:55:09'),(113,94,31,'5',2700.00,13500,'2023-06-05 16:55:09','2023-06-05 16:55:09'),(114,94,231,'1',60.00,60,'2023-06-05 16:55:09','2023-06-05 16:55:09'),(115,95,6,'1',2900.00,2900,'2023-06-05 16:56:19','2023-06-05 16:56:19'),(116,95,38,'1',2900.00,2900,'2023-06-05 16:56:19','2023-06-05 16:56:19'),(117,96,144,'1',2900.00,2900,'2023-06-05 16:56:22','2023-06-05 16:56:22'),(118,97,86,'1',23500.00,23500,'2023-06-05 16:56:30','2023-06-05 16:56:30'),(119,98,144,'1',2900.00,2900,'2023-06-05 16:56:55','2023-06-05 16:56:55'),(120,98,163,'2',1950.00,3900,'2023-06-05 16:56:55','2023-06-05 16:56:55'),(121,99,89,'1',20000.00,20000,'2023-06-05 16:59:07','2023-06-05 16:59:07'),(122,100,27,'8',2200.00,17600,'2023-06-05 16:59:45','2023-06-05 16:59:45'),(123,100,29,'6',2550.00,15300,'2023-06-05 16:59:45','2023-06-05 16:59:45'),(124,100,201,'1',25000.00,25000,'2023-06-05 16:59:45','2023-06-05 16:59:45'),(125,101,103,'1',1700.00,1700,'2023-06-05 17:01:39','2023-06-05 17:01:39'),(126,102,103,'18',1700.00,30600,'2023-06-05 17:02:50','2023-06-05 17:02:50'),(127,102,105,'6',1700.00,10200,'2023-06-05 17:02:50','2023-06-05 17:02:50'),(128,102,31,'4',2900.00,11600,'2023-06-05 17:02:50','2023-06-05 17:02:50'),(129,103,201,'1',25000.00,25000,'2023-06-05 17:02:53','2023-06-05 17:02:53'),(130,104,35,'1',3000.00,3000,'2023-06-05 17:03:26','2023-06-05 17:03:26'),(131,105,144,'1',2900.00,2900,'2023-06-05 17:03:28','2023-06-05 17:03:28'),(132,106,86,'1',23000.00,23000,'2023-06-05 17:04:09','2023-06-05 17:04:09'),(133,106,204,'1',2900.00,2900,'2023-06-05 17:04:09','2023-06-05 17:04:09'),(134,107,38,'1',2900.00,2900,'2023-06-05 17:05:20','2023-06-05 17:05:20'),(135,108,38,'1',2900.00,2900,'2023-06-05 17:05:22','2023-06-05 17:05:22'),(136,109,37,'2',2900.00,5800,'2023-06-05 17:05:48','2023-06-05 17:05:48'),(137,109,38,'2',2900.00,5800,'2023-06-05 17:05:48','2023-06-05 17:05:48'),(138,109,231,'1',130.00,130,'2023-06-05 17:05:48','2023-06-05 17:05:48'),(139,110,32,'4',2900.00,11600,'2023-06-05 17:06:20','2023-06-05 17:06:20'),(140,110,38,'3',2900.00,8700,'2023-06-05 17:06:20','2023-06-05 17:06:20'),(141,110,144,'1',2900.00,2900,'2023-06-05 17:06:20','2023-06-05 17:06:20'),(142,111,135,'3',1600.00,4800,'2023-06-05 17:06:29','2023-06-05 17:06:29'),(143,111,133,'2',1520.00,3040,'2023-06-05 17:06:29','2023-06-05 17:06:29'),(144,111,231,'1',100.00,100,'2023-06-05 17:06:29','2023-06-05 17:06:29'),(145,112,103,'1',1700.00,1700,'2023-06-05 17:10:15','2023-06-05 17:10:15'),(146,113,32,'04',2900.00,11600,'2023-06-05 17:11:42','2023-06-05 17:11:42'),(147,113,31,'04',2900.00,11600,'2023-06-05 17:11:42','2023-06-05 17:11:42'),(148,113,112,'01',1700.00,1700,'2023-06-05 17:11:42','2023-06-05 17:11:42'),(149,113,111,'01',1700.00,1700,'2023-06-05 17:11:42','2023-06-05 17:11:42'),(150,113,229,'10',250.00,2500,'2023-06-05 17:11:42','2023-06-05 17:11:42'),(151,114,37,'1',2900.00,2900,'2023-06-05 17:11:52','2023-06-05 17:11:52'),(152,115,102,'1',1700.00,1700,'2023-06-05 17:12:11','2023-06-05 17:12:11'),(153,116,163,'1',1950.00,1950,'2023-06-05 17:13:26','2023-06-05 17:13:26'),(154,117,6,'1',2900.00,2900,'2023-06-05 17:14:29','2023-06-05 17:14:29'),(155,118,127,'1',2900.00,2900,'2023-06-05 17:14:39','2023-06-05 17:14:39'),(156,118,32,'1',2900.00,2900,'2023-06-05 17:14:39','2023-06-05 17:14:39'),(157,119,163,'1',2150.00,2150,'2023-06-05 17:16:07','2023-06-05 17:16:07'),(158,119,231,'1',60.00,60,'2023-06-05 17:16:07','2023-06-05 17:16:07'),(159,120,25,'1',2900.00,2900,'2023-06-05 17:17:55','2023-06-05 17:17:55'),(160,120,31,'1',2900.00,2900,'2023-06-05 17:17:55','2023-06-05 17:17:55'),(161,121,196,'1',7500.00,7500,'2023-06-05 17:19:35','2023-06-05 17:19:35'),(162,121,144,'1',2900.00,2900,'2023-06-05 17:19:35','2023-06-05 17:19:35'),(163,121,112,'2',1700.00,3400,'2023-06-05 17:19:35','2023-06-05 17:19:35'),(164,122,163,'1',1950.00,1950,'2023-06-05 17:19:42','2023-06-05 17:19:42'),(165,123,31,'2',2900.00,5800,'2023-06-05 17:21:41','2023-06-05 17:21:41'),(166,124,127,'1',2900.00,2900,'2023-06-05 17:24:08','2023-06-05 17:24:08'),(167,124,30,'2',2500.00,5000,'2023-06-05 17:24:08','2023-06-05 17:24:08'),(168,124,28,'2',2200.00,4400,'2023-06-05 17:24:08','2023-06-05 17:24:08'),(169,125,47,'1',580.00,580,'2023-06-06 10:59:28','2023-06-06 10:59:28'),(172,127,28,'1',2200.00,2200,'2023-06-06 11:01:11','2023-06-06 11:01:11'),(173,128,33,'1',3300.00,3300,'2023-06-06 11:05:12','2023-06-06 11:05:12'),(174,128,31,'2',2900.00,5800,'2023-06-06 11:05:12','2023-06-06 11:05:12'),(175,128,144,'1',2900.00,2900,'2023-06-06 11:05:12','2023-06-06 11:05:12'),(176,128,102,'2',1700.00,3400,'2023-06-06 11:05:12','2023-06-06 11:05:12'),(177,128,27,'1',2200.00,2200,'2023-06-06 11:05:12','2023-06-06 11:05:12'),(178,128,196,'1',7500.00,7500,'2023-06-06 11:05:12','2023-06-06 11:05:12'),(179,128,25,'3',2900.00,8700,'2023-06-06 11:05:12','2023-06-06 11:05:12'),(180,129,67,'1',27999.00,27999,'2023-06-06 11:06:02','2023-06-06 11:06:02'),(181,129,96,'1',24000.00,24000,'2023-06-06 11:06:02','2023-06-06 11:06:02'),(182,129,228,'1',1000.00,1000,'2023-06-06 11:06:02','2023-06-06 11:06:02'),(183,130,163,'1',2150.00,2150,'2023-06-06 11:06:19','2023-06-06 11:06:19'),(184,130,32,'1',2900.00,2900,'2023-06-06 11:06:19','2023-06-06 11:06:19'),(185,130,26,'1',2900.00,2900,'2023-06-06 11:06:19','2023-06-06 11:06:19'),(186,131,170,'1',22000.00,22000,'2023-06-06 11:08:27','2023-06-06 11:08:27'),(187,132,33,'2',3300.00,6600,'2023-06-06 11:09:20','2023-06-06 11:09:20'),(188,132,25,'1',2900.00,2900,'2023-06-06 11:09:20','2023-06-06 11:09:20'),(189,132,31,'2',2900.00,5800,'2023-06-06 11:09:20','2023-06-06 11:09:20'),(190,133,34,'2',3300.00,6600,'2023-06-06 11:10:13','2023-06-06 11:10:13'),(191,133,36,'1',3000.00,3000,'2023-06-06 11:10:13','2023-06-06 11:10:13'),(192,133,144,'1',2900.00,2900,'2023-06-06 11:10:13','2023-06-06 11:10:13'),(193,133,112,'2',1700.00,3400,'2023-06-06 11:10:13','2023-06-06 11:10:13'),(194,133,25,'1',2900.00,2900,'2023-06-06 11:10:13','2023-06-06 11:10:13'),(195,134,144,'1',2900.00,2900,'2023-06-06 11:10:56','2023-06-06 11:10:56'),(196,135,38,'1',2900.00,2900,'2023-06-06 11:14:11','2023-06-06 11:14:11'),(197,135,32,'1',2900.00,2900,'2023-06-06 11:14:11','2023-06-06 11:14:11'),(198,135,112,'1',1800.00,1800,'2023-06-06 11:14:11','2023-06-06 11:14:11'),(199,136,74,'1',16499.00,16499,'2023-06-06 11:15:30','2023-06-06 11:15:30'),(200,136,203,'1',3300.00,3300,'2023-06-06 11:15:30','2023-06-06 11:15:30'),(201,137,104,'1',1700.00,1700,'2023-06-06 11:15:58','2023-06-06 11:15:58'),(202,137,103,'1',1700.00,1700,'2023-06-06 11:15:58','2023-06-06 11:15:58'),(203,138,31,'1',2900.00,2900,'2023-06-06 11:16:28','2023-06-06 11:16:28'),(204,138,229,'1',310.00,310,'2023-06-06 11:16:28','2023-06-06 11:16:28'),(205,139,28,'2',2200.00,4400,'2023-06-06 11:17:03','2023-06-06 11:17:03'),(206,139,30,'1',2500.00,2500,'2023-06-06 11:17:03','2023-06-06 11:17:03'),(207,139,32,'1',2900.00,2900,'2023-06-06 11:17:03','2023-06-06 11:17:03'),(208,139,34,'17',3300.00,56100,'2023-06-06 11:17:03','2023-06-06 11:17:03'),(209,139,38,'6',2900.00,17400,'2023-06-06 11:17:03','2023-06-06 11:17:03'),(210,139,103,'4',1800.00,7200,'2023-06-06 11:17:03','2023-06-06 11:17:03'),(211,139,36,'2',3000.00,6000,'2023-06-06 11:17:03','2023-06-06 11:17:03'),(212,139,109,'1',1700.00,1700,'2023-06-06 11:17:03','2023-06-06 11:17:03'),(213,140,68,'1',27999.00,27999,'2023-06-06 11:18:44','2023-06-06 11:18:44'),(214,140,228,'1',1500.00,1500,'2023-06-06 11:18:44','2023-06-06 11:18:44'),(215,141,67,'1',27999.00,27999,'2023-06-06 11:20:44','2023-06-06 11:20:44'),(216,141,228,'1',1500.00,1500,'2023-06-06 11:20:44','2023-06-06 11:20:44'),(217,142,28,'2',2200.00,4400,'2023-06-06 11:21:04','2023-06-06 11:21:04'),(218,142,32,'23',2900.00,66700,'2023-06-06 11:21:04','2023-06-06 11:21:04'),(219,142,26,'7',2900.00,20300,'2023-06-06 11:21:04','2023-06-06 11:21:04'),(220,142,36,'3',3000.00,9000,'2023-06-06 11:21:04','2023-06-06 11:21:04'),(221,142,30,'7',2500.00,17500,'2023-06-06 11:21:04','2023-06-06 11:21:04'),(222,143,99,'2',500.00,1000,'2023-06-06 11:21:13','2023-06-06 11:21:13'),(223,144,27,'8',2200.00,17600,'2023-06-06 11:21:23','2023-06-06 11:21:23'),(224,145,98,'1',11999.00,11999,'2023-06-06 11:22:23','2023-06-06 11:22:23'),(226,147,33,'1',3300.00,3300,'2023-06-06 11:23:27','2023-06-06 11:23:27'),(227,147,144,'1',2900.00,2900,'2023-06-06 11:23:27','2023-06-06 11:23:27'),(228,147,229,'2',250.00,500,'2023-06-06 11:23:27','2023-06-06 11:23:27'),(229,148,68,'1',27999.00,27999,'2023-06-06 11:23:51','2023-06-06 11:23:51'),(230,149,98,'1',11999.00,11999,'2023-06-06 11:25:05','2023-06-06 11:25:05'),(231,150,230,'2',500.00,1000,'2023-06-06 11:25:14','2023-06-06 11:25:14'),(232,150,203,'2',3300.00,6600,'2023-06-06 11:25:14','2023-06-06 11:25:14'),(233,151,38,'1',2900.00,2900,'2023-06-06 11:26:10','2023-06-06 11:26:10'),(234,151,36,'1',3000.00,3000,'2023-06-06 11:26:10','2023-06-06 11:26:10'),(235,151,103,'1',1900.00,1900,'2023-06-06 11:26:10','2023-06-06 11:26:10'),(236,151,30,'1',2500.00,2500,'2023-06-06 11:26:10','2023-06-06 11:26:10'),(237,151,34,'1',3300.00,3300,'2023-06-06 11:26:10','2023-06-06 11:26:10'),(238,151,229,'5',250.00,1250,'2023-06-06 11:26:10','2023-06-06 11:26:10'),(250,153,206,'1',2500.00,2500,'2023-06-06 11:26:31','2023-06-06 11:26:31'),(251,153,203,'2',3300.00,6600,'2023-06-06 11:26:31','2023-06-06 11:26:31'),(252,154,67,'1',27999.00,27999,'2023-06-06 11:27:14','2023-06-06 11:27:14'),(253,155,89,'1',25000.00,25000,'2023-06-06 11:27:16','2023-06-06 11:27:16'),(267,157,26,'3',2900.00,8700,'2023-06-06 11:28:35','2023-06-06 11:28:35'),(268,157,32,'13',2900.00,37700,'2023-06-06 11:28:35','2023-06-06 11:28:35'),(269,157,22,'2',2400.00,4800,'2023-06-06 11:28:36','2023-06-06 11:28:36'),(270,157,229,'14',250.00,3500,'2023-06-06 11:28:36','2023-06-06 11:28:36'),(271,158,68,'1',27999.00,27999,'2023-06-06 11:28:36','2023-06-06 11:28:36'),(272,159,144,'1',2900.00,2900,'2023-06-06 11:28:46','2023-06-06 11:28:46'),(273,159,229,'1',250.00,250,'2023-06-06 11:28:46','2023-06-06 11:28:46'),(274,160,67,'1',27999.00,27999,'2023-06-06 11:28:56','2023-06-06 11:28:56'),(275,160,228,'1',2000.00,2000,'2023-06-06 11:28:56','2023-06-06 11:28:56'),(276,161,197,'1',7500.00,7500,'2023-06-06 11:29:48','2023-06-06 11:29:48'),(277,161,203,'1',3300.00,3300,'2023-06-06 11:29:48','2023-06-06 11:29:48'),(278,161,229,'1',750.00,750,'2023-06-06 11:29:48','2023-06-06 11:29:48'),(279,162,67,'1',27999.00,27999,'2023-06-06 11:30:01','2023-06-06 11:30:01'),(280,163,67,'1',27999.00,27999,'2023-06-06 11:31:35','2023-06-06 11:31:35'),(281,163,228,'1',1500.00,1500,'2023-06-06 11:31:35','2023-06-06 11:31:35'),(282,164,74,'1',18000.00,18000,'2023-06-06 11:31:35','2023-06-06 11:31:35'),(283,165,10,'2',3000.00,6000,'2023-06-06 11:32:14','2023-06-06 11:32:14'),(284,165,4,'1',2500.00,2500,'2023-06-06 11:32:14','2023-06-06 11:32:14'),(285,165,38,'1',2900.00,2900,'2023-06-06 11:32:14','2023-06-06 11:32:14'),(286,166,96,'1',18999.00,18999,'2023-06-06 11:33:06','2023-06-06 11:33:06'),(287,166,228,'1',1500.00,1500,'2023-06-06 11:33:06','2023-06-06 11:33:06'),(288,167,68,'1',27999.00,27999,'2023-06-06 11:33:26','2023-06-06 11:33:26'),(289,168,149,'1',1700.00,1700,'2023-06-06 11:33:29','2023-06-06 11:33:29'),(297,170,33,'1',3300.00,3300,'2023-06-06 11:35:17','2023-06-06 11:35:17'),(298,170,231,'1',70.00,70,'2023-06-06 11:35:17','2023-06-06 11:35:17'),(299,171,68,'1',27999.00,27999,'2023-06-06 11:35:52','2023-06-06 11:35:52'),(300,172,163,'10',1750.00,17500,'2023-06-06 11:36:20','2023-06-06 11:36:20'),(301,172,68,'1',27999.00,27999,'2023-06-06 11:36:20','2023-06-06 11:36:20'),(302,172,25,'1',2900.00,2900,'2023-06-06 11:36:20','2023-06-06 11:36:20'),(303,172,31,'1',2900.00,2900,'2023-06-06 11:36:20','2023-06-06 11:36:20'),(304,172,196,'1',7000.00,7000,'2023-06-06 11:36:20','2023-06-06 11:36:20'),(305,172,195,'1',12000.00,12000,'2023-06-06 11:36:20','2023-06-06 11:36:20'),(306,172,21,'1',2400.00,2400,'2023-06-06 11:36:20','2023-06-06 11:36:20'),(307,172,228,'1',1500.00,1500,'2023-06-06 11:36:20','2023-06-06 11:36:20'),(308,173,196,'1',7500.00,7500,'2023-06-06 11:36:56','2023-06-06 11:36:56'),(309,173,203,'2',3300.00,6600,'2023-06-06 11:36:56','2023-06-06 11:36:56'),(310,174,38,'1',2900.00,2900,'2023-06-06 11:37:43','2023-06-06 11:37:43'),(311,174,231,'1',150.00,150,'2023-06-06 11:37:43','2023-06-06 11:37:43'),(312,175,196,'1',7500.00,7500,'2023-06-06 11:38:06','2023-06-06 11:38:06'),(313,176,67,'1',27999.00,27999,'2023-06-06 11:38:21','2023-06-06 11:38:21'),(314,177,196,'1',7000.00,7000,'2023-06-06 11:38:35','2023-06-06 11:38:35'),(315,177,230,'1',500.00,500,'2023-06-06 11:38:35','2023-06-06 11:38:35'),(316,178,34,'1',3300.00,3300,'2023-06-06 11:39:17','2023-06-06 11:39:17'),(317,178,106,'1',1800.00,1800,'2023-06-06 11:39:17','2023-06-06 11:39:17'),(318,178,105,'1',1800.00,1800,'2023-06-06 11:39:17','2023-06-06 11:39:17'),(319,178,112,'2',1900.00,3800,'2023-06-06 11:39:17','2023-06-06 11:39:17'),(320,178,111,'2',1900.00,3800,'2023-06-06 11:39:17','2023-06-06 11:39:17'),(321,178,36,'1',3000.00,3000,'2023-06-06 11:39:17','2023-06-06 11:39:17'),(322,178,35,'1',3000.00,3000,'2023-06-06 11:39:17','2023-06-06 11:39:17'),(323,178,38,'1',2900.00,2900,'2023-06-06 11:39:17','2023-06-06 11:39:17'),(324,178,37,'1',2900.00,2900,'2023-06-06 11:39:17','2023-06-06 11:39:17'),(325,178,33,'1',3300.00,3300,'2023-06-06 11:39:17','2023-06-06 11:39:17'),(326,178,32,'2',2900.00,5800,'2023-06-06 11:39:17','2023-06-06 11:39:17'),(327,178,31,'2',2900.00,5800,'2023-06-06 11:39:17','2023-06-06 11:39:17'),(328,178,108,'1',1700.00,1700,'2023-06-06 11:39:17','2023-06-06 11:39:17'),(329,178,109,'1',1700.00,1700,'2023-06-06 11:39:17','2023-06-06 11:39:17'),(330,179,30,'1',2500.00,2500,'2023-06-06 11:39:38','2023-06-06 11:39:38'),(331,179,231,'1',70.00,70,'2023-06-06 11:39:38','2023-06-06 11:39:38'),(332,180,29,'1',2500.00,2500,'2023-06-06 11:40:03','2023-06-06 11:40:03'),(333,181,38,'2',2900.00,5800,'2023-06-06 11:40:05','2023-06-06 11:40:05'),(334,181,32,'7',2900.00,20300,'2023-06-06 11:40:05','2023-06-06 11:40:05'),(335,181,223,'10',2400.00,24000,'2023-06-06 11:40:05','2023-06-06 11:40:05'),(336,182,33,'6',3300.00,19800,'2023-06-06 11:40:40','2023-06-06 11:40:40'),(337,182,31,'5',2900.00,14500,'2023-06-06 11:40:40','2023-06-06 11:40:40'),(338,182,102,'1',1900.00,1900,'2023-06-06 11:40:40','2023-06-06 11:40:40'),(339,182,27,'2',2200.00,4400,'2023-06-06 11:40:40','2023-06-06 11:40:40'),(340,182,37,'2',2900.00,5800,'2023-06-06 11:40:40','2023-06-06 11:40:40'),(341,183,26,'1',2900.00,2900,'2023-06-06 11:41:16','2023-06-06 11:41:16'),(342,183,4,'2',2500.00,5000,'2023-06-06 11:41:16','2023-06-06 11:41:16'),(343,184,229,'3',300.00,900,'2023-06-06 11:42:35','2023-06-06 11:42:35'),(344,184,203,'3',3500.00,10500,'2023-06-06 11:42:35','2023-06-06 11:42:35'),(345,185,89,'1',25000.00,25000,'2023-06-06 11:42:36','2023-06-06 11:42:36'),(346,185,228,'1',1500.00,1500,'2023-06-06 11:42:36','2023-06-06 11:42:36'),(347,186,86,'1',23000.00,23000,'2023-06-06 11:42:54','2023-06-06 11:42:54'),(348,187,35,'1',3000.00,3000,'2023-06-06 11:43:01','2023-06-06 11:43:01'),(349,187,229,'1',250.00,250,'2023-06-06 11:43:01','2023-06-06 11:43:01'),(350,188,205,'1',5000.00,5000,'2023-06-06 11:43:47','2023-06-06 11:43:47'),(351,189,212,'1',6000.00,6000,'2023-06-06 11:44:12','2023-06-06 11:44:12'),(352,190,203,'7',3600.00,25200,'2023-06-06 11:44:38','2023-06-06 11:44:38'),(353,190,218,'1',14000.00,14000,'2023-06-06 11:44:38','2023-06-06 11:44:38'),(354,190,144,'1',2900.00,2900,'2023-06-06 11:44:38','2023-06-06 11:44:38'),(355,190,230,'7',500.00,3500,'2023-06-06 11:44:38','2023-06-06 11:44:38'),(356,191,144,'1',2900.00,2900,'2023-06-06 11:45:21','2023-06-06 11:45:21'),(357,192,32,'4',2900.00,11600,'2023-06-06 11:45:42','2023-06-06 11:45:42'),(358,192,26,'1',2900.00,2900,'2023-06-06 11:45:42','2023-06-06 11:45:42'),(359,192,36,'2',3000.00,6000,'2023-06-06 11:45:42','2023-06-06 11:45:42'),(360,192,103,'2',1700.00,3400,'2023-06-06 11:45:42','2023-06-06 11:45:42'),(361,192,233,'1',13000.00,13000,'2023-06-06 11:45:42','2023-06-06 11:45:42'),(362,192,228,'1',1500.00,1500,'2023-06-06 11:45:42','2023-06-06 11:45:42'),(363,192,229,'9',250.00,2250,'2023-06-06 11:45:42','2023-06-06 11:45:42'),(364,193,112,'4',1900.00,7600,'2023-06-06 11:45:51','2023-06-06 11:45:51'),(365,193,106,'1',1800.00,1800,'2023-06-06 11:45:51','2023-06-06 11:45:51'),(366,193,144,'1',2900.00,2900,'2023-06-06 11:45:51','2023-06-06 11:45:51'),(367,193,38,'1',2900.00,2900,'2023-06-06 11:45:51','2023-06-06 11:45:51'),(368,193,32,'1',2900.00,2900,'2023-06-06 11:45:51','2023-06-06 11:45:51'),(369,193,229,'13',250.00,3250,'2023-06-06 11:45:51','2023-06-06 11:45:51'),(370,193,28,'1',2200.00,2200,'2023-06-06 11:45:51','2023-06-06 11:45:51'),(371,193,36,'1',2400.00,2400,'2023-06-06 11:45:51','2023-06-06 11:45:51'),(372,193,165,'2',3300.00,6600,'2023-06-06 11:45:51','2023-06-06 11:45:51'),(373,193,22,'1',2400.00,2400,'2023-06-06 11:45:51','2023-06-06 11:45:51'),(374,194,21,'3',2400.00,7200,'2023-06-06 11:46:57','2023-06-06 11:46:57'),(375,195,89,'1',25000.00,25000,'2023-06-06 11:47:32','2023-06-06 11:47:32'),(376,195,228,'1',1500.00,1500,'2023-06-06 11:47:32','2023-06-06 11:47:32'),(377,196,21,'2',2400.00,4800,'2023-06-06 11:47:35','2023-06-06 11:47:35'),(378,197,98,'1',10000.00,10000,'2023-06-06 11:47:36','2023-06-06 11:47:36'),(379,197,72,'1',21000.00,21000,'2023-06-06 11:47:36','2023-06-06 11:47:36'),(380,197,228,'2',1500.00,3000,'2023-06-06 11:47:36','2023-06-06 11:47:36'),(381,198,205,'2',5000.00,10000,'2023-06-06 11:47:51','2023-06-06 11:47:51'),(382,198,163,'2',2100.00,4200,'2023-06-06 11:47:51','2023-06-06 11:47:51'),(383,199,189,'3',3300.00,9900,'2023-06-06 11:48:45','2023-06-06 11:48:45'),(384,199,192,'3',2900.00,8700,'2023-06-06 11:48:45','2023-06-06 11:48:45'),(385,199,190,'2',3000.00,6000,'2023-06-06 11:48:45','2023-06-06 11:48:45'),(386,199,113,'2',1700.00,3400,'2023-06-06 11:48:45','2023-06-06 11:48:45'),(387,199,194,'2',2400.00,4800,'2023-06-06 11:48:45','2023-06-06 11:48:45'),(388,200,149,'3',1700.00,5100,'2023-06-06 11:48:55','2023-06-06 11:48:55'),(389,201,37,'1',2900.00,2900,'2023-06-06 11:49:29','2023-06-06 11:49:29'),(390,201,31,'4',2900.00,11600,'2023-06-06 11:49:29','2023-06-06 11:49:29'),(391,201,27,'1',2200.00,2200,'2023-06-06 11:49:29','2023-06-06 11:49:29'),(392,201,229,'7',250.00,1750,'2023-06-06 11:49:29','2023-06-06 11:49:29'),(393,202,67,'1',28000.00,28000,'2023-06-06 11:49:32','2023-06-06 11:49:32'),(394,203,22,'10',2400.00,24000,'2023-06-06 11:50:19','2023-06-06 11:50:19'),(395,203,217,'2',1700.00,3400,'2023-06-06 11:50:19','2023-06-06 11:50:19'),(396,203,32,'8',2900.00,23200,'2023-06-06 11:50:19','2023-06-06 11:50:19'),(397,203,38,'3',2900.00,8700,'2023-06-06 11:50:19','2023-06-06 11:50:19'),(398,203,36,'1',3000.00,3000,'2023-06-06 11:50:19','2023-06-06 11:50:19'),(399,203,144,'1',2900.00,2900,'2023-06-06 11:50:19','2023-06-06 11:50:19'),(400,204,31,'4',2900.00,11600,'2023-06-06 11:51:15','2023-06-06 11:51:15'),(401,204,27,'1',2200.00,2200,'2023-06-06 11:51:15','2023-06-06 11:51:15'),(402,204,35,'2',3000.00,6000,'2023-06-06 11:51:15','2023-06-06 11:51:15'),(403,204,144,'1',2900.00,2900,'2023-06-06 11:51:15','2023-06-06 11:51:15'),(404,204,229,'4',200.00,800,'2023-06-06 11:51:15','2023-06-06 11:51:15'),(405,205,33,'4',3300.00,13200,'2023-06-06 11:51:32','2023-06-06 11:51:32'),(406,205,31,'6',2900.00,17400,'2023-06-06 11:51:32','2023-06-06 11:51:32'),(407,205,35,'5',3000.00,15000,'2023-06-06 11:51:32','2023-06-06 11:51:32'),(408,205,111,'19',1950.00,37050,'2023-06-06 11:51:32','2023-06-06 11:51:32'),(409,205,27,'3',2200.00,6600,'2023-06-06 11:51:32','2023-06-06 11:51:32'),(410,205,29,'12',2500.00,30000,'2023-06-06 11:51:32','2023-06-06 11:51:32'),(411,206,37,'1',2900.00,2900,'2023-06-06 11:52:36','2023-06-06 11:52:36'),(412,206,31,'1',2900.00,2900,'2023-06-06 11:52:36','2023-06-06 11:52:36'),(413,206,229,'2',150.00,300,'2023-06-06 11:52:36','2023-06-06 11:52:36'),(414,207,32,'9',2900.00,26100,'2023-06-06 11:52:36','2023-06-06 11:52:36'),(415,208,35,'1',3000.00,3000,'2023-06-06 11:52:58','2023-06-06 11:52:58'),(416,208,144,'1',2900.00,2900,'2023-06-06 11:52:58','2023-06-06 11:52:58'),(417,209,29,'8',2500.00,20000,'2023-06-06 11:53:21','2023-06-06 11:53:21'),(418,209,33,'1',3300.00,3300,'2023-06-06 11:53:21','2023-06-06 11:53:21'),(419,209,37,'6',2900.00,17400,'2023-06-06 11:53:21','2023-06-06 11:53:21'),(420,209,114,'1',2000.00,2000,'2023-06-06 11:53:21','2023-06-06 11:53:21'),(421,209,21,'6',2400.00,14400,'2023-06-06 11:53:21','2023-06-06 11:53:21'),(422,210,86,'1',25000.00,25000,'2023-06-06 11:53:26','2023-06-06 11:53:26'),(423,211,148,'1',1950.00,1950,'2023-06-06 11:54:08','2023-06-06 11:54:08'),(424,212,144,'2',2900.00,5800,'2023-06-06 11:54:27','2023-06-06 11:54:27'),(425,213,106,'4',1700.00,6800,'2023-06-06 11:54:47','2023-06-06 11:54:47'),(426,213,232,'1',150.00,150,'2023-06-06 11:54:47','2023-06-06 11:54:47'),(427,214,31,'1',2900.00,2900,'2023-06-06 11:55:01','2023-06-06 11:55:01'),(428,214,229,'1',250.00,250,'2023-06-06 11:55:01','2023-06-06 11:55:01'),(429,215,144,'1',2900.00,2900,'2023-06-06 11:55:04','2023-06-06 11:55:04'),(430,216,27,'1',2200.00,2200,'2023-06-06 11:55:42','2023-06-06 11:55:42'),(431,217,196,'1',7500.00,7500,'2023-06-06 11:55:43','2023-06-06 11:55:43'),(432,217,67,'1',27999.00,27999,'2023-06-06 11:55:43','2023-06-06 11:55:43'),(433,218,34,'2',3300.00,6600,'2023-06-06 11:56:37','2023-06-06 11:56:37'),(434,218,38,'2',2900.00,5800,'2023-06-06 11:56:37','2023-06-06 11:56:37'),(435,219,68,'1',27999.00,27999,'2023-06-06 11:57:11','2023-06-06 11:57:11'),(436,219,228,'1',1500.00,1500,'2023-06-06 11:57:11','2023-06-06 11:57:11'),(437,220,28,'6',2200.00,13200,'2023-06-06 11:57:28','2023-06-06 11:57:28'),(438,221,203,'1',3300.00,3300,'2023-06-06 11:58:00','2023-06-06 11:58:00'),(452,224,68,'1',27999.00,27999,'2023-06-06 12:00:22','2023-06-06 12:00:22'),(453,224,232,'1',130.00,130,'2023-06-06 12:00:22','2023-06-06 12:00:22'),(454,225,68,'1',27999.00,27999,'2023-06-06 12:00:24','2023-06-06 12:00:24'),(455,225,228,'1',1500.00,1500,'2023-06-06 12:00:24','2023-06-06 12:00:24'),(456,226,195,'2',6000.00,12000,'2023-06-06 12:00:57','2023-06-06 12:00:57'),(457,227,79,'1',44000.00,44000,'2023-06-06 12:01:41','2023-06-06 12:01:41'),(458,228,196,'1',7500.00,7500,'2023-06-06 12:01:46','2023-06-06 12:01:46'),(459,229,37,'5',2900.00,14500,'2023-06-06 12:02:14','2023-06-06 12:02:14'),(460,229,31,'7',2900.00,20300,'2023-06-06 12:02:14','2023-06-06 12:02:14'),(461,229,35,'2',3000.00,6000,'2023-06-06 12:02:14','2023-06-06 12:02:14'),(462,229,148,'1',1700.00,1700,'2023-06-06 12:02:14','2023-06-06 12:02:14'),(463,229,27,'1',2200.00,2200,'2023-06-06 12:02:14','2023-06-06 12:02:14'),(464,229,29,'2',2500.00,5000,'2023-06-06 12:02:14','2023-06-06 12:02:14'),(465,229,108,'1',1700.00,1700,'2023-06-06 12:02:14','2023-06-06 12:02:14'),(466,230,186,'2',2100.00,4200,'2023-06-06 12:02:17','2023-06-06 12:02:17'),(467,230,188,'1',2900.00,2900,'2023-06-06 12:02:17','2023-06-06 12:02:17'),(468,230,192,'2',2900.00,5800,'2023-06-06 12:02:17','2023-06-06 12:02:17'),(469,230,104,'1',1700.00,1700,'2023-06-06 12:02:17','2023-06-06 12:02:17'),(470,231,163,'1',1750.00,1750,'2023-06-06 12:02:20','2023-06-06 12:02:20'),(472,233,205,'1',5500.00,5500,'2023-06-06 12:02:52','2023-06-06 12:02:52'),(473,233,235,'1',7000.00,7000,'2023-06-06 12:02:52','2023-06-06 12:02:52'),(474,233,229,'2',250.00,500,'2023-06-06 12:02:52','2023-06-06 12:02:52'),(475,234,36,'1',3000.00,3000,'2023-06-06 12:03:32','2023-06-06 12:03:32'),(476,234,30,'1',2500.00,2500,'2023-06-06 12:03:32','2023-06-06 12:03:32'),(477,234,34,'1',3300.00,3300,'2023-06-06 12:03:32','2023-06-06 12:03:32'),(478,235,33,'1',3300.00,3300,'2023-06-06 12:03:41','2023-06-06 12:03:41'),(479,235,35,'1',3000.00,3000,'2023-06-06 12:03:41','2023-06-06 12:03:41'),(480,236,144,'1',2900.00,2900,'2023-06-06 12:04:40','2023-06-06 12:04:40'),(481,237,228,'2',1500.00,3000,'2023-06-06 12:04:51','2023-06-06 12:04:51'),(482,237,79,'2',42500.00,85000,'2023-06-06 12:04:51','2023-06-06 12:04:51'),(483,238,67,'1',27999.00,27999,'2023-06-06 12:04:55','2023-06-06 12:04:55'),(484,238,228,'1',1500.00,1500,'2023-06-06 12:04:55','2023-06-06 12:04:55'),(485,239,36,'10',3000.00,30000,'2023-06-06 12:05:05','2023-06-06 12:05:05'),(486,239,103,'95',1800.00,171000,'2023-06-06 12:05:05','2023-06-06 12:05:05'),(487,239,106,'11',1800.00,19800,'2023-06-06 12:05:05','2023-06-06 12:05:05'),(495,241,71,'1',25000.00,25000,'2023-06-06 12:07:09','2023-06-06 12:07:09'),(496,241,228,'1',1500.00,1500,'2023-06-06 12:07:09','2023-06-06 12:07:09'),(497,242,204,'1',2900.00,2900,'2023-06-06 12:07:22','2023-06-06 12:07:22'),(498,242,231,'1',50.00,50,'2023-06-06 12:07:22','2023-06-06 12:07:22'),(499,243,33,'2',3300.00,6600,'2023-06-06 12:08:16','2023-06-06 12:08:16'),(500,243,25,'4',2900.00,11600,'2023-06-06 12:08:16','2023-06-06 12:08:16'),(501,243,31,'6',2900.00,17400,'2023-06-06 12:08:16','2023-06-06 12:08:16'),(502,243,35,'1',3000.00,3000,'2023-06-06 12:08:16','2023-06-06 12:08:16'),(503,243,229,'15',250.00,3750,'2023-06-06 12:08:16','2023-06-06 12:08:16'),(504,243,228,'3',1500.00,4500,'2023-06-06 12:08:16','2023-06-06 12:08:16'),(505,243,29,'2',2500.00,5000,'2023-06-06 12:08:16','2023-06-06 12:08:16'),(506,243,96,'2',18999.00,37998,'2023-06-06 12:08:16','2023-06-06 12:08:16'),(507,243,82,'1',14999.00,14999,'2023-06-06 12:08:16','2023-06-06 12:08:16'),(508,244,26,'7',2900.00,20300,'2023-06-06 12:08:56','2023-06-06 12:08:56'),(509,244,32,'13',2900.00,37700,'2023-06-06 12:08:56','2023-06-06 12:08:56'),(510,244,36,'5',3000.00,15000,'2023-06-06 12:08:56','2023-06-06 12:08:56'),(511,244,103,'31',1700.00,52700,'2023-06-06 12:08:56','2023-06-06 12:08:56'),(512,244,106,'6',1800.00,10800,'2023-06-06 12:08:56','2023-06-06 12:08:56'),(513,244,28,'3',2200.00,6600,'2023-06-06 12:08:56','2023-06-06 12:08:56'),(514,244,30,'4',2500.00,10000,'2023-06-06 12:08:56','2023-06-06 12:08:56'),(515,244,195,'1',12000.00,12000,'2023-06-06 12:08:56','2023-06-06 12:08:56'),(516,244,109,'2',1700.00,3400,'2023-06-06 12:08:56','2023-06-06 12:08:56'),(517,244,115,'5',1800.00,9000,'2023-06-06 12:08:56','2023-06-06 12:08:56'),(518,244,34,'8',3300.00,26400,'2023-06-06 12:08:56','2023-06-06 12:08:56'),(519,245,196,'1',7500.00,7500,'2023-06-06 12:09:00','2023-06-06 12:09:00'),(520,245,230,'1',200.00,200,'2023-06-06 12:09:00','2023-06-06 12:09:00'),(521,246,32,'1',2900.00,2900,'2023-06-06 12:09:00','2023-06-06 12:09:00'),(522,246,28,'5',2200.00,11000,'2023-06-06 12:09:00','2023-06-06 12:09:00'),(523,246,30,'3',2500.00,7500,'2023-06-06 12:09:00','2023-06-06 12:09:00'),(524,246,212,'1',6000.00,6000,'2023-06-06 12:09:00','2023-06-06 12:09:00'),(525,246,229,'99',250.00,24750,'2023-06-06 12:09:00','2023-06-06 12:09:00'),(526,246,38,'29',2900.00,84100,'2023-06-06 12:09:00','2023-06-06 12:09:00'),(527,246,34,'60',3300.00,198000,'2023-06-06 12:09:00','2023-06-06 12:09:00'),(528,247,38,'1',2900.00,2900,'2023-06-06 12:10:19','2023-06-06 12:10:19'),(529,248,32,'2',2900.00,5800,'2023-06-06 12:10:36','2023-06-06 12:10:36'),(530,248,229,'2',250.00,500,'2023-06-06 12:10:36','2023-06-06 12:10:36'),(531,249,196,'1',7500.00,7500,'2023-06-06 12:11:15','2023-06-06 12:11:15'),(532,250,83,'1',13999.00,13999,'2023-06-06 12:11:49','2023-06-06 12:11:49'),(533,250,228,'1',1000.00,1000,'2023-06-06 12:11:49','2023-06-06 12:11:49'),(534,251,8,'1',3300.00,3300,'2023-06-06 12:12:00','2023-06-06 12:12:00'),(535,251,231,'1',70.00,70,'2023-06-06 12:12:00','2023-06-06 12:12:00'),(536,252,228,'1',1500.00,1500,'2023-06-06 12:13:22','2023-06-06 12:13:22'),(537,252,229,'2',500.00,1000,'2023-06-06 12:13:22','2023-06-06 12:13:22'),(538,253,28,'1',2200.00,2200,'2023-06-06 12:13:34','2023-06-06 12:13:34'),(539,253,35,'1',3000.00,3000,'2023-06-06 12:13:34','2023-06-06 12:13:34'),(540,254,31,'1',2900.00,2900,'2023-06-06 12:13:46','2023-06-06 12:13:46'),(541,254,235,'1',7000.00,7000,'2023-06-06 12:13:46','2023-06-06 12:13:46'),(542,254,195,'1',6000.00,6000,'2023-06-06 12:13:46','2023-06-06 12:13:46'),(543,255,112,'2',1800.00,3600,'2023-06-06 12:14:02','2023-06-06 12:14:02'),(544,255,115,'1',1800.00,1800,'2023-06-06 12:14:02','2023-06-06 12:14:02'),(545,256,34,'5',3300.00,16500,'2023-06-06 12:15:03','2023-06-06 12:15:03'),(546,256,38,'5',2900.00,14500,'2023-06-06 12:15:04','2023-06-06 12:15:04'),(547,256,32,'10',2900.00,29000,'2023-06-06 12:15:04','2023-06-06 12:15:04'),(548,256,36,'3',3000.00,9000,'2023-06-06 12:15:04','2023-06-06 12:15:04'),(549,256,144,'3',2900.00,8700,'2023-06-06 12:15:04','2023-06-06 12:15:04'),(550,256,106,'1',1800.00,1800,'2023-06-06 12:15:04','2023-06-06 12:15:04'),(551,256,30,'4',2500.00,10000,'2023-06-06 12:15:04','2023-06-06 12:15:04'),(552,256,24,'1',7500.00,7500,'2023-06-06 12:15:04','2023-06-06 12:15:04'),(553,256,109,'1',1700.00,1700,'2023-06-06 12:15:04','2023-06-06 12:15:04'),(554,257,233,'1',13000.00,13000,'2023-06-06 12:15:17','2023-06-06 12:15:17'),(555,258,33,'2',3300.00,6600,'2023-06-06 12:15:37','2023-06-06 12:15:37'),(556,258,38,'1',2900.00,2900,'2023-06-06 12:15:37','2023-06-06 12:15:37'),(557,258,37,'2',2900.00,5800,'2023-06-06 12:15:37','2023-06-06 12:15:37'),(558,258,31,'5',2900.00,14500,'2023-06-06 12:15:37','2023-06-06 12:15:37'),(559,258,32,'2',2900.00,5800,'2023-06-06 12:15:37','2023-06-06 12:15:37'),(560,258,29,'1',2500.00,2500,'2023-06-06 12:15:37','2023-06-06 12:15:37'),(561,259,34,'1',3300.00,3300,'2023-06-06 12:15:47','2023-06-06 12:15:47'),(562,259,32,'1',2900.00,2900,'2023-06-06 12:15:47','2023-06-06 12:15:47'),(563,259,229,'2',250.00,500,'2023-06-06 12:15:47','2023-06-06 12:15:47'),(564,259,228,'1',1500.00,1500,'2023-06-06 12:15:47','2023-06-06 12:15:47'),(565,259,219,'2',2000.00,4000,'2023-06-06 12:15:47','2023-06-06 12:15:47'),(566,259,89,'1',25000.00,25000,'2023-06-06 12:15:47','2023-06-06 12:15:47'),(567,260,2,'5',2200.00,11000,'2023-06-06 12:16:03','2023-06-06 12:16:03'),(568,260,4,'1',2500.00,2500,'2023-06-06 12:16:03','2023-06-06 12:16:03'),(569,261,31,'1',2900.00,2900,'2023-06-06 12:16:06','2023-06-06 12:16:06'),(571,263,203,'1',3300.00,3300,'2023-06-06 12:16:40','2023-06-06 12:16:40'),(572,263,230,'1',500.00,500,'2023-06-06 12:16:40','2023-06-06 12:16:40'),(574,265,112,'2',1700.00,3400,'2023-06-06 12:17:09','2023-06-06 12:17:09'),(575,265,106,'1',1800.00,1800,'2023-06-06 12:17:09','2023-06-06 12:17:09'),(576,266,31,'1',2900.00,2900,'2023-06-06 12:17:12','2023-06-06 12:17:12'),(577,266,231,'1',60.00,60,'2023-06-06 12:17:12','2023-06-06 12:17:12'),(578,267,203,'1',3300.00,3300,'2023-06-06 12:17:49','2023-06-06 12:17:49'),(579,268,68,'1',27999.00,27999,'2023-06-06 12:17:49','2023-06-06 12:17:49'),(580,269,165,'3',3300.00,9900,'2023-06-06 12:18:10','2023-06-06 12:18:10'),(581,270,188,'5',2900.00,14500,'2023-06-06 12:18:37','2023-06-06 12:18:37'),(582,270,192,'1',2900.00,2900,'2023-06-06 12:18:37','2023-06-06 12:18:37'),(583,270,190,'1',3000.00,3000,'2023-06-06 12:18:37','2023-06-06 12:18:37'),(584,270,113,'2',1700.00,3400,'2023-06-06 12:18:37','2023-06-06 12:18:37'),(585,270,186,'1',2200.00,2200,'2023-06-06 12:18:37','2023-06-06 12:18:37'),(586,271,32,'9',2900.00,26100,'2023-06-06 12:18:40','2023-06-06 12:18:40'),(587,272,68,'1',27999.00,27999,'2023-06-06 12:18:49','2023-06-06 12:18:49'),(588,272,228,'1',1500.00,1500,'2023-06-06 12:18:49','2023-06-06 12:18:49'),(592,275,163,'4',1700.00,6800,'2023-06-06 12:19:27','2023-06-06 12:19:27'),(593,276,34,'1',3300.00,3300,'2023-06-06 12:20:04','2023-06-06 12:20:04'),(594,276,231,'1',70.00,70,'2023-06-06 12:20:04','2023-06-06 12:20:04'),(595,277,165,'1',3300.00,3300,'2023-06-06 12:21:11','2023-06-06 12:21:11'),(596,278,229,'1',350.00,350,'2023-06-06 12:21:16','2023-06-06 12:21:16'),(597,278,191,'1',5200.00,5200,'2023-06-06 12:21:16','2023-06-06 12:21:16'),(598,279,32,'4',2900.00,11600,'2023-06-06 12:21:41','2023-06-06 12:21:41'),(599,279,22,'1',2400.00,2400,'2023-06-06 12:21:41','2023-06-06 12:21:41'),(600,279,231,'1',70.00,70,'2023-06-06 12:21:41','2023-06-06 12:21:41'),(601,280,31,'4',2900.00,11600,'2023-06-06 12:22:03','2023-06-06 12:22:03'),(602,280,27,'1',2200.00,2200,'2023-06-06 12:22:03','2023-06-06 12:22:03'),(603,280,35,'2',3000.00,6000,'2023-06-06 12:22:03','2023-06-06 12:22:03'),(604,280,144,'1',2900.00,2900,'2023-06-06 12:22:03','2023-06-06 12:22:03'),(605,280,229,'4',200.00,800,'2023-06-06 12:22:03','2023-06-06 12:22:03'),(606,281,229,'1',250.00,250,'2023-06-06 12:22:44','2023-06-06 12:22:44'),(607,281,203,'1',3300.00,3300,'2023-06-06 12:22:44','2023-06-06 12:22:44'),(608,282,103,'8',1700.00,13600,'2023-06-06 12:23:33','2023-06-06 12:23:33'),(609,282,196,'1',7500.00,7500,'2023-06-06 12:23:33','2023-06-06 12:23:33'),(610,282,36,'1',3000.00,3000,'2023-06-06 12:23:33','2023-06-06 12:23:33'),(611,283,163,'6',1950.00,11700,'2023-06-06 12:23:53','2023-06-06 12:23:53'),(617,286,204,'1',2900.00,2900,'2023-06-06 12:24:51','2023-06-06 12:24:51'),(618,287,82,'4',12999.00,51996,'2023-06-06 12:25:03','2023-06-06 12:25:03'),(619,287,67,'1',27999.00,27999,'2023-06-06 12:25:03','2023-06-06 12:25:03'),(620,288,144,'1',2900.00,2900,'2023-06-06 12:25:25','2023-06-06 12:25:25'),(621,288,231,'1',60.00,60,'2023-06-06 12:25:25','2023-06-06 12:25:25'),(622,289,33,'8',3300.00,26400,'2023-06-06 12:25:35','2023-06-06 12:25:35'),(623,289,31,'1',2900.00,2900,'2023-06-06 12:25:35','2023-06-06 12:25:35'),(624,289,35,'5',3000.00,15000,'2023-06-06 12:25:35','2023-06-06 12:25:35'),(625,289,144,'2',2900.00,5800,'2023-06-06 12:25:35','2023-06-06 12:25:35'),(626,289,111,'9',1700.00,15300,'2023-06-06 12:25:35','2023-06-06 12:25:35'),(627,289,21,'1',2400.00,2400,'2023-06-06 12:25:35','2023-06-06 12:25:35'),(628,289,229,'35',250.00,8750,'2023-06-06 12:25:35','2023-06-06 12:25:35'),(629,289,29,'2',2500.00,5000,'2023-06-06 12:25:35','2023-06-06 12:25:35'),(630,289,25,'4',2900.00,11600,'2023-06-06 12:25:35','2023-06-06 12:25:35'),(631,289,114,'2',1800.00,3600,'2023-06-06 12:25:35','2023-06-06 12:25:35'),(632,290,25,'3',2900.00,8700,'2023-06-06 12:26:33','2023-06-06 12:26:33'),(633,290,29,'3',2500.00,7500,'2023-06-06 12:26:33','2023-06-06 12:26:33'),(634,290,27,'1',2200.00,2200,'2023-06-06 12:26:33','2023-06-06 12:26:33'),(635,291,32,'2',2900.00,5800,'2023-06-06 12:27:06','2023-06-06 12:27:06'),(636,291,38,'1',2900.00,2900,'2023-06-06 12:27:06','2023-06-06 12:27:06'),(637,291,231,'1',60.00,60,'2023-06-06 12:27:06','2023-06-06 12:27:06'),(638,292,196,'1',7500.00,7500,'2023-06-06 12:27:12','2023-06-06 12:27:12'),(639,292,230,'1',500.00,500,'2023-06-06 12:27:12','2023-06-06 12:27:12'),(640,293,6,'25',2900.00,72500,'2023-06-06 12:28:14','2023-06-06 12:28:14'),(641,293,64,'10',3000.00,30000,'2023-06-06 12:28:14','2023-06-06 12:28:14'),(642,293,103,'55',1700.00,93500,'2023-06-06 12:28:14','2023-06-06 12:28:14'),(643,293,106,'13',1800.00,23400,'2023-06-06 12:28:14','2023-06-06 12:28:14'),(644,293,2,'10',2200.00,22000,'2023-06-06 12:28:14','2023-06-06 12:28:14'),(645,293,4,'10',2500.00,25000,'2023-06-06 12:28:14','2023-06-06 12:28:14'),(646,293,197,'1',7500.00,7500,'2023-06-06 12:28:14','2023-06-06 12:28:14'),(647,293,66,'8',2900.00,23200,'2023-06-06 12:28:14','2023-06-06 12:28:14'),(648,293,109,'8',1700.00,13600,'2023-06-06 12:28:14','2023-06-06 12:28:14'),(649,293,114,'15',1800.00,27000,'2023-06-06 12:28:14','2023-06-06 12:28:14'),(650,293,81,'1',42500.00,42500,'2023-06-06 12:28:14','2023-06-06 12:28:14'),(651,294,32,'1',2900.00,2900,'2023-06-06 12:28:36','2023-06-06 12:28:36'),(652,294,38,'1',2900.00,2900,'2023-06-06 12:28:36','2023-06-06 12:28:36'),(653,294,231,'1',60.00,60,'2023-06-06 12:28:36','2023-06-06 12:28:36'),(654,295,27,'1',2200.00,2200,'2023-06-06 12:28:59','2023-06-06 12:28:59'),(655,295,29,'2',2500.00,5000,'2023-06-06 12:28:59','2023-06-06 12:28:59'),(656,295,31,'7',2900.00,20300,'2023-06-06 12:28:59','2023-06-06 12:28:59'),(657,295,37,'5',2900.00,14500,'2023-06-06 12:28:59','2023-06-06 12:28:59'),(658,295,102,'21',1900.00,39900,'2023-06-06 12:28:59','2023-06-06 12:28:59'),(659,295,9,'2',3000.00,6000,'2023-06-06 12:28:59','2023-06-06 12:28:59'),(660,295,105,'2',1800.00,3600,'2023-06-06 12:28:59','2023-06-06 12:28:59'),(661,295,108,'1',1700.00,1700,'2023-06-06 12:28:59','2023-06-06 12:28:59'),(662,295,197,'1',7500.00,7500,'2023-06-06 12:28:59','2023-06-06 12:28:59'),(663,296,32,'3',2900.00,8700,'2023-06-06 12:29:17','2023-06-06 12:29:17'),(664,296,229,'6',250.00,1500,'2023-06-06 12:29:17','2023-06-06 12:29:17'),(665,296,228,'1',1500.00,1500,'2023-06-06 12:29:17','2023-06-06 12:29:17'),(666,296,34,'3',3300.00,9900,'2023-06-06 12:29:17','2023-06-06 12:29:17'),(667,296,82,'1',13999.00,13999,'2023-06-06 12:29:17','2023-06-06 12:29:17'),(668,297,34,'1',3300.00,3300,'2023-06-06 12:29:41','2023-06-06 12:29:41'),(669,298,98,'1',10000.00,10000,'2023-06-06 12:30:27','2023-06-06 12:30:27'),(670,298,30,'1',2500.00,2500,'2023-06-06 12:30:27','2023-06-06 12:30:27'),(671,298,228,'1',500.00,500,'2023-06-06 12:30:27','2023-06-06 12:30:27'),(672,299,33,'2',3300.00,6600,'2023-06-06 12:30:51','2023-06-06 12:30:51'),(673,299,189,'1',3300.00,3300,'2023-06-06 12:30:51','2023-06-06 12:30:51'),(674,299,37,'7',2900.00,20300,'2023-06-06 12:30:51','2023-06-06 12:30:51'),(675,299,31,'12',2900.00,34800,'2023-06-06 12:30:51','2023-06-06 12:30:51'),(676,299,192,'1',2900.00,2900,'2023-06-06 12:30:51','2023-06-06 12:30:51'),(677,299,35,'4',3000.00,12000,'2023-06-06 12:30:51','2023-06-06 12:30:51'),(678,299,111,'3',1700.00,5100,'2023-06-06 12:30:51','2023-06-06 12:30:51'),(679,299,113,'1',1700.00,1700,'2023-06-06 12:30:51','2023-06-06 12:30:51'),(680,299,27,'3',2200.00,6600,'2023-06-06 12:30:51','2023-06-06 12:30:51'),(681,299,29,'8',2500.00,20000,'2023-06-06 12:30:51','2023-06-06 12:30:51'),(682,299,105,'2',1800.00,3600,'2023-06-06 12:30:51','2023-06-06 12:30:51'),(683,300,68,'1',27999.00,27999,'2023-06-06 12:32:33','2023-06-06 12:32:33'),(684,300,228,'1',1500.00,1500,'2023-06-06 12:32:33','2023-06-06 12:32:33'),(685,301,34,'1',3300.00,3300,'2023-06-06 12:33:10','2023-06-06 12:33:10'),(686,301,231,'1',70.00,70,'2023-06-06 12:33:10','2023-06-06 12:33:10'),(687,302,30,'1',2500.00,2500,'2023-06-06 12:33:46','2023-06-06 12:33:46'),(688,302,231,'1',60.00,60,'2023-06-06 12:33:46','2023-06-06 12:33:46'),(689,303,67,'2',27999.00,55998,'2023-06-06 12:37:01','2023-06-06 12:37:01'),(690,303,196,'1',7500.00,7500,'2023-06-06 12:37:01','2023-06-06 12:37:01'),(691,303,230,'1',500.00,500,'2023-06-06 12:37:01','2023-06-06 12:37:01'),(692,303,228,'1',1500.00,1500,'2023-06-06 12:37:01','2023-06-06 12:37:01'),(693,303,203,'1',3300.00,3300,'2023-06-06 12:37:01','2023-06-06 12:37:01'),(694,304,25,'1',2900.00,2900,'2023-06-06 12:37:46','2023-06-06 12:37:46'),(695,304,31,'1',2900.00,2900,'2023-06-06 12:37:46','2023-06-06 12:37:46'),(696,304,229,'2',250.00,500,'2023-06-06 12:37:46','2023-06-06 12:37:46'),(697,305,144,'1',2900.00,2900,'2023-06-06 12:39:45','2023-06-06 12:39:45'),(698,305,28,'1',2200.00,2200,'2023-06-06 12:39:45','2023-06-06 12:39:45'),(699,305,231,'1',100.00,100,'2023-06-06 12:39:45','2023-06-06 12:39:45'),(700,306,144,'1',2900.00,2900,'2023-06-06 12:41:11','2023-06-06 12:41:11'),(701,307,34,'1',3300.00,3300,'2023-06-06 12:41:25','2023-06-06 12:41:25'),(702,307,112,'2',1700.00,3400,'2023-06-06 12:41:25','2023-06-06 12:41:25'),(703,308,190,'1',2700.00,2700,'2023-06-06 12:41:26','2023-06-06 12:41:26'),(704,308,68,'1',25199.00,25199,'2023-06-06 12:41:26','2023-06-06 12:41:26'),(705,308,163,'1',1800.00,1800,'2023-06-06 12:41:26','2023-06-06 12:41:26'),(706,308,34,'1',2970.00,2970,'2023-06-06 12:41:26','2023-06-06 12:41:26'),(707,309,28,'3',2200.00,6600,'2023-06-06 12:42:27','2023-06-06 12:42:27'),(708,310,190,'1',3000.00,3000,'2023-06-06 12:42:34','2023-06-06 12:42:34'),(709,311,68,'1',27999.00,27999,'2023-06-06 12:43:59','2023-06-06 12:43:59'),(710,312,111,'1',1700.00,1700,'2023-06-06 12:44:06','2023-06-06 12:44:06'),(711,313,229,'11',200.00,2200,'2023-06-06 12:45:10','2023-06-06 12:45:10'),(712,314,32,'2',2900.00,5800,'2023-06-06 12:45:38','2023-06-06 12:45:38'),(713,314,232,'1',150.00,150,'2023-06-06 12:45:38','2023-06-06 12:45:38'),(714,315,196,'1',7500.00,7500,'2023-06-06 12:46:06','2023-06-06 12:46:06'),(715,316,203,'1',3300.00,3300,'2023-06-06 12:47:14','2023-06-06 12:47:14'),(716,317,37,'1',2900.00,2900,'2023-06-06 12:48:53','2023-06-06 12:48:53'),(717,317,9,'1',3000.00,3000,'2023-06-06 12:48:53','2023-06-06 12:48:53'),(718,317,231,'1',60.00,60,'2023-06-06 12:48:53','2023-06-06 12:48:53'),(719,318,110,'2',1700.00,3400,'2023-06-06 12:51:28','2023-06-06 12:51:28'),(720,319,37,'1',2900.00,2900,'2023-06-06 12:55:58','2023-06-06 12:55:58'),(721,319,36,'1',3000.00,3000,'2023-06-06 12:55:58','2023-06-06 12:55:58'),(722,320,27,'1',2200.00,2200,'2023-06-06 12:56:21','2023-06-06 12:56:21'),(723,320,29,'2',2500.00,5000,'2023-06-06 12:56:21','2023-06-06 12:56:21'),(724,320,31,'7',2900.00,20300,'2023-06-06 12:56:21','2023-06-06 12:56:21'),(725,320,25,'5',2900.00,14500,'2023-06-06 12:56:21','2023-06-06 12:56:21'),(726,320,102,'21',1900.00,39900,'2023-06-06 12:56:21','2023-06-06 12:56:21'),(727,320,35,'2',3000.00,6000,'2023-06-06 12:56:21','2023-06-06 12:56:21'),(728,320,105,'2',1700.00,3400,'2023-06-06 12:56:21','2023-06-06 12:56:21'),(729,320,108,'1',1700.00,1700,'2023-06-06 12:56:21','2023-06-06 12:56:21'),(730,320,196,'1',7500.00,7500,'2023-06-06 12:56:21','2023-06-06 12:56:21'),(731,321,204,'1',2900.00,2900,'2023-06-06 12:58:00','2023-06-06 12:58:00'),(732,322,203,'1',3300.00,3300,'2023-06-06 13:01:37','2023-06-06 13:01:37'),(733,323,33,'1',3300.00,3300,'2023-06-06 13:02:06','2023-06-06 13:02:06'),(734,323,102,'2',1700.00,3400,'2023-06-06 13:02:06','2023-06-06 13:02:06'),(735,323,35,'1',3000.00,3000,'2023-06-06 13:02:06','2023-06-06 13:02:06'),(736,324,67,'1',27999.00,27999,'2023-06-06 13:04:24','2023-06-06 13:04:24'),(737,324,228,'1',1500.00,1500,'2023-06-06 13:04:24','2023-06-06 13:04:24'),(738,325,204,'1',2900.00,2900,'2023-06-06 13:04:58','2023-06-06 13:04:58'),(739,326,113,'1',1700.00,1700,'2023-06-06 13:07:17','2023-06-06 13:07:17'),(740,326,187,'1',2500.00,2500,'2023-06-06 13:07:17','2023-06-06 13:07:17'),(741,327,186,'1',2200.00,2200,'2023-06-06 13:09:13','2023-06-06 13:09:13'),(742,327,232,'1',150.00,150,'2023-06-06 13:09:13','2023-06-06 13:09:13'),(743,328,189,'5',3300.00,16500,'2023-06-06 13:11:13','2023-06-06 13:11:13'),(744,328,188,'8',2900.00,23200,'2023-06-06 13:11:13','2023-06-06 13:11:13'),(745,328,192,'6',2900.00,17400,'2023-06-06 13:11:13','2023-06-06 13:11:13'),(746,328,190,'7',3000.00,21000,'2023-06-06 13:11:14','2023-06-06 13:11:14'),(747,328,113,'13',1700.00,22100,'2023-06-06 13:11:14','2023-06-06 13:11:14'),(748,328,107,'2',1800.00,3600,'2023-06-06 13:11:14','2023-06-06 13:11:14'),(749,328,186,'4',2200.00,8800,'2023-06-06 13:11:14','2023-06-06 13:11:14'),(750,328,196,'1',7500.00,7500,'2023-06-06 13:11:14','2023-06-06 13:11:14'),(751,328,110,'1',1700.00,1700,'2023-06-06 13:11:14','2023-06-06 13:11:14'),(752,329,34,'1',3300.00,3300,'2023-06-06 13:11:33','2023-06-06 13:11:33'),(753,330,38,'1',2900.00,2900,'2023-06-06 13:11:42','2023-06-06 13:11:42'),(754,330,32,'1',2900.00,2900,'2023-06-06 13:11:42','2023-06-06 13:11:42'),(755,330,163,'1',1650.00,1650,'2023-06-06 13:11:42','2023-06-06 13:11:42'),(756,331,228,'1',1500.00,1500,'2023-06-06 13:13:26','2023-06-06 13:13:26'),(757,331,74,'1',15999.00,15999,'2023-06-06 13:13:26','2023-06-06 13:13:26'),(758,332,228,'1',1500.00,1500,'2023-06-06 13:15:04','2023-06-06 13:15:04'),(759,332,83,'1',13999.00,13999,'2023-06-06 13:15:04','2023-06-06 13:15:04'),(760,333,211,'1',2000.00,2000,'2023-06-06 13:16:48','2023-06-06 13:16:48'),(761,333,206,'1',2500.00,2500,'2023-06-06 13:16:48','2023-06-06 13:16:48'),(762,333,165,'1',3300.00,3300,'2023-06-06 13:16:48','2023-06-06 13:16:48'),(763,334,144,'1',2900.00,2900,'2023-06-06 13:17:07','2023-06-06 13:17:07'),(764,334,231,'1',70.00,70,'2023-06-06 13:17:07','2023-06-06 13:17:07'),(765,335,36,'1',3000.00,3000,'2023-06-06 15:21:16','2023-06-06 15:21:16'),(766,336,26,'1',2900.00,2900,'2023-06-06 15:24:13','2023-06-06 15:24:13'),(767,336,32,'1',2900.00,2900,'2023-06-06 15:24:13','2023-06-06 15:24:13'),(768,336,31,'1',2900.00,2900,'2023-06-06 15:24:13','2023-06-06 15:24:13'),(769,336,237,'1',2150.00,2150,'2023-06-06 15:24:13','2023-06-06 15:24:13'),(770,337,68,'1',27999.00,27999,'2023-06-06 15:25:16','2023-06-06 15:25:16'),(771,337,228,'1',1500.00,1500,'2023-06-06 15:25:16','2023-06-06 15:25:16'),(772,338,67,'1',27999.00,27999,'2023-06-06 15:25:38','2023-06-06 15:25:38'),(773,338,228,'1',1500.00,1500,'2023-06-06 15:25:38','2023-06-06 15:25:38'),(774,339,86,'1',23000.00,23000,'2023-06-06 15:27:00','2023-06-06 15:27:00'),(775,339,99,'2',500.00,1000,'2023-06-06 15:27:00','2023-06-06 15:27:00'),(776,340,86,'1',25000.00,25000,'2023-06-06 15:27:53','2023-06-06 15:27:53'),(777,341,204,'1',2900.00,2900,'2023-06-06 15:28:14','2023-06-06 15:28:14'),(778,342,144,'2',2900.00,5800,'2023-06-06 15:28:32','2023-06-06 15:28:32'),(779,343,26,'2',2900.00,5800,'2023-06-06 15:28:45','2023-06-06 15:28:45'),(780,343,34,'3',3300.00,9900,'2023-06-06 15:28:45','2023-06-06 15:28:45'),(781,344,103,'1',1700.00,1700,'2023-06-06 15:29:40','2023-06-06 15:29:40'),(782,345,33,'2',3300.00,6600,'2023-06-06 15:29:43','2023-06-06 15:29:43'),(783,345,28,'4',2200.00,8800,'2023-06-06 15:29:43','2023-06-06 15:29:43'),(784,346,69,'1',25000.00,25000,'2023-06-06 15:29:49','2023-06-06 15:29:49'),(785,347,35,'1',3000.00,3000,'2023-06-06 15:30:12','2023-06-06 15:30:12'),(786,347,229,'1',250.00,250,'2023-06-06 15:30:12','2023-06-06 15:30:12'),(787,348,203,'1',3300.00,3300,'2023-06-06 15:30:44','2023-06-06 15:30:44'),(788,348,230,'1',500.00,500,'2023-06-06 15:30:44','2023-06-06 15:30:44'),(789,349,25,'1',2900.00,2900,'2023-06-06 15:32:39','2023-06-06 15:32:39'),(790,349,27,'2',2200.00,4400,'2023-06-06 15:32:39','2023-06-06 15:32:39'),(791,349,35,'1',3000.00,3000,'2023-06-06 15:32:39','2023-06-06 15:32:39'),(792,350,72,'3',20999.00,62997,'2023-06-06 15:32:42','2023-06-06 15:32:42'),(793,351,31,'1',2523.00,2523,'2023-06-06 15:32:59','2023-06-06 15:32:59'),(794,351,229,'1',250.00,250,'2023-06-06 15:32:59','2023-06-06 15:32:59'),(795,352,38,'1',2900.00,2900,'2023-06-06 15:33:00','2023-06-06 15:33:00'),(796,353,68,'1',27999.00,27999,'2023-06-06 15:34:10','2023-06-06 15:34:10'),(797,354,86,'1',2500.00,2500,'2023-06-06 15:34:13','2023-06-06 15:34:13'),(798,355,27,'3',2200.00,6600,'2023-06-06 15:34:33','2023-06-06 15:34:33'),(799,355,31,'1',2900.00,2900,'2023-06-06 15:34:33','2023-06-06 15:34:33'),(800,355,25,'2',2900.00,5800,'2023-06-06 15:34:33','2023-06-06 15:34:33'),(801,356,237,'2',1600.00,3200,'2023-06-06 15:34:33','2023-06-06 15:34:33'),(802,356,236,'1',1520.00,1520,'2023-06-06 15:34:33','2023-06-06 15:34:33'),(803,356,231,'1',60.00,60,'2023-06-06 15:34:33','2023-06-06 15:34:33'),(804,357,76,'1',35000.00,35000,'2023-06-06 15:35:01','2023-06-06 15:35:01'),(805,358,196,'1',7500.00,7500,'2023-06-06 15:35:32','2023-06-06 15:35:32'),(806,358,203,'2',3300.00,6600,'2023-06-06 15:35:32','2023-06-06 15:35:32'),(807,358,230,'3',500.00,1500,'2023-06-06 15:35:32','2023-06-06 15:35:32'),(808,359,86,'1',20500.00,20500,'2023-06-06 15:35:52','2023-06-06 15:35:52'),(809,359,231,'1',60.00,60,'2023-06-06 15:35:52','2023-06-06 15:35:52'),(810,360,144,'1',2900.00,2900,'2023-06-06 15:36:01','2023-06-06 15:36:01'),(811,361,204,'4',2900.00,11600,'2023-06-06 15:36:05','2023-06-06 15:36:05'),(812,362,76,'1',35000.00,35000,'2023-06-06 15:36:10','2023-06-06 15:36:10'),(813,362,228,'1',1500.00,1500,'2023-06-06 15:36:10','2023-06-06 15:36:10'),(814,363,32,'1',2900.00,2900,'2023-06-06 15:37:22','2023-06-06 15:37:22'),(815,363,66,'1',2900.00,2900,'2023-06-06 15:37:22','2023-06-06 15:37:22'),(816,363,30,'1',2500.00,2500,'2023-06-06 15:37:22','2023-06-06 15:37:22'),(817,364,29,'10',2500.00,25000,'2023-06-06 15:37:29','2023-06-06 15:37:29'),(818,364,231,'1',60.00,60,'2023-06-06 15:37:29','2023-06-06 15:37:29'),(819,365,228,'4',1500.00,6000,'2023-06-06 15:37:43','2023-06-06 15:37:43'),(820,365,74,'4',18999.00,75996,'2023-06-06 15:37:43','2023-06-06 15:37:43'),(821,366,26,'1',2900.00,2900,'2023-06-06 15:37:55','2023-06-06 15:37:55'),(822,366,32,'2',2900.00,5800,'2023-06-06 15:37:55','2023-06-06 15:37:55'),(823,366,36,'1',3000.00,3000,'2023-06-06 15:37:55','2023-06-06 15:37:55'),(824,366,144,'1',2900.00,2900,'2023-06-06 15:37:55','2023-06-06 15:37:55'),(825,366,30,'1',2500.00,2500,'2023-06-06 15:37:55','2023-06-06 15:37:55'),(826,367,38,'1',2900.00,2900,'2023-06-06 15:38:52','2023-06-06 15:38:52'),(827,367,231,'1',70.00,70,'2023-06-06 15:38:52','2023-06-06 15:38:52'),(828,368,26,'1',2900.00,2900,'2023-06-06 15:39:18','2023-06-06 15:39:18'),(829,369,32,'5',2900.00,14500,'2023-06-06 15:39:25','2023-06-06 15:39:25'),(830,369,26,'3',2900.00,8700,'2023-06-06 15:39:25','2023-06-06 15:39:25'),(831,369,22,'1',2400.00,2400,'2023-06-06 15:39:25','2023-06-06 15:39:25'),(832,370,37,'2',2900.00,5800,'2023-06-06 15:39:29','2023-06-06 15:39:29'),(833,370,35,'1',3000.00,3000,'2023-06-06 15:39:29','2023-06-06 15:39:29'),(834,370,105,'2',1700.00,3400,'2023-06-06 15:39:29','2023-06-06 15:39:29'),(835,371,106,'1',1800.00,1800,'2023-06-06 15:40:13','2023-06-06 15:40:13'),(836,371,229,'1',250.00,250,'2023-06-06 15:40:13','2023-06-06 15:40:13'),(837,372,33,'1',3300.00,3300,'2023-06-06 15:40:43','2023-06-06 15:40:43'),(838,373,26,'1',2900.00,2900,'2023-06-06 15:41:01','2023-06-06 15:41:01'),(839,374,211,'1',2000.00,2000,'2023-06-06 15:41:35','2023-06-06 15:41:35'),(840,374,32,'1',2900.00,2900,'2023-06-06 15:41:35','2023-06-06 15:41:35'),(841,374,232,'1',100.00,100,'2023-06-06 15:41:35','2023-06-06 15:41:35'),(842,375,165,'1',3300.00,3300,'2023-06-06 15:41:37','2023-06-06 15:41:37'),(843,375,231,'1',70.00,70,'2023-06-06 15:41:37','2023-06-06 15:41:37'),(844,376,27,'5',2200.00,11000,'2023-06-06 15:41:39','2023-06-06 15:41:39'),(845,377,35,'2',3000.00,6000,'2023-06-06 15:41:39','2023-06-06 15:41:39'),(846,377,102,'3',1700.00,5100,'2023-06-06 15:41:39','2023-06-06 15:41:39'),(847,378,29,'1',2500.00,2500,'2023-06-06 15:42:20','2023-06-06 15:42:20'),(848,379,80,'1',40000.00,40000,'2023-06-06 15:44:07','2023-06-06 15:44:07'),(849,380,211,'1',2000.00,2000,'2023-06-06 15:44:15','2023-06-06 15:44:15'),(850,380,231,'1',70.00,70,'2023-06-06 15:44:15','2023-06-06 15:44:15'),(851,381,163,'1',1950.00,1950,'2023-06-06 15:44:21','2023-06-06 15:44:21'),(852,382,31,'1',2900.00,2900,'2023-06-06 15:44:36','2023-06-06 15:44:36'),(853,382,231,'1',60.00,60,'2023-06-06 15:44:36','2023-06-06 15:44:36'),(854,383,37,'1',2900.00,2900,'2023-06-06 15:45:39','2023-06-06 15:45:39'),(855,383,31,'1',2900.00,2900,'2023-06-06 15:45:39','2023-06-06 15:45:39'),(856,383,229,'2',250.00,500,'2023-06-06 15:45:39','2023-06-06 15:45:39'),(857,383,231,'1',60.00,60,'2023-06-06 15:45:39','2023-06-06 15:45:39'),(858,384,67,'1',27999.00,27999,'2023-06-06 15:46:38','2023-06-06 15:46:38'),(859,384,228,'1',1500.00,1500,'2023-06-06 15:46:38','2023-06-06 15:46:38'),(860,385,53,'1',2900.00,2900,'2023-06-06 15:46:47','2023-06-06 15:46:47'),(861,385,229,'1',200.00,200,'2023-06-06 15:46:47','2023-06-06 15:46:47'),(862,386,163,'1',1950.00,1950,'2023-06-06 15:47:25','2023-06-06 15:47:25'),(863,387,237,'12',2150.00,25800,'2023-06-06 15:47:27','2023-06-06 15:47:27'),(864,387,127,'11',1500.00,16500,'2023-06-06 15:47:27','2023-06-06 15:47:27'),(865,387,103,'3',1700.00,5100,'2023-06-06 15:47:27','2023-06-06 15:47:27'),(866,387,229,'27',250.00,6750,'2023-06-06 15:47:27','2023-06-06 15:47:27'),(867,388,28,'1',2200.00,2200,'2023-06-06 15:48:07','2023-06-06 15:48:07'),(868,388,231,'1',70.00,70,'2023-06-06 15:48:07','2023-06-06 15:48:07'),(869,389,203,'2',3600.00,7200,'2023-06-06 15:48:51','2023-06-06 15:48:51'),(870,389,230,'2',500.00,1000,'2023-06-06 15:48:51','2023-06-06 15:48:51'),(871,390,233,'1',12000.00,12000,'2023-06-06 15:49:35','2023-06-06 15:49:35'),(872,391,32,'11',2900.00,31900,'2023-06-06 15:49:39','2023-06-06 15:49:39'),(873,391,36,'6',3000.00,18000,'2023-06-06 15:49:39','2023-06-06 15:49:39'),(874,391,144,'4',2900.00,11600,'2023-06-06 15:49:39','2023-06-06 15:49:39'),(875,391,112,'9',1700.00,15300,'2023-06-06 15:49:39','2023-06-06 15:49:39'),(876,391,28,'3',2200.00,6600,'2023-06-06 15:49:39','2023-06-06 15:49:39'),(877,391,30,'3',2500.00,7500,'2023-06-06 15:49:39','2023-06-06 15:49:39'),(878,391,196,'1',7500.00,7500,'2023-06-06 15:49:39','2023-06-06 15:49:39'),(879,391,38,'9',2900.00,26100,'2023-06-06 15:49:39','2023-06-06 15:49:39'),(880,391,34,'6',3300.00,19800,'2023-06-06 15:49:39','2023-06-06 15:49:39'),(881,392,208,'1',2900.00,2900,'2023-06-06 15:50:36','2023-06-06 15:50:36'),(882,392,103,'1',1800.00,1800,'2023-06-06 15:50:36','2023-06-06 15:50:36'),(883,392,62,'1',3300.00,3300,'2023-06-06 15:50:36','2023-06-06 15:50:36'),(884,393,240,'2',2900.00,5800,'2023-06-06 15:51:38','2023-06-06 15:51:38'),(885,393,103,'2',2400.00,4800,'2023-06-06 15:51:38','2023-06-06 15:51:38'),(886,393,26,'2',2900.00,5800,'2023-06-06 15:51:38','2023-06-06 15:51:38'),(887,393,86,'1',18750.00,18750,'2023-06-06 15:51:38','2023-06-06 15:51:38'),(888,394,27,'1',2200.00,2200,'2023-06-06 15:51:54','2023-06-06 15:51:54'),(889,394,21,'1',2400.00,2400,'2023-06-06 15:51:54','2023-06-06 15:51:54'),(890,394,22,'1',2400.00,2400,'2023-06-06 15:51:54','2023-06-06 15:51:54'),(891,394,29,'1',2500.00,2500,'2023-06-06 15:51:54','2023-06-06 15:51:54'),(892,395,32,'6',2900.00,17400,'2023-06-06 15:51:55','2023-06-06 15:51:55'),(893,395,36,'7',3000.00,21000,'2023-06-06 15:51:55','2023-06-06 15:51:55'),(894,395,149,'35',1800.00,63000,'2023-06-06 15:51:55','2023-06-06 15:51:55'),(895,395,106,'5',1800.00,9000,'2023-06-06 15:51:55','2023-06-06 15:51:55'),(896,395,30,'21',2500.00,52500,'2023-06-06 15:51:55','2023-06-06 15:51:55'),(897,395,34,'40',3300.00,132000,'2023-06-06 15:51:55','2023-06-06 15:51:55'),(898,395,79,'2',42500.00,85000,'2023-06-06 15:51:55','2023-06-06 15:51:55'),(899,396,30,'1',2700.00,2700,'2023-06-06 15:51:59','2023-06-06 15:51:59'),(900,396,26,'1',2900.00,2900,'2023-06-06 15:51:59','2023-06-06 15:51:59'),(901,397,244,'1',500.00,500,'2023-06-06 15:52:24','2023-06-06 15:52:24'),(902,397,230,'1',500.00,500,'2023-06-06 15:52:24','2023-06-06 15:52:24'),(903,397,23,'1',7000.00,7000,'2023-06-06 15:52:24','2023-06-06 15:52:24'),(904,398,239,'2',2550.00,5100,'2023-06-06 15:53:20','2023-06-06 15:53:20'),(905,398,231,'1',60.00,60,'2023-06-06 15:53:20','2023-06-06 15:53:20'),(906,399,30,'2',2500.00,5000,'2023-06-06 15:53:44','2023-06-06 15:53:44'),(907,400,163,'1',0.00,0,'2023-06-06 15:54:01','2023-06-06 15:54:01'),(908,400,96,'1',18999.00,18999,'2023-06-06 15:54:01','2023-06-06 15:54:01'),(909,400,228,'1',1500.00,1500,'2023-06-06 15:54:01','2023-06-06 15:54:01'),(910,401,31,'1',2900.00,2900,'2023-06-06 15:54:05','2023-06-06 15:54:05'),(911,401,35,'1',3000.00,3000,'2023-06-06 15:54:05','2023-06-06 15:54:05'),(912,401,229,'1',250.00,250,'2023-06-06 15:54:05','2023-06-06 15:54:05'),(913,402,241,'1',4999.00,4999,'2023-06-06 15:54:46','2023-06-06 15:54:46'),(914,402,231,'1',60.00,60,'2023-06-06 15:54:46','2023-06-06 15:54:46'),(915,403,208,'1',2900.00,2900,'2023-06-06 15:55:04','2023-06-06 15:55:04'),(916,403,6,'2',2900.00,5800,'2023-06-06 15:55:04','2023-06-06 15:55:04'),(917,403,4,'2',2500.00,5000,'2023-06-06 15:55:04','2023-06-06 15:55:04'),(918,404,71,'1',27000.00,27000,'2023-06-06 15:56:05','2023-06-06 15:56:05'),(919,404,230,'1',250.00,250,'2023-06-06 15:56:05','2023-06-06 15:56:05'),(920,404,228,'1',1500.00,1500,'2023-06-06 15:56:05','2023-06-06 15:56:05'),(921,404,203,'1',3300.00,3300,'2023-06-06 15:56:05','2023-06-06 15:56:05'),(928,406,211,'1',2000.00,2000,'2023-06-06 15:57:57','2023-06-06 15:57:57'),(929,406,31,'1',2900.00,2900,'2023-06-06 15:57:57','2023-06-06 15:57:57'),(930,407,67,'1',27999.00,27999,'2023-06-06 15:58:00','2023-06-06 15:58:00'),(931,407,228,'1',1500.00,1500,'2023-06-06 15:58:00','2023-06-06 15:58:00'),(932,407,232,'1',2000.00,2000,'2023-06-06 15:58:00','2023-06-06 15:58:00'),(933,408,238,'1',2200.00,2200,'2023-06-06 15:58:40','2023-06-06 15:58:40'),(934,408,240,'8',2900.00,23200,'2023-06-06 15:58:40','2023-06-06 15:58:40'),(935,408,26,'5',2900.00,14500,'2023-06-06 15:58:40','2023-06-06 15:58:40'),(938,410,79,'1',42500.00,42500,'2023-06-06 15:59:56','2023-06-06 15:59:56'),(939,411,36,'1',3000.00,3000,'2023-06-06 16:00:03','2023-06-06 16:00:03'),(940,411,30,'1',2500.00,2500,'2023-06-06 16:00:03','2023-06-06 16:00:03'),(941,411,34,'1',3300.00,3300,'2023-06-06 16:00:03','2023-06-06 16:00:03'),(942,412,67,'1',27999.00,27999,'2023-06-06 16:00:31','2023-06-06 16:00:31'),(943,413,68,'1',27999.00,27999,'2023-06-06 16:01:30','2023-06-06 16:01:30'),(944,414,205,'1',7500.00,7500,'2023-06-06 16:02:03','2023-06-06 16:02:03'),(945,414,33,'1',3300.00,3300,'2023-06-06 16:02:03','2023-06-06 16:02:03'),(946,414,31,'1',2900.00,2900,'2023-06-06 16:02:03','2023-06-06 16:02:03'),(947,414,37,'1',2900.00,2900,'2023-06-06 16:02:03','2023-06-06 16:02:03'),(948,414,35,'1',3000.00,3000,'2023-06-06 16:02:03','2023-06-06 16:02:03'),(949,414,144,'1',2900.00,2900,'2023-06-06 16:02:03','2023-06-06 16:02:03'),(950,414,229,'4',250.00,1000,'2023-06-06 16:02:03','2023-06-06 16:02:03'),(951,415,240,'3',2900.00,8700,'2023-06-06 16:02:05','2023-06-06 16:02:05'),(952,415,26,'2',2900.00,5800,'2023-06-06 16:02:05','2023-06-06 16:02:05'),(953,415,36,'1',3000.00,3000,'2023-06-06 16:02:05','2023-06-06 16:02:05'),(954,415,238,'3',2200.00,6600,'2023-06-06 16:02:05','2023-06-06 16:02:05'),(955,416,38,'1',2900.00,2900,'2023-06-06 16:02:44','2023-06-06 16:02:44'),(956,416,6,'3',2900.00,8700,'2023-06-06 16:02:44','2023-06-06 16:02:44'),(957,416,62,'1',3300.00,3300,'2023-06-06 16:02:44','2023-06-06 16:02:44'),(958,416,57,'2',2500.00,5000,'2023-06-06 16:02:44','2023-06-06 16:02:44'),(959,416,64,'1',3000.00,3000,'2023-06-06 16:02:44','2023-06-06 16:02:44'),(960,416,106,'2',1700.00,3400,'2023-06-06 16:02:44','2023-06-06 16:02:44'),(961,416,194,'1',2400.00,2400,'2023-06-06 16:02:44','2023-06-06 16:02:44'),(962,416,144,'1',2900.00,2900,'2023-06-06 16:02:44','2023-06-06 16:02:44'),(963,417,240,'1',2900.00,2900,'2023-06-06 16:03:34','2023-06-06 16:03:34'),(964,418,112,'4',1700.00,6800,'2023-06-06 16:03:35','2023-06-06 16:03:35'),(965,419,243,'1',1700.00,1700,'2023-06-06 16:04:01','2023-06-06 16:04:01'),(966,419,163,'2',1950.00,3900,'2023-06-06 16:04:01','2023-06-06 16:04:01'),(967,419,30,'1',2900.00,2900,'2023-06-06 16:04:02','2023-06-06 16:04:02'),(968,419,31,'1',2900.00,2900,'2023-06-06 16:04:02','2023-06-06 16:04:02'),(969,419,231,'1',70.00,70,'2023-06-06 16:04:02','2023-06-06 16:04:02'),(970,420,228,'1',1500.00,1500,'2023-06-06 16:05:57','2023-06-06 16:05:57'),(971,421,31,'1',2900.00,2900,'2023-06-06 16:06:10','2023-06-06 16:06:10'),(972,421,32,'1',2900.00,2900,'2023-06-06 16:06:10','2023-06-06 16:06:10'),(973,421,25,'1',2900.00,2900,'2023-06-06 16:06:10','2023-06-06 16:06:10'),(974,421,242,'3',1700.00,5100,'2023-06-06 16:06:10','2023-06-06 16:06:10'),(975,421,144,'2',2900.00,5800,'2023-06-06 16:06:10','2023-06-06 16:06:10'),(976,421,204,'1',2900.00,2900,'2023-06-06 16:06:10','2023-06-06 16:06:10'),(977,422,232,'1',2000.00,2000,'2023-06-06 16:06:48','2023-06-06 16:06:48'),(978,422,89,'1',25000.00,25000,'2023-06-06 16:06:48','2023-06-06 16:06:48'),(979,422,228,'1',2000.00,2000,'2023-06-06 16:06:48','2023-06-06 16:06:48'),(980,422,218,'1',2000.00,2000,'2023-06-06 16:06:48','2023-06-06 16:06:48'),(981,423,146,'1',6000.00,6000,'2023-06-06 16:06:54','2023-06-06 16:06:54'),(982,423,229,'1',200.00,200,'2023-06-06 16:06:54','2023-06-06 16:06:54'),(983,424,35,'1',3000.00,3000,'2023-06-06 16:06:55','2023-06-06 16:06:55'),(984,425,26,'5',2900.00,14500,'2023-06-06 16:07:14','2023-06-06 16:07:14'),(985,425,32,'3',2900.00,8700,'2023-06-06 16:07:14','2023-06-06 16:07:14'),(986,425,36,'3',3000.00,9000,'2023-06-06 16:07:14','2023-06-06 16:07:14'),(987,425,103,'12',1700.00,20400,'2023-06-06 16:07:14','2023-06-06 16:07:14'),(988,425,28,'2',2200.00,4400,'2023-06-06 16:07:14','2023-06-06 16:07:14'),(989,425,30,'3',2500.00,7500,'2023-06-06 16:07:14','2023-06-06 16:07:14'),(990,425,205,'1',5500.00,5500,'2023-06-06 16:07:14','2023-06-06 16:07:14'),(991,425,229,'51',250.00,12750,'2023-06-06 16:07:14','2023-06-06 16:07:14'),(992,425,22,'2',2400.00,4800,'2023-06-06 16:07:14','2023-06-06 16:07:14'),(993,425,109,'3',1700.00,5100,'2023-06-06 16:07:14','2023-06-06 16:07:14'),(994,425,34,'13',3300.00,42900,'2023-06-06 16:07:14','2023-06-06 16:07:14'),(995,425,106,'1',1800.00,1800,'2023-06-06 16:07:14','2023-06-06 16:07:14'),(996,426,103,'11',1700.00,18700,'2023-06-06 16:08:06','2023-06-06 16:08:06'),(997,426,105,'2',1700.00,3400,'2023-06-06 16:08:06','2023-06-06 16:08:06'),(998,426,1,'2',2200.00,4400,'2023-06-06 16:08:06','2023-06-06 16:08:06'),(999,426,2,'2',2200.00,4400,'2023-06-06 16:08:06','2023-06-06 16:08:06'),(1000,426,57,'4',2500.00,10000,'2023-06-06 16:08:06','2023-06-06 16:08:06'),(1001,426,8,'2',3300.00,6600,'2023-06-06 16:08:06','2023-06-06 16:08:06'),(1002,427,22,'1',2400.00,2400,'2023-06-06 16:08:31','2023-06-06 16:08:31'),(1003,428,233,'1',10000.00,10000,'2023-06-06 16:08:56','2023-06-06 16:08:56'),(1004,429,228,'1',1500.00,1500,'2023-06-06 16:09:07','2023-06-06 16:09:07'),(1005,429,97,'1',15999.00,15999,'2023-06-06 16:09:07','2023-06-06 16:09:07'),(1006,430,38,'1',2900.00,2900,'2023-06-06 16:09:43','2023-06-06 16:09:43'),(1007,430,32,'1',2900.00,2900,'2023-06-06 16:09:43','2023-06-06 16:09:43'),(1008,430,112,'1',1700.00,1700,'2023-06-06 16:09:43','2023-06-06 16:09:43'),(1009,430,28,'1',2200.00,2200,'2023-06-06 16:09:43','2023-06-06 16:09:43'),(1010,430,231,'1',100.00,100,'2023-06-06 16:09:43','2023-06-06 16:09:43'),(1011,431,34,'2',3300.00,6600,'2023-06-06 16:10:46','2023-06-06 16:10:46'),(1012,432,32,'3',2900.00,8700,'2023-06-06 16:10:47','2023-06-06 16:10:47'),(1013,432,30,'1',2500.00,2500,'2023-06-06 16:10:47','2023-06-06 16:10:47'),(1014,432,36,'1',3000.00,3000,'2023-06-06 16:10:47','2023-06-06 16:10:47'),(1015,432,229,'1',250.00,250,'2023-06-06 16:10:47','2023-06-06 16:10:47'),(1016,433,166,'1',1700.00,1700,'2023-06-06 16:11:27','2023-06-06 16:11:27'),(1017,433,165,'3',3300.00,9900,'2023-06-06 16:11:27','2023-06-06 16:11:27'),(1018,433,21,'5',2400.00,12000,'2023-06-06 16:11:27','2023-06-06 16:11:27'),(1019,433,229,'11',250.00,2750,'2023-06-06 16:11:27','2023-06-06 16:11:27'),(1020,434,38,'2',2900.00,5800,'2023-06-06 16:12:21','2023-06-06 16:12:21'),(1021,435,112,'2',1700.00,3400,'2023-06-06 16:12:29','2023-06-06 16:12:29'),(1022,435,34,'5',3300.00,16500,'2023-06-06 16:12:29','2023-06-06 16:12:29'),(1023,436,31,'1',2900.00,2900,'2023-06-06 16:12:39','2023-06-06 16:12:39'),(1024,436,25,'1',2900.00,2900,'2023-06-06 16:12:39','2023-06-06 16:12:39'),(1025,437,106,'4',1700.00,6800,'2023-06-06 16:13:29','2023-06-06 16:13:29'),(1026,437,231,'1',100.00,100,'2023-06-06 16:13:29','2023-06-06 16:13:29'),(1027,438,241,'1',4999.00,4999,'2023-06-06 16:13:51','2023-06-06 16:13:51'),(1028,438,231,'1',60.00,60,'2023-06-06 16:13:51','2023-06-06 16:13:51'),(1029,439,35,'4',2500.00,10000,'2023-06-06 16:15:27','2023-06-06 16:15:27'),(1030,440,103,'11',1700.00,18700,'2023-06-06 16:16:24','2023-06-06 16:16:24'),(1031,440,106,'2',1700.00,3400,'2023-06-06 16:16:24','2023-06-06 16:16:24'),(1032,440,55,'2',2200.00,4400,'2023-06-06 16:16:24','2023-06-06 16:16:24'),(1033,440,2,'2',2200.00,4400,'2023-06-06 16:16:24','2023-06-06 16:16:24'),(1034,440,4,'4',2500.00,10000,'2023-06-06 16:16:24','2023-06-06 16:16:24'),(1035,440,8,'2',3300.00,6600,'2023-06-06 16:16:24','2023-06-06 16:16:24'),(1036,441,74,'1',18999.00,18999,'2023-06-06 16:16:39','2023-06-06 16:16:39'),(1037,441,146,'2',6500.00,13000,'2023-06-06 16:16:39','2023-06-06 16:16:39'),(1038,441,33,'1',3300.00,3300,'2023-06-06 16:16:39','2023-06-06 16:16:39'),(1039,441,31,'1',2900.00,2900,'2023-06-06 16:16:39','2023-06-06 16:16:39'),(1040,441,228,'1',1500.00,1500,'2023-06-06 16:16:39','2023-06-06 16:16:39'),(1041,441,229,'3',250.00,750,'2023-06-06 16:16:39','2023-06-06 16:16:39'),(1042,442,127,'1',1500.00,1500,'2023-06-06 16:19:01','2023-06-06 16:19:01'),(1043,442,31,'11',2900.00,31900,'2023-06-06 16:19:01','2023-06-06 16:19:01'),(1044,442,29,'3',2500.00,7500,'2023-06-06 16:19:01','2023-06-06 16:19:01'),(1045,442,25,'1',2900.00,2900,'2023-06-06 16:19:01','2023-06-06 16:19:01'),(1046,442,105,'1',1700.00,1700,'2023-06-06 16:19:01','2023-06-06 16:19:01'),(1047,442,35,'1',2900.00,2900,'2023-06-06 16:19:01','2023-06-06 16:19:01'),(1048,442,102,'6',1700.00,10200,'2023-06-06 16:19:01','2023-06-06 16:19:01'),(1049,443,241,'2',4999.00,9998,'2023-06-06 16:19:21','2023-06-06 16:19:21'),(1050,444,97,'1',15999.00,15999,'2023-06-06 16:20:38','2023-06-06 16:20:38'),(1051,444,228,'1',1600.00,1600,'2023-06-06 16:20:38','2023-06-06 16:20:38'),(1052,445,25,'1',2900.00,2900,'2023-06-06 16:21:22','2023-06-06 16:21:22'),(1053,446,241,'1',4999.00,4999,'2023-06-06 16:21:43','2023-06-06 16:21:43'),(1054,446,231,'1',70.00,70,'2023-06-06 16:21:43','2023-06-06 16:21:43'),(1055,447,1,'4',2200.00,8800,'2023-06-06 16:22:29','2023-06-06 16:22:29'),(1056,447,3,'27',2500.00,67500,'2023-06-06 16:22:29','2023-06-06 16:22:29'),(1057,447,5,'46',2900.00,133400,'2023-06-06 16:22:29','2023-06-06 16:22:29'),(1058,447,7,'42',3200.00,134400,'2023-06-06 16:22:29','2023-06-06 16:22:29'),(1059,447,102,'152',1900.00,288800,'2023-06-06 16:22:29','2023-06-06 16:22:29'),(1060,447,21,'54',2400.00,129600,'2023-06-06 16:22:29','2023-06-06 16:22:29'),(1061,447,35,'10',3000.00,30000,'2023-06-06 16:22:29','2023-06-06 16:22:29'),(1062,447,25,'7',2900.00,20300,'2023-06-06 16:22:29','2023-06-06 16:22:29'),(1063,447,245,'31',3000.00,93000,'2023-06-06 16:22:29','2023-06-06 16:22:29'),(1064,447,246,'10',3000.00,30000,'2023-06-06 16:22:29','2023-06-06 16:22:29'),(1065,447,146,'31',5500.00,170500,'2023-06-06 16:22:29','2023-06-06 16:22:29'),(1066,447,41,'20',3300.00,66000,'2023-06-06 16:22:29','2023-06-06 16:22:29'),(1067,447,105,'11',1700.00,18700,'2023-06-06 16:22:29','2023-06-06 16:22:29'),(1068,447,108,'11',1700.00,18700,'2023-06-06 16:22:29','2023-06-06 16:22:29'),(1069,447,170,'4',21500.00,86000,'2023-06-06 16:22:29','2023-06-06 16:22:29'),(1070,447,77,'2',34999.00,69998,'2023-06-06 16:22:29','2023-06-06 16:22:29'),(1071,448,112,'2',1700.00,3400,'2023-06-06 16:22:37','2023-06-06 16:22:37'),(1072,449,241,'1',4999.00,4999,'2023-06-06 16:23:07','2023-06-06 16:23:07'),(1073,450,30,'2',2500.00,5000,'2023-06-06 16:23:45','2023-06-06 16:23:45'),(1074,450,26,'1',2900.00,2900,'2023-06-06 16:23:45','2023-06-06 16:23:45'),(1075,451,247,'2',9400.00,18800,'2023-06-06 16:24:07','2023-06-06 16:24:07'),(1076,451,28,'1',2200.00,2200,'2023-06-06 16:24:07','2023-06-06 16:24:07'),(1077,451,229,'1',250.00,250,'2023-06-06 16:24:07','2023-06-06 16:24:07'),(1078,451,231,'1',70.00,70,'2023-06-06 16:24:07','2023-06-06 16:24:07'),(1086,453,38,'6',2900.00,17400,'2023-06-06 16:24:56','2023-06-06 16:24:56'),(1087,453,32,'9',2900.00,26100,'2023-06-06 16:24:56','2023-06-06 16:24:56'),(1088,453,36,'8',3000.00,24000,'2023-06-06 16:24:56','2023-06-06 16:24:56'),(1089,453,112,'7',1700.00,11900,'2023-06-06 16:24:56','2023-06-06 16:24:56'),(1090,453,109,'1',1700.00,1700,'2023-06-06 16:24:56','2023-06-06 16:24:56'),(1091,453,34,'18',3300.00,59400,'2023-06-06 16:24:56','2023-06-06 16:24:56'),(1092,454,30,'2',2500.00,5000,'2023-06-06 16:25:21','2023-06-06 16:25:21'),(1093,455,75,'1',18000.00,18000,'2023-06-06 16:28:14','2023-06-06 16:28:14'),(1094,455,228,'1',1500.00,1500,'2023-06-06 16:28:14','2023-06-06 16:28:14'),(1095,456,75,'7',17999.00,125993,'2023-06-06 16:28:59','2023-06-06 16:28:59'),(1096,456,96,'33',17999.00,593967,'2023-06-06 16:28:59','2023-06-06 16:28:59'),(1097,457,33,'1',3300.00,3300,'2023-06-06 16:29:14','2023-06-06 16:29:14'),(1098,457,29,'1',2500.00,2500,'2023-06-06 16:29:14','2023-06-06 16:29:14'),(1099,457,31,'1',2900.00,2900,'2023-06-06 16:29:14','2023-06-06 16:29:14'),(1100,458,248,'2',2350.00,4700,'2023-06-06 16:29:20','2023-06-06 16:29:20'),(1101,447,249,'16',36000.00,576000,'2023-06-06 16:22:29','2023-06-06 16:22:29'),(1102,459,89,'1',25000.00,25000,'2023-06-06 16:31:16','2023-06-06 16:31:16'),(1103,459,228,'1',1500.00,1500,'2023-06-06 16:31:16','2023-06-06 16:31:16'),(1104,460,32,'4',2900.00,11600,'2023-06-06 16:33:00','2023-06-06 16:33:00'),(1105,460,30,'3',2500.00,7500,'2023-06-06 16:33:00','2023-06-06 16:33:00'),(1106,460,229,'5',200.00,1000,'2023-06-06 16:33:00','2023-06-06 16:33:00'),(1109,462,163,'1',1650.00,1650,'2023-06-06 16:35:15','2023-06-06 16:35:15'),(1110,463,27,'1',2200.00,2200,'2023-06-06 16:35:17','2023-06-06 16:35:17'),(1111,463,148,'2',1900.00,3800,'2023-06-06 16:35:17','2023-06-06 16:35:17'),(1112,464,68,'1',27999.00,27999,'2023-06-06 16:39:13','2023-06-06 16:39:13'),(1113,464,195,'1',6000.00,6000,'2023-06-06 16:39:13','2023-06-06 16:39:13'),(1114,465,67,'1',27999.00,27999,'2023-06-06 16:40:30','2023-06-06 16:40:30'),(1115,465,228,'1',1500.00,1500,'2023-06-06 16:40:30','2023-06-06 16:40:30'),(1116,466,35,'1',3000.00,3000,'2023-06-06 16:41:23','2023-06-06 16:41:23'),(1117,467,69,'1',25000.00,25000,'2023-06-06 16:42:28','2023-06-06 16:42:28'),(1118,467,99,'2',500.00,1000,'2023-06-06 16:42:28','2023-06-06 16:42:28'),(1119,467,228,'1',1500.00,1500,'2023-06-06 16:42:28','2023-06-06 16:42:28'),(1120,468,72,'1',5000.00,5000,'2023-06-06 16:42:37','2023-06-06 16:42:37'),(1121,468,228,'1',1500.00,1500,'2023-06-06 16:42:37','2023-06-06 16:42:37'),(1122,469,86,'1',23000.00,23000,'2023-06-06 16:43:56','2023-06-06 16:43:56'),(1123,469,99,'2',500.00,1000,'2023-06-06 16:43:56','2023-06-06 16:43:56'),(1124,470,68,'1',27999.00,27999,'2023-06-06 16:44:24','2023-06-06 16:44:24'),(1125,470,144,'1',2900.00,2900,'2023-06-06 16:44:24','2023-06-06 16:44:24'),(1126,471,33,'5',3200.00,16000,'2023-06-06 16:47:43','2023-06-06 16:47:43'),(1127,471,32,'1',2900.00,2900,'2023-06-06 16:47:43','2023-06-06 16:47:43'),(1128,471,127,'1',1500.00,1500,'2023-06-06 16:47:43','2023-06-06 16:47:43'),(1129,471,229,'7',250.00,1750,'2023-06-06 16:47:43','2023-06-06 16:47:43'),(1130,472,233,'1',14000.00,14000,'2023-06-06 16:47:51','2023-06-06 16:47:51'),(1131,472,228,'1',1500.00,1500,'2023-06-06 16:47:51','2023-06-06 16:47:51'),(1132,473,196,'1',7500.00,7500,'2023-06-06 16:48:00','2023-06-06 16:48:00'),(1133,473,195,'1',12000.00,12000,'2023-06-06 16:48:00','2023-06-06 16:48:00'),(1134,473,235,'16',7000.00,112000,'2023-06-06 16:48:00','2023-06-06 16:48:00'),(1135,473,36,'4',3000.00,12000,'2023-06-06 16:48:00','2023-06-06 16:48:00'),(1136,473,115,'7',1800.00,12600,'2023-06-06 16:48:00','2023-06-06 16:48:00'),(1137,473,26,'5',2900.00,14500,'2023-06-06 16:48:00','2023-06-06 16:48:00'),(1138,473,106,'3',1700.00,5100,'2023-06-06 16:48:00','2023-06-06 16:48:00'),(1139,473,103,'24',1700.00,40800,'2023-06-06 16:48:00','2023-06-06 16:48:00'),(1140,473,233,'2',40199.00,80398,'2023-06-06 16:48:00','2023-06-06 16:48:00'),(1141,473,201,'1',25000.00,25000,'2023-06-06 16:48:00','2023-06-06 16:48:00'),(1142,473,144,'6',2900.00,17400,'2023-06-06 16:48:00','2023-06-06 16:48:00'),(1143,473,146,'4',3000.00,12000,'2023-06-06 16:48:00','2023-06-06 16:48:00'),(1144,473,240,'21',2900.00,60900,'2023-06-06 16:48:00','2023-06-06 16:48:00'),(1145,474,68,'1',27999.00,27999,'2023-06-06 16:48:11','2023-06-06 16:48:11'),(1146,474,228,'1',1500.00,1500,'2023-06-06 16:48:11','2023-06-06 16:48:11'),(1147,474,32,'4',2900.00,11600,'2023-06-06 16:48:11','2023-06-06 16:48:11'),(1148,474,26,'1',2900.00,2900,'2023-06-06 16:48:11','2023-06-06 16:48:11'),(1149,474,229,'5',200.00,1000,'2023-06-06 16:48:11','2023-06-06 16:48:11'),(1150,475,163,'1',2150.00,2150,'2023-06-06 16:49:47','2023-06-06 16:49:47'),(1151,476,10,'1',3000.00,3000,'2023-06-06 16:50:07','2023-06-06 16:50:07'),(1152,476,231,'1',60.00,60,'2023-06-06 16:50:07','2023-06-06 16:50:07'),(1153,477,29,'2',2500.00,5000,'2023-06-06 16:51:35','2023-06-06 16:51:35'),(1154,478,31,'3',2900.00,8700,'2023-06-06 16:51:56','2023-06-06 16:51:56'),(1155,478,144,'1',2900.00,2900,'2023-06-06 16:51:56','2023-06-06 16:51:56'),(1156,479,189,'1',3000.00,3000,'2023-06-06 16:52:30','2023-06-06 16:52:30'),(1157,479,128,'1',2900.00,2900,'2023-06-06 16:52:30','2023-06-06 16:52:30'),(1158,480,86,'1',23000.00,23000,'2023-06-06 16:53:40','2023-06-06 16:53:40'),(1159,480,228,'1',1500.00,1500,'2023-06-06 16:53:40','2023-06-06 16:53:40'),(1160,481,32,'1',2900.00,2900,'2023-06-06 16:55:26','2023-06-06 16:55:26'),(1161,481,26,'1',2900.00,2900,'2023-06-06 16:55:26','2023-06-06 16:55:26'),(1162,482,196,'1',7500.00,7500,'2023-06-06 16:55:44','2023-06-06 16:55:44'),(1163,482,195,'1',12000.00,12000,'2023-06-06 16:55:44','2023-06-06 16:55:44'),(1164,482,235,'16',7000.00,112000,'2023-06-06 16:55:44','2023-06-06 16:55:44'),(1165,482,32,'21',2900.00,60900,'2023-06-06 16:55:44','2023-06-06 16:55:44'),(1166,482,36,'4',3500.00,14000,'2023-06-06 16:55:44','2023-06-06 16:55:44'),(1167,482,115,'7',1900.00,13300,'2023-06-06 16:55:44','2023-06-06 16:55:44'),(1168,482,26,'5',2900.00,14500,'2023-06-06 16:55:44','2023-06-06 16:55:44'),(1169,482,106,'3',1900.00,5700,'2023-06-06 16:55:44','2023-06-06 16:55:44'),(1170,482,103,'24',1700.00,40800,'2023-06-06 16:55:44','2023-06-06 16:55:44'),(1171,482,233,'02',40199.00,80398,'2023-06-06 16:55:44','2023-06-06 16:55:44'),(1172,482,201,'1',28000.00,28000,'2023-06-06 16:55:44','2023-06-06 16:55:44'),(1173,482,144,'6',2900.00,17400,'2023-06-06 16:55:44','2023-06-06 16:55:44'),(1174,482,249,'2',22500.00,45000,'2023-06-06 16:55:44','2023-06-06 16:55:44'),(1175,482,146,'4',3800.00,15200,'2023-06-06 16:55:44','2023-06-06 16:55:44'),(1176,483,31,'3',2900.00,8700,'2023-06-06 16:56:10','2023-06-06 16:56:10'),(1177,483,235,'3',7000.00,21000,'2023-06-06 16:56:10','2023-06-06 16:56:10'),(1178,483,229,'6',200.00,1200,'2023-06-06 16:56:10','2023-06-06 16:56:10'),(1179,484,68,'1',27999.00,27999,'2023-06-06 16:56:45','2023-06-06 16:56:45'),(1180,485,35,'1',3000.00,3000,'2023-06-06 16:56:56','2023-06-06 16:56:56'),(1181,486,89,'1',25500.00,25500,'2023-06-06 16:58:09','2023-06-06 16:58:09'),(1182,486,228,'1',1500.00,1500,'2023-06-06 16:58:09','2023-06-06 16:58:09'),(1183,487,32,'36',2900.00,104400,'2023-06-06 16:59:08','2023-06-06 16:59:08'),(1184,487,38,'4',2900.00,11600,'2023-06-06 16:59:08','2023-06-06 16:59:08'),(1185,487,115,'11',1900.00,20900,'2023-06-06 16:59:08','2023-06-06 16:59:08'),(1186,487,103,'26',1800.00,46800,'2023-06-06 16:59:08','2023-06-06 16:59:08'),(1187,487,36,'4',3500.00,14000,'2023-06-06 16:59:08','2023-06-06 16:59:08'),(1188,487,106,'4',1900.00,7600,'2023-06-06 16:59:08','2023-06-06 16:59:08'),(1189,487,197,'1',7500.00,7500,'2023-06-06 16:59:08','2023-06-06 16:59:08'),(1190,487,201,'1',25000.00,25000,'2023-06-06 16:59:08','2023-06-06 16:59:08'),(1191,487,195,'1',12000.00,12000,'2023-06-06 16:59:08','2023-06-06 16:59:08'),(1192,487,144,'4',2900.00,11600,'2023-06-06 16:59:08','2023-06-06 16:59:08'),(1193,488,144,'1',2900.00,2900,'2023-06-06 16:59:25','2023-06-06 16:59:25'),(1194,489,204,'1',2900.00,2900,'2023-06-06 16:59:39','2023-06-06 16:59:39'),(1195,490,249,'1',23670.00,23670,'2023-06-06 17:01:02','2023-06-06 17:01:02'),(1196,490,249,'2',15780.00,31560,'2023-06-06 17:01:02','2023-06-06 17:01:02'),(1197,490,205,'1',4070.00,4070,'2023-06-06 17:01:02','2023-06-06 17:01:02'),(1198,491,68,'1',27999.00,27999,'2023-06-06 17:01:32','2023-06-06 17:01:32'),(1199,492,35,'1',3000.00,3000,'2023-06-06 17:01:34','2023-06-06 17:01:34'),(1200,492,37,'1',2900.00,2900,'2023-06-06 17:01:34','2023-06-06 17:01:34'),(1201,492,31,'4',2900.00,11600,'2023-06-06 17:01:34','2023-06-06 17:01:34'),(1202,493,32,'3',2900.00,8700,'2023-06-06 17:02:08','2023-06-06 17:02:08'),(1203,493,26,'2',2900.00,5800,'2023-06-06 17:02:08','2023-06-06 17:02:08'),(1204,493,217,'1',2400.00,2400,'2023-06-06 17:02:08','2023-06-06 17:02:08'),(1205,494,38,'1',2900.00,2900,'2023-06-06 17:04:19','2023-06-06 17:04:19'),(1206,495,31,'2',2900.00,5800,'2023-06-06 17:06:12','2023-06-06 17:06:12'),(1207,496,163,'1',1750.00,1750,'2023-06-06 17:08:01','2023-06-06 17:08:01'),(1208,497,37,'1',2900.00,2900,'2023-06-06 17:08:43','2023-06-06 17:08:43'),(1209,497,31,'1',2900.00,2900,'2023-06-06 17:08:43','2023-06-06 17:08:43'),(1210,498,28,'2',2200.00,4400,'2023-06-06 17:17:31','2023-06-06 17:17:31'),(1211,498,30,'15',2500.00,37500,'2023-06-06 17:17:31','2023-06-06 17:17:31'),(1212,498,32,'36',2900.00,104400,'2023-06-06 17:17:31','2023-06-06 17:17:31'),(1213,498,26,'10',2900.00,29000,'2023-06-06 17:17:31','2023-06-06 17:17:31'),(1214,498,106,'5',1900.00,9500,'2023-06-06 17:17:31','2023-06-06 17:17:31'),(1215,498,112,'38',1700.00,64600,'2023-06-06 17:17:31','2023-06-06 17:17:31'),(1216,498,124,'14',1800.00,25200,'2023-06-06 17:17:31','2023-06-06 17:17:31'),(1217,499,31,'3',2900.00,8700,'2023-06-06 17:33:00','2023-06-06 17:33:00'),(1218,499,38,'2',2900.00,5800,'2023-06-06 17:33:00','2023-06-06 17:33:00'),(1219,499,28,'4',2200.00,8800,'2023-06-06 17:33:00','2023-06-06 17:33:00'),(1220,499,144,'2',2900.00,5800,'2023-06-06 17:33:00','2023-06-06 17:33:00'),(1221,499,35,'1',3000.00,3000,'2023-06-06 17:33:00','2023-06-06 17:33:00'),(1222,500,33,'1',3300.00,3300,'2023-06-06 18:55:37','2023-06-06 18:55:37'),(1223,500,25,'4',2900.00,11600,'2023-06-06 18:55:37','2023-06-06 18:55:37'),(1224,500,31,'2',2900.00,5800,'2023-06-06 18:55:37','2023-06-06 18:55:37'),(1225,501,102,'1',1900.00,1900,'2023-06-06 19:00:22','2023-06-06 19:00:22'),(1226,501,229,'3',250.00,750,'2023-06-06 19:00:22','2023-06-06 19:00:22'),(1227,501,26,'1',2900.00,2900,'2023-06-06 19:00:22','2023-06-06 19:00:22'),(1228,501,34,'1',3300.00,3300,'2023-06-06 19:00:22','2023-06-06 19:00:22'),(1229,502,26,'1',2900.00,2900,'2023-06-06 19:08:39','2023-06-06 19:08:39'),(1230,502,32,'1',2900.00,2900,'2023-06-06 19:08:39','2023-06-06 19:08:39'),(1231,502,36,'1',3000.00,3000,'2023-06-06 19:08:39','2023-06-06 19:08:39'),(1232,502,103,'5',1700.00,8500,'2023-06-06 19:08:39','2023-06-06 19:08:39'),(1233,502,106,'2',1800.00,3600,'2023-06-06 19:08:39','2023-06-06 19:08:39'),(1234,502,34,'3',3300.00,9900,'2023-06-06 19:08:39','2023-06-06 19:08:39'),(1235,503,33,'4',3200.00,12800,'2023-06-06 19:16:09','2023-06-06 19:16:09'),(1236,503,31,'3',2900.00,8700,'2023-06-06 19:16:09','2023-06-06 19:16:09'),(1237,503,34,'2',3200.00,6400,'2023-06-06 19:16:09','2023-06-06 19:16:09'),(1238,503,32,'1',2900.00,2900,'2023-06-06 19:16:09','2023-06-06 19:16:09'),(1239,503,229,'10',250.00,2500,'2023-06-06 19:16:09','2023-06-06 19:16:09'),(1240,504,235,'10',7000.00,70000,'2023-06-06 19:44:52','2023-06-06 19:44:52'),(1241,504,36,'5',3000.00,15000,'2023-06-06 19:44:52','2023-06-06 19:44:52'),(1242,504,28,'3',2200.00,6600,'2023-06-06 19:44:52','2023-06-06 19:44:52'),(1243,504,26,'2',2900.00,5800,'2023-06-06 19:44:52','2023-06-06 19:44:52'),(1244,505,28,'3',2200.00,6600,'2023-06-07 10:12:18','2023-06-07 10:12:18'),(1245,505,235,'1',7000.00,7000,'2023-06-07 10:12:18','2023-06-07 10:12:18'),(1246,505,109,'1',1700.00,1700,'2023-06-07 10:12:18','2023-06-07 10:12:18'),(1247,505,103,'8',1700.00,13600,'2023-06-07 10:12:18','2023-06-07 10:12:18'),(1248,505,106,'2',1700.00,3400,'2023-06-07 10:12:18','2023-06-07 10:12:18'),(1249,505,144,'1',8000.00,8000,'2023-06-07 10:12:18','2023-06-07 10:12:18'),(1250,505,32,'1',2900.00,2900,'2023-06-07 10:12:18','2023-06-07 10:12:18'),(1251,505,229,'17',200.00,3400,'2023-06-07 10:12:18','2023-06-07 10:12:18'),(1252,506,207,'10',2900.00,29000,'2023-06-07 14:19:33','2023-06-07 14:19:33'),(1253,506,59,'56',2900.00,162400,'2023-06-07 14:19:33','2023-06-07 14:19:33'),(1254,507,241,'1',4999.00,4999,'2023-06-07 14:22:09','2023-06-07 14:22:09'),(1255,507,112,'1',1700.00,1700,'2023-06-07 14:22:09','2023-06-07 14:22:09'),(1256,507,231,'1',60.00,60,'2023-06-07 14:22:09','2023-06-07 14:22:09'),(1257,508,241,'1',4999.00,4999,'2023-06-07 14:23:45','2023-06-07 14:23:45'),(1258,508,103,'1',1700.00,1700,'2023-06-07 14:23:45','2023-06-07 14:23:45'),(1259,509,241,'1',4999.00,4999,'2023-06-07 14:26:10','2023-06-07 14:26:10'),(1260,509,231,'1',60.00,60,'2023-06-07 14:26:10','2023-06-07 14:26:10'),(1261,510,201,'4',23000.00,92000,'2023-06-07 14:28:46','2023-06-07 14:28:46'),(1262,511,88,'1',25500.00,25500,'2023-06-07 14:32:03','2023-06-07 14:32:03'),(1263,511,228,'1',1500.00,1500,'2023-06-07 14:32:03','2023-06-07 14:32:03'),(1264,512,67,'1',27999.00,27999,'2023-06-07 14:34:01','2023-06-07 14:34:01'),(1265,513,235,'1',7000.00,7000,'2023-06-07 14:38:56','2023-06-07 14:38:56'),(1266,514,69,'1',22000.00,22000,'2023-06-07 14:44:57','2023-06-07 14:44:57'),(1267,514,228,'1',2000.00,2000,'2023-06-07 14:44:57','2023-06-07 14:44:57'),(1268,515,207,'2',2900.00,5800,'2023-06-07 14:46:17','2023-06-07 14:46:17'),(1269,516,207,'1',2900.00,2900,'2023-06-07 14:47:16','2023-06-07 14:47:16'),(1270,517,251,'1',40199.00,40199,'2023-06-07 15:00:08','2023-06-07 15:00:08'),(1271,517,228,'1',1500.00,1500,'2023-06-07 15:00:08','2023-06-07 15:00:08'),(1272,518,31,'13',2900.00,37700,'2023-06-07 15:03:07','2023-06-07 15:03:07'),(1273,518,33,'1',3300.00,3300,'2023-06-07 15:03:07','2023-06-07 15:03:07'),(1274,518,29,'3',2500.00,7500,'2023-06-07 15:03:07','2023-06-07 15:03:07'),(1275,518,25,'5',2900.00,14500,'2023-06-07 15:03:07','2023-06-07 15:03:07'),(1276,519,256,'50',1800.00,90000,'2023-06-07 16:25:12','2023-06-07 16:25:12'),(1277,519,32,'50',2900.00,145000,'2023-06-07 16:25:12','2023-06-07 16:25:12'),(1278,519,30,'50',2500.00,125000,'2023-06-07 16:25:12','2023-06-07 16:25:12'),(1279,519,112,'100',1800.00,180000,'2023-06-07 16:25:12','2023-06-07 16:25:12'),(1280,519,252,'53',1700.00,90100,'2023-06-07 16:25:12','2023-06-07 16:25:12'),(1281,519,253,'50',6000.00,300000,'2023-06-07 16:25:12','2023-06-07 16:25:12'),(1282,519,254,'50',3000.00,150000,'2023-06-07 16:25:12','2023-06-07 16:25:12'),(1283,519,255,'50',2500.00,125000,'2023-06-07 16:25:12','2023-06-07 16:25:12'),(1284,520,55,'3',2200.00,6600,'2023-06-08 10:49:25','2023-06-08 10:49:25'),(1285,520,29,'3',2500.00,7500,'2023-06-08 10:49:25','2023-06-08 10:49:25'),(1286,520,31,'22',2900.00,63800,'2023-06-08 10:49:25','2023-06-08 10:49:25'),(1287,520,34,'4',3300.00,13200,'2023-06-08 10:49:25','2023-06-08 10:49:25'),(1288,520,63,'4',3000.00,12000,'2023-06-08 10:49:25','2023-06-08 10:49:25'),(1289,520,25,'11',2900.00,31900,'2023-06-08 10:49:25','2023-06-08 10:49:25'),(1290,520,250,'5',1800.00,9000,'2023-06-08 10:49:25','2023-06-08 10:49:25'),(1291,520,21,'8',2400.00,19200,'2023-06-08 10:49:25','2023-06-08 10:49:25'),(1292,520,102,'34',1700.00,57800,'2023-06-08 10:49:25','2023-06-08 10:49:25'),(1293,520,105,'5',1700.00,8500,'2023-06-08 10:49:25','2023-06-08 10:49:25'),(1294,520,108,'1',1700.00,1700,'2023-06-08 10:49:25','2023-06-08 10:49:25'),(1295,520,196,'1',7500.00,7500,'2023-06-08 10:49:25','2023-06-08 10:49:25'),(1296,521,27,'3',2200.00,6600,'2023-06-08 10:54:24','2023-06-08 10:54:24'),(1297,521,29,'3',2500.00,7500,'2023-06-08 10:54:24','2023-06-08 10:54:24'),(1298,521,5,'16',2900.00,46400,'2023-06-08 10:54:24','2023-06-08 10:54:24'),(1299,521,33,'4',3300.00,13200,'2023-06-08 10:54:24','2023-06-08 10:54:24'),(1300,521,25,'11',2900.00,31900,'2023-06-08 10:54:24','2023-06-08 10:54:24'),(1301,521,35,'4',3000.00,12000,'2023-06-08 10:54:24','2023-06-08 10:54:24'),(1302,521,102,'7',1700.00,11900,'2023-06-08 10:54:24','2023-06-08 10:54:24'),(1303,521,21,'4',2400.00,9600,'2023-06-08 10:54:24','2023-06-08 10:54:24'),(1304,521,105,'1',1700.00,1700,'2023-06-08 10:54:24','2023-06-08 10:54:24'),(1305,521,108,'1',1700.00,1700,'2023-06-08 10:54:24','2023-06-08 10:54:24'),(1306,522,97,'1',17000.00,17000,'2023-06-10 09:58:18','2023-06-10 09:58:18'),(1307,523,240,'1',2700.00,2700,'2023-06-10 10:01:33','2023-06-10 10:01:33'),(1308,523,144,'1',2900.00,2900,'2023-06-10 10:01:33','2023-06-10 10:01:33'),(1309,523,211,'0',2000.00,0,'2023-06-10 10:01:33','2023-06-10 10:01:33'),(1310,523,242,'0',1950.00,0,'2023-06-10 10:01:33','2023-06-10 10:01:33'),(1311,524,206,'1',2500.00,2500,'2023-06-10 10:03:36','2023-06-10 10:03:36'),(1312,524,205,'1',3800.00,3800,'2023-06-10 10:03:36','2023-06-10 10:03:36'),(1313,525,237,'2',2000.00,4000,'2023-06-10 10:15:33','2023-06-10 10:15:33'),(1314,525,25,'2',2000.00,4000,'2023-06-10 10:15:33','2023-06-10 10:15:33'),(1315,525,218,'1',1500.00,1500,'2023-06-10 10:15:33','2023-06-10 10:15:33'),(1316,526,132,'1',1700.00,1700,'2023-06-10 10:26:45','2023-06-10 10:26:45'),(1317,527,69,'1',25000.00,25000,'2023-06-10 10:32:05','2023-06-10 10:32:05'),(1318,527,102,'1',1700.00,1700,'2023-06-10 10:32:05','2023-06-10 10:32:05'),(1319,527,32,'1',2900.00,2900,'2023-06-10 10:32:05','2023-06-10 10:32:05'),(1320,528,69,'1',22000.00,22000,'2023-06-10 10:34:18','2023-06-10 10:34:18'),(1321,529,26,'1',2900.00,2900,'2023-06-10 10:36:10','2023-06-10 10:36:10'),(1322,529,231,'1',60.00,60,'2023-06-10 10:36:10','2023-06-10 10:36:10'),(1323,530,25,'1',2900.00,2900,'2023-06-10 10:38:13','2023-06-10 10:38:13'),(1324,531,138,'2',1350.00,2700,'2023-06-12 15:48:55','2023-06-12 15:48:55'),(1325,531,159,'2',1500.00,3000,'2023-06-12 15:48:55','2023-06-12 15:48:55'),(1326,531,161,'1',1500.00,1500,'2023-06-12 15:48:55','2023-06-12 15:48:55'),(1327,531,149,'4',1800.00,7200,'2023-06-12 15:48:55','2023-06-12 15:48:55'),(1328,532,173,'5',1800.00,9000,'2023-06-13 12:15:20','2023-06-13 12:15:20'),(1329,532,14,'5',700.00,3500,'2023-06-13 12:15:20','2023-06-13 12:15:20'),(1330,532,174,'4',2200.00,8800,'2023-06-13 12:15:20','2023-06-13 12:15:20'),(1331,532,16,'4',700.00,2800,'2023-06-13 12:15:20','2023-06-13 12:15:20'),(1332,532,175,'8',2600.00,20800,'2023-06-13 12:15:21','2023-06-13 12:15:21'),(1333,532,18,'8',700.00,5600,'2023-06-13 12:15:21','2023-06-13 12:15:21'),(1334,532,176,'5',2200.00,11000,'2023-06-13 12:15:21','2023-06-13 12:15:21'),(1335,532,208,'5',700.00,3500,'2023-06-13 12:15:21','2023-06-13 12:15:21'),(1336,532,151,'1',1700.00,1700,'2023-06-13 12:15:21','2023-06-13 12:15:21'),(1337,532,149,'9',1800.00,16200,'2023-06-13 12:15:21','2023-06-13 12:15:21'),(1338,532,109,'1',1700.00,1700,'2023-06-13 12:15:21','2023-06-13 12:15:21'),(1341,534,196,'1',7500.00,7500,'2023-06-13 16:37:36','2023-06-13 16:37:36'),(1342,534,231,'1',70.00,70,'2023-06-13 16:37:36','2023-06-13 16:37:36'),(1343,535,177,'1',2300.00,2300,'2023-06-14 15:35:18','2023-06-14 15:35:18'),(1344,535,19,'1',700.00,700,'2023-06-14 15:35:18','2023-06-14 15:35:18'),(1349,538,176,'1',2200.00,2200,'2023-06-18 09:13:04','2023-06-18 09:13:04'),(1350,538,208,'1',700.00,700,'2023-06-18 09:13:04','2023-06-18 09:13:04'),(1351,538,177,'1',2300.00,2300,'2023-06-18 09:13:04','2023-06-18 09:13:04'),(1352,538,19,'1',700.00,700,'2023-06-18 09:13:04','2023-06-18 09:13:04'),(1355,540,132,'1',899.00,899,'2023-06-18 10:42:44','2023-06-18 10:42:44'),(1356,540,134,'1',999.00,999,'2023-06-18 10:42:44','2023-06-18 10:42:44'),(1357,541,88,'2',26000.00,52000,'2023-06-18 11:03:43','2023-06-18 11:03:43'),(1358,541,89,'1',26000.00,26000,'2023-06-18 11:03:43','2023-06-18 11:03:43'),(1359,541,228,'3',1500.00,4500,'2023-06-18 11:03:43','2023-06-18 11:03:43'),(1360,541,263,'1',1000.00,1000,'2023-06-18 11:03:43','2023-06-18 11:03:43'),(1361,542,12,'2',700.00,1400,'2023-06-18 15:35:54','2023-06-18 15:35:54'),(1362,542,172,'2',1500.00,3000,'2023-06-18 15:35:54','2023-06-18 15:35:54'),(1363,542,3,'1',1800.00,1800,'2023-06-18 15:35:54','2023-06-18 15:35:54'),(1364,542,46,'1',700.00,700,'2023-06-18 15:35:54','2023-06-18 15:35:54'),(1365,542,175,'5',2600.00,13000,'2023-06-18 15:35:54','2023-06-18 15:35:54'),(1366,542,18,'5',700.00,3500,'2023-06-18 15:35:54','2023-06-18 15:35:54'),(1367,542,176,'2',2200.00,4400,'2023-06-18 15:35:54','2023-06-18 15:35:54'),(1368,542,208,'2',700.00,1400,'2023-06-18 15:35:54','2023-06-18 15:35:54'),(1369,542,112,'2',1900.00,3800,'2023-06-18 15:35:54','2023-06-18 15:35:54'),(1370,542,115,'2',1900.00,3800,'2023-06-18 15:35:54','2023-06-18 15:35:54'),(1371,542,229,'14',250.00,3500,'2023-06-18 15:35:54','2023-06-18 15:35:54'),(1375,544,3,'1',1900.00,1900,'2023-06-20 09:47:30','2023-06-20 09:47:30'),(1376,544,46,'1',700.00,700,'2023-06-20 09:47:30','2023-06-20 09:47:30'),(1377,544,104,'2',1700.00,3400,'2023-06-20 09:47:30','2023-06-20 09:47:30'),(1378,544,52,'2',700.00,1400,'2023-06-20 09:47:30','2023-06-20 09:47:30'),(1379,544,177,'2',2300.00,4600,'2023-06-20 09:47:30','2023-06-20 09:47:30'),(1380,544,229,'5',250.00,1250,'2023-06-20 09:47:30','2023-06-20 09:47:30'),(1381,545,74,'1',17999.00,17999,'2023-06-21 10:18:57','2023-06-21 10:18:57'),(1382,546,50,'1',700.00,700,'2023-06-22 09:29:35','2023-06-22 09:29:35'),(1383,546,61,'1',2600.00,2600,'2023-06-22 09:29:35','2023-06-22 09:29:35'),(1384,546,229,'1',250.00,250,'2023-06-22 09:29:35','2023-06-22 09:29:35'),(1385,547,61,'2',2600.00,5200,'2023-06-22 13:40:22','2023-06-22 13:40:22'),(1386,547,50,'2',700.00,1400,'2023-06-22 13:40:22','2023-06-22 13:40:22'),(1389,549,145,'50',5000.00,250000,'2023-06-26 11:47:36','2023-06-26 11:47:36'),(1390,550,137,'7',1350.00,9450,'2023-06-26 16:42:44','2023-06-26 16:42:44'),(1391,550,138,'3',1350.00,4050,'2023-06-26 16:42:44','2023-06-26 16:42:44'),(1392,550,148,'7',1800.00,12600,'2023-06-26 16:42:44','2023-06-26 16:42:44'),(1393,550,149,'3',1800.00,5400,'2023-06-26 16:42:44','2023-06-26 16:42:44'),(1394,550,129,'7',1400.00,9800,'2023-06-26 16:42:44','2023-06-26 16:42:44'),(1395,550,130,'3',1400.00,4200,'2023-06-26 16:42:44','2023-06-26 16:42:44'),(1396,551,144,'1',2900.00,2900,'2023-07-03 12:25:37','2023-07-03 12:25:37'),(1397,551,229,'1',250.00,250,'2023-07-03 12:25:37','2023-07-03 12:25:37'),(1402,553,77,'1',35000.00,35000,'2023-07-04 12:03:15','2023-07-04 12:03:15'),(1403,553,137,'1',1350.00,1350,'2023-07-04 12:03:15','2023-07-04 12:03:15'),(1404,553,228,'1',1500.00,1500,'2023-07-04 12:03:15','2023-07-04 12:03:15'),(1405,553,229,'1',150.00,150,'2023-07-04 12:03:15','2023-07-04 12:03:15'),(1406,554,148,'1',1800.00,1800,'2023-07-04 16:13:08','2023-07-04 16:13:08'),(1407,554,176,'1',2200.00,2200,'2023-07-04 16:13:08','2023-07-04 16:13:08'),(1408,554,207,'1',700.00,700,'2023-07-04 16:13:08','2023-07-04 16:13:08'),(1409,554,137,'1',1350.00,1350,'2023-07-04 16:13:08','2023-07-04 16:13:08'),(1410,555,12,'1',700.00,700,'2023-07-05 10:24:11','2023-07-05 10:24:11'),(1411,555,172,'1',1500.00,1500,'2023-07-05 10:24:11','2023-07-05 10:24:11'),(1412,555,18,'1',700.00,700,'2023-07-05 10:24:11','2023-07-05 10:24:11'),(1413,555,175,'1',2600.00,2600,'2023-07-05 10:24:11','2023-07-05 10:24:11'),(1414,555,208,'1',700.00,700,'2023-07-05 10:24:11','2023-07-05 10:24:11'),(1415,555,176,'1',2200.00,2200,'2023-07-05 10:24:11','2023-07-05 10:24:11'),(1416,556,267,'1',9600.00,9600,'2023-07-05 11:58:11','2023-07-05 11:58:11'),(1417,556,247,'6',8400.00,50400,'2023-07-05 11:58:11','2023-07-05 11:58:11'),(1418,556,269,'1',420.00,420,'2023-07-05 11:58:11','2023-07-05 11:58:11'),(1419,557,165,'1',2970.00,2970,'2023-07-06 16:50:09','2023-07-06 16:50:09'),(1420,557,111,'2',1620.00,3240,'2023-07-06 16:50:09','2023-07-06 16:50:09'),(1421,557,229,'3',250.00,750,'2023-07-06 16:50:09','2023-07-06 16:50:09'),(1422,558,56,'50',1500.00,75000,'2023-07-08 11:26:39','2023-07-08 11:26:39'),(1423,558,12,'50',700.00,35000,'2023-07-08 11:26:39','2023-07-08 11:26:39'),(1424,558,252,'47',1700.00,79900,'2023-07-08 11:26:39','2023-07-08 11:26:39'),(1425,558,270,'450',1800.00,810000,'2023-07-08 11:26:39','2023-07-08 11:26:39'),(1426,559,50,'1',700.00,700,'2023-07-09 10:27:08','2023-07-09 10:27:08'),(1427,559,175,'1',2600.00,2600,'2023-07-09 10:27:08','2023-07-09 10:27:08'),(1428,560,138,'3',1350.00,4050,'2023-07-09 15:12:39','2023-07-09 15:12:39'),(1429,560,149,'4',1800.00,7200,'2023-07-09 15:12:39','2023-07-09 15:12:39'),(1430,560,159,'1',1500.00,1500,'2023-07-09 15:12:39','2023-07-09 15:12:39'),(1431,560,161,'1',1500.00,1500,'2023-07-09 15:12:39','2023-07-09 15:12:39'),(1432,561,1,'9',1500.00,13500,'2023-07-13 13:53:13','2023-07-13 13:53:13'),(1433,561,44,'9',700.00,6300,'2023-07-13 13:53:13','2023-07-13 13:53:13'),(1434,561,3,'11',1800.00,19800,'2023-07-13 13:53:13','2023-07-13 13:53:13'),(1435,561,46,'11',700.00,7700,'2023-07-13 13:53:13','2023-07-13 13:53:13'),(1436,561,5,'18',2200.00,39600,'2023-07-13 13:53:13','2023-07-13 13:53:13'),(1437,561,48,'18',700.00,12600,'2023-07-13 13:53:13','2023-07-13 13:53:13'),(1438,561,175,'2',2600.00,5200,'2023-07-13 13:53:13','2023-07-13 13:53:13'),(1439,561,50,'2',700.00,1400,'2023-07-13 13:53:13','2023-07-13 13:53:13'),(1440,561,177,'9',2300.00,20700,'2023-07-13 13:53:13','2023-07-13 13:53:13'),(1441,561,52,'9',700.00,6300,'2023-07-13 13:53:13','2023-07-13 13:53:13'),(1442,561,176,'11',2200.00,24200,'2023-07-13 13:53:13','2023-07-13 13:53:13'),(1443,561,208,'11',700.00,7700,'2023-07-13 13:53:13','2023-07-13 13:53:13'),(1444,561,112,'42',1800.00,75600,'2023-07-13 13:53:13','2023-07-13 13:53:13'),(1445,561,115,'3',1800.00,5400,'2023-07-13 13:53:13','2023-07-13 13:53:13'),(1446,561,106,'6',1800.00,10800,'2023-07-13 13:53:13','2023-07-13 13:53:13'),(1447,561,109,'2',1700.00,3400,'2023-07-13 13:53:13','2023-07-13 13:53:13'),(1448,562,203,'2',3300.00,6600,'2023-07-15 10:12:59','2023-07-15 10:12:59'),(1449,563,61,'1',2600.00,2600,'2023-07-18 11:09:04','2023-07-18 11:09:04'),(1450,563,49,'1',700.00,700,'2023-07-18 11:09:04','2023-07-18 11:09:04'),(1454,565,131,'2',899.00,1798,'2023-07-22 10:17:32','2023-07-22 10:17:32'),(1455,565,138,'1',1350.00,1350,'2023-07-22 10:17:32','2023-07-22 10:17:32'),(1456,565,130,'1',1400.00,1400,'2023-07-22 10:17:32','2023-07-22 10:17:32'),(1457,566,84,'1',15999.00,15999,'2023-07-25 12:48:58','2023-07-25 12:48:58'),(1458,567,46,'1',700.00,700,'2023-07-26 14:31:56','2023-07-26 14:31:56'),(1459,567,3,'1',1800.00,1800,'2023-07-26 14:31:56','2023-07-26 14:31:56'),(1460,567,48,'1',700.00,700,'2023-07-26 14:31:56','2023-07-26 14:31:56'),(1461,567,5,'1',2200.00,2200,'2023-07-26 14:31:56','2023-07-26 14:31:56'),(1462,567,208,'1',700.00,700,'2023-07-26 14:31:56','2023-07-26 14:31:56'),(1463,567,176,'1',2200.00,2200,'2023-07-26 14:31:56','2023-07-26 14:31:56'),(1464,568,1,'1',1500.00,1500,'2023-07-27 10:12:03','2023-07-27 10:12:03'),(1465,568,12,'1',700.00,700,'2023-07-27 10:12:03','2023-07-27 10:12:03'),(1468,570,61,'5',2600.00,13000,'2023-07-30 10:34:12','2023-07-30 10:34:12'),(1469,570,49,'5',700.00,3500,'2023-07-30 10:34:12','2023-07-30 10:34:12'),(1470,570,111,'2',1800.00,3600,'2023-07-30 10:34:12','2023-07-30 10:34:12'),(1471,571,88,'1',25000.00,25000,'2023-08-01 15:20:58','2023-08-01 15:20:58'),(1472,572,191,'1',5200.00,5200,'2023-08-05 11:11:37','2023-08-05 11:11:37'),(1473,573,163,'1',1650.00,1650,'2023-08-05 15:32:39','2023-08-05 15:32:39'),(1474,574,203,'1',3300.00,3300,'2023-08-06 10:19:50','2023-08-06 10:19:50'),(1475,574,230,'1',500.00,500,'2023-08-06 10:19:50','2023-08-06 10:19:50'),(1476,575,247,'4',15000.00,60000,'2023-08-06 12:25:13','2023-08-06 12:25:13'),(1477,575,266,'1',13874.00,13874,'2023-08-06 12:25:13','2023-08-06 12:25:13'),(1478,575,269,'3',1600.00,4800,'2023-08-06 12:25:13','2023-08-06 12:25:13'),(1479,576,175,'1',2600.00,2600,'2023-08-07 11:11:00','2023-08-07 11:11:00'),(1480,576,18,'1',700.00,700,'2023-08-07 11:11:00','2023-08-07 11:11:00'),(1481,576,74,'1',18000.00,18000,'2023-08-07 11:11:00','2023-08-07 11:11:00'),(1482,576,144,'1',2900.00,2900,'2023-08-07 11:11:00','2023-08-07 11:11:00'),(1483,577,144,'1',2900.00,2900,'2023-08-08 11:35:37','2023-08-08 11:35:37'),(1484,577,50,'2',700.00,1400,'2023-08-08 11:35:37','2023-08-08 11:35:37'),(1485,577,61,'2',2600.00,5200,'2023-08-08 11:35:37','2023-08-08 11:35:37'),(1486,578,67,'1',27999.00,27999,'2023-08-09 11:16:12','2023-08-09 11:16:12'),(1487,579,67,'1',29000.00,29000,'2023-08-09 16:52:37','2023-08-09 16:52:37'),(1488,579,228,'1',500.00,500,'2023-08-09 16:52:37','2023-08-09 16:52:37'),(1489,580,203,'6',3300.00,19800,'2023-08-10 12:19:15','2023-08-10 12:19:15'),(1490,580,207,'3',700.00,2100,'2023-08-10 12:19:15','2023-08-10 12:19:15'),(1491,580,65,'3',2200.00,6600,'2023-08-10 12:19:15','2023-08-10 12:19:15'),(1492,580,5,'3',2200.00,6600,'2023-08-10 12:19:15','2023-08-10 12:19:15'),(1493,580,47,'3',500.00,1500,'2023-08-10 12:19:15','2023-08-10 12:19:15'),(1494,580,3,'3',1800.00,5400,'2023-08-10 12:19:15','2023-08-10 12:19:15'),(1495,580,45,'3',700.00,2100,'2023-08-10 12:19:15','2023-08-10 12:19:15'),(1496,581,67,'1',27999.00,27999,'2023-08-16 14:46:46','2023-08-16 14:46:46'),(1497,582,136,'10',1150.00,11500,'2023-08-17 15:48:44','2023-08-17 15:48:44'),(1498,582,149,'5',1800.00,9000,'2023-08-17 15:48:44','2023-08-17 15:48:44'),(1499,582,175,'2',2600.00,5200,'2023-08-17 15:48:44','2023-08-17 15:48:44'),(1500,582,18,'2',700.00,1400,'2023-08-17 15:48:44','2023-08-17 15:48:44'),(1501,583,176,'1',2200.00,2200,'2023-08-21 09:11:29','2023-08-21 09:11:29'),(1502,583,208,'1',700.00,700,'2023-08-21 09:11:29','2023-08-21 09:11:29'),(1503,584,165,'1',3300.00,3300,'2023-08-21 09:30:20','2023-08-21 09:30:20'),(1504,585,177,'6',2300.00,13800,'2023-08-21 14:19:49','2023-08-21 14:19:49'),(1505,585,19,'6',700.00,4200,'2023-08-21 14:19:49','2023-08-21 14:19:49'),(1506,586,249,'2',25500.00,51000,'2023-08-21 16:01:45','2023-08-21 16:01:45'),(1507,587,22,'3',2400.00,7200,'2023-08-23 12:36:48','2023-08-23 12:36:48'),(1520,590,132,'2',899.00,1798,'2023-08-28 10:10:31','2023-08-28 10:10:31'),(1521,590,134,'6',999.00,5994,'2023-08-28 10:10:31','2023-08-28 10:10:31'),(1522,590,136,'6',1150.00,6900,'2023-08-28 10:10:31','2023-08-28 10:10:31'),(1523,590,148,'1',1800.00,1800,'2023-08-28 10:10:31','2023-08-28 10:10:31'),(1524,590,130,'1',1400.00,1400,'2023-08-28 10:10:31','2023-08-28 10:10:31'),(1525,591,27,'1',2200.00,2200,'2023-08-28 10:27:57','2023-08-28 10:27:57'),(1526,591,29,'7',2500.00,17500,'2023-08-28 10:27:57','2023-08-28 10:27:57'),(1527,591,31,'6',2900.00,17400,'2023-08-28 10:27:57','2023-08-28 10:27:57'),(1528,591,33,'10',3300.00,33000,'2023-08-28 10:27:57','2023-08-28 10:27:57'),(1529,591,111,'5',1800.00,9000,'2023-08-28 10:27:57','2023-08-28 10:27:57'),(1530,591,35,'2',3000.00,6000,'2023-08-28 10:27:57','2023-08-28 10:27:57'),(1531,592,175,'1',2600.00,2600,'2023-08-29 05:09:42','2023-08-29 05:09:42'),(1532,592,18,'1',700.00,700,'2023-08-29 05:09:42','2023-08-29 05:09:42'),(1533,592,229,'1',250.00,250,'2023-08-29 05:09:42','2023-08-29 05:09:42'),(1534,593,33,'11',3300.00,36300,'2023-08-29 06:41:33','2023-08-29 06:41:33'),(1535,593,37,'4',2900.00,11600,'2023-08-29 06:41:33','2023-08-29 06:41:33'),(1536,594,129,'3',1400.00,4200,'2023-08-30 05:33:23','2023-08-30 05:33:23'),(1537,594,158,'2',1500.00,3000,'2023-08-30 05:33:23','2023-08-30 05:33:23'),(1538,594,133,'3',999.00,2997,'2023-08-30 05:33:23','2023-08-30 05:33:23'),(1539,594,148,'1',1800.00,1800,'2023-08-30 05:33:23','2023-08-30 05:33:23'),(1540,594,135,'1',1150.00,1150,'2023-08-30 05:33:23','2023-08-30 05:33:23'),(1541,594,138,'1',1350.00,1350,'2023-08-30 05:33:23','2023-08-30 05:33:23'),(1542,595,175,'2',2600.00,5200,'2023-09-02 16:32:15','2023-09-02 16:32:15'),(1543,595,18,'2',700.00,1400,'2023-09-02 16:32:15','2023-09-02 16:32:15'),(1544,595,5,'3',2200.00,6600,'2023-09-02 16:32:15','2023-09-02 16:32:15'),(1545,595,16,'3',700.00,2100,'2023-09-02 16:32:15','2023-09-02 16:32:15'),(1546,595,112,'7',1800.00,12600,'2023-09-02 16:32:15','2023-09-02 16:32:15'),(1547,596,18,'2',700.00,1400,'2023-09-03 06:50:36','2023-09-03 06:50:36'),(1548,596,175,'2',2600.00,5200,'2023-09-03 06:50:36','2023-09-03 06:50:36'),(1549,596,5,'4',2200.00,8800,'2023-09-03 06:50:36','2023-09-03 06:50:36'),(1550,596,16,'4',700.00,2800,'2023-09-03 06:50:36','2023-09-03 06:50:36'),(1551,596,112,'4',1800.00,7200,'2023-09-03 06:50:36','2023-09-03 06:50:36'),(1552,597,176,'1',2200.00,2200,'2023-09-04 06:53:05','2023-09-04 06:53:05'),(1553,597,53,'1',700.00,700,'2023-09-04 06:53:05','2023-09-04 06:53:05'),(1554,597,175,'2',2600.00,5200,'2023-09-04 06:53:05','2023-09-04 06:53:05'),(1555,597,49,'2',700.00,1400,'2023-09-04 06:53:05','2023-09-04 06:53:05'),(1556,598,79,'1',42500.00,42500,'2023-09-07 04:35:21','2023-09-07 04:35:21'),(1557,599,34,'2',3300.00,6600,'2023-09-07 06:49:51','2023-09-07 06:49:51'),(1558,599,26,'3',2900.00,8700,'2023-09-07 06:49:51','2023-09-07 06:49:51'),(1559,600,79,'1',42500.00,42500,'2023-09-07 07:33:03','2023-09-07 07:33:03'),(1560,600,47,'1',500.00,500,'2023-09-07 07:33:03','2023-09-07 07:33:03'),(1561,600,5,'1',2200.00,2200,'2023-09-07 07:33:03','2023-09-07 07:33:03'),(1562,600,228,'1',1500.00,1500,'2023-09-07 07:33:03','2023-09-07 07:33:03'),(1563,600,229,'1',250.00,250,'2023-09-07 07:33:03','2023-09-07 07:33:03'),(1564,601,265,'2',5800.00,11600,'2023-09-07 11:18:32','2023-09-07 11:18:32'),(1565,601,19,'1',700.00,700,'2023-09-07 11:18:32','2023-09-07 11:18:32'),(1566,601,177,'1',2300.00,2300,'2023-09-07 11:18:32','2023-09-07 11:18:32'),(1567,602,203,'1',3300.00,3300,'2023-09-07 12:08:04','2023-09-07 12:08:04'),(1595,605,82,'1',14000.00,14000,'2023-09-08 09:21:58','2023-09-08 09:21:58'),(1596,606,175,'1',2600.00,2600,'2023-09-09 05:22:20','2023-09-09 05:22:20'),(1597,606,18,'1',700.00,700,'2023-09-09 05:22:20','2023-09-09 05:22:20'),(1598,606,5,'3',2200.00,6600,'2023-09-09 05:22:20','2023-09-09 05:22:20'),(1599,606,47,'3',500.00,1500,'2023-09-09 05:22:20','2023-09-09 05:22:20'),(1600,606,3,'2',1800.00,3600,'2023-09-09 05:22:20','2023-09-09 05:22:20'),(1601,606,45,'2',700.00,1400,'2023-09-09 05:22:20','2023-09-09 05:22:20'),(1602,607,177,'1',2300.00,2300,'2023-09-09 06:39:34','2023-09-09 06:39:34'),(1603,607,51,'1',700.00,700,'2023-09-09 06:39:34','2023-09-09 06:39:34'),(1604,607,47,'1',500.00,500,'2023-09-09 06:39:34','2023-09-09 06:39:34'),(1605,607,5,'1',2200.00,2200,'2023-09-09 06:39:34','2023-09-09 06:39:34'),(1606,607,229,'2',250.00,500,'2023-09-09 06:39:34','2023-09-09 06:39:34'),(1607,608,208,'1',700.00,700,'2023-09-09 12:08:16','2023-09-09 12:08:16'),(1608,608,66,'1',2200.00,2200,'2023-09-09 12:08:16','2023-09-09 12:08:16'),(1609,608,10,'1',3000.00,3000,'2023-09-09 12:08:16','2023-09-09 12:08:16'),(1610,608,50,'3',700.00,2100,'2023-09-09 12:08:16','2023-09-09 12:08:16'),(1611,608,175,'3',2600.00,7800,'2023-09-09 12:08:16','2023-09-09 12:08:16'),(1612,608,22,'2',2400.00,4800,'2023-09-09 12:08:16','2023-09-09 12:08:16'),(1613,608,112,'5',1800.00,9000,'2023-09-09 12:08:16','2023-09-09 12:08:16'),(1614,608,115,'1',1800.00,1800,'2023-09-09 12:08:16','2023-09-09 12:08:16'),(1615,608,106,'2',1800.00,3600,'2023-09-09 12:08:16','2023-09-09 12:08:16'),(1616,608,109,'1',1700.00,1700,'2023-09-09 12:08:16','2023-09-09 12:08:16'),(1617,609,27,'3',2200.00,6600,'2023-09-11 06:17:57','2023-09-11 06:17:57'),(1618,609,29,'5',2500.00,12500,'2023-09-11 06:17:57','2023-09-11 06:17:57'),(1619,609,31,'7',2900.00,20300,'2023-09-11 06:17:57','2023-09-11 06:17:57'),(1620,609,35,'4',3000.00,12000,'2023-09-11 06:17:57','2023-09-11 06:17:57'),(1621,609,198,'1',7500.00,7500,'2023-09-11 06:17:57','2023-09-11 06:17:57'),(1622,609,229,'4',250.00,1000,'2023-09-11 06:17:57','2023-09-11 06:17:57'),(1623,609,230,'1',500.00,500,'2023-09-11 06:17:57','2023-09-11 06:17:57'),(1624,610,163,'2',1650.00,3300,'2023-09-13 05:01:15','2023-09-13 05:01:15'),(1625,611,149,'20',1800.00,36000,'2023-09-13 07:04:56','2023-09-13 07:04:56'),(1626,612,22,'14',2400.00,33600,'2023-09-14 07:59:24','2023-09-14 07:59:24'),(1627,613,112,'1',1800.00,1800,'2023-09-19 05:00:43','2023-09-19 05:00:43'),(1629,615,76,'1',35000.00,35000,'2023-09-20 05:32:34','2023-09-20 05:32:34'),(1630,616,175,'1',2600.00,2600,'2023-09-20 09:04:02','2023-09-20 09:04:02'),(1631,616,18,'1',700.00,700,'2023-09-20 09:04:02','2023-09-20 09:04:02'),(1632,617,78,'1',34999.00,34999,'2023-09-25 04:45:01','2023-09-25 04:45:01'),(1633,617,82,'2',13999.00,27998,'2023-09-25 04:45:01','2023-09-25 04:45:01'),(1634,618,175,'4',2600.00,10400,'2023-09-25 04:58:15','2023-09-25 04:58:15'),(1635,618,18,'4',700.00,2800,'2023-09-25 04:58:15','2023-09-25 04:58:15'),(1636,618,144,'1',2900.00,2900,'2023-09-25 04:58:15','2023-09-25 04:58:15'),(1639,620,273,'15',2400.00,36000,'2023-09-27 06:34:21','2023-09-27 06:34:21'),(1640,621,31,'1',2900.00,2900,'2023-10-01 06:05:44','2023-10-01 06:05:44'),(1641,621,33,'3',3300.00,9900,'2023-10-01 06:05:44','2023-10-01 06:05:44'),(1642,622,27,'5',2200.00,11000,'2023-10-01 09:13:09','2023-10-01 09:13:09'),(1643,622,29,'28',2500.00,70000,'2023-10-01 09:13:09','2023-10-01 09:13:09'),(1644,622,31,'40',2900.00,116000,'2023-10-01 09:13:09','2023-10-01 09:13:09'),(1645,622,33,'50',3300.00,165000,'2023-10-01 09:13:09','2023-10-01 09:13:09'),(1646,622,111,'140',1900.00,266000,'2023-10-01 09:13:09','2023-10-01 09:13:09'),(1647,622,35,'11',3000.00,33000,'2023-10-01 09:13:09','2023-10-01 09:13:09'),(1648,622,245,'11',3000.00,33000,'2023-10-01 09:13:09','2023-10-01 09:13:09'),(1649,622,246,'11',3000.00,33000,'2023-10-01 09:13:09','2023-10-01 09:13:09'),(1650,622,274,'31',12500.00,387500,'2023-10-01 09:13:09','2023-10-01 09:13:09'),(1651,622,41,'25',3300.00,82500,'2023-10-01 09:13:09','2023-10-01 09:13:09'),(1652,622,105,'5',1700.00,8500,'2023-10-01 09:13:09','2023-10-01 09:13:09'),(1653,622,108,'5',1700.00,8500,'2023-10-01 09:13:09','2023-10-01 09:13:09'),(1654,622,170,'4',21500.00,86000,'2023-10-01 09:13:09','2023-10-01 09:13:09'),(1655,622,77,'2',34999.00,69998,'2023-10-01 09:13:09','2023-10-01 09:13:09'),(1656,622,249,'16',36000.00,576000,'2023-10-01 09:13:09','2023-10-01 09:13:09'),(1657,623,137,'4',1350.00,5400,'2023-10-02 04:46:52','2023-10-02 04:46:52'),(1658,623,135,'10',1150.00,11500,'2023-10-02 04:46:52','2023-10-02 04:46:52'),(1659,623,133,'6',999.00,5994,'2023-10-02 04:46:52','2023-10-02 04:46:52'),(1660,623,131,'4',899.00,3596,'2023-10-02 04:46:52','2023-10-02 04:46:52'),(1661,623,148,'5',1800.00,9000,'2023-10-02 04:46:52','2023-10-02 04:46:52'),(1662,623,129,'6',1400.00,8400,'2023-10-02 04:46:52','2023-10-02 04:46:52'),(1663,623,158,'6',1500.00,9000,'2023-10-02 04:46:52','2023-10-02 04:46:52'),(1664,624,156,'8',1400.00,11200,'2023-10-02 04:49:24','2023-10-02 04:49:24'),(1665,624,152,'3',1300.00,3900,'2023-10-02 04:49:24','2023-10-02 04:49:24'),(1674,626,3,'1',1800.00,1800,'2023-10-03 08:58:45','2023-10-03 08:58:45'),(1675,626,14,'1',700.00,700,'2023-10-03 08:58:45','2023-10-03 08:58:45'),(1676,627,115,'4',1800.00,7200,'2023-10-03 09:05:19','2023-10-03 09:05:19'),(1677,627,46,'7',700.00,4900,'2023-10-03 09:05:19','2023-10-03 09:05:19'),(1678,627,3,'7',1800.00,12600,'2023-10-03 09:05:19','2023-10-03 09:05:19'),(1679,627,149,'66',1700.00,112200,'2023-10-03 09:05:19','2023-10-03 09:05:19'),(1680,627,50,'19',700.00,13300,'2023-10-03 09:05:19','2023-10-03 09:05:19'),(1681,627,175,'19',2600.00,49400,'2023-10-03 09:05:19','2023-10-03 09:05:19'),(1682,627,48,'13',700.00,9100,'2023-10-03 09:05:19','2023-10-03 09:05:19'),(1683,627,5,'13',2200.00,28600,'2023-10-03 09:05:19','2023-10-03 09:05:19'),(1684,628,84,'8',15999.00,127992,'2023-10-04 05:37:25','2023-10-04 05:37:25'),(1685,629,70,'1',25000.00,25000,'2023-10-05 06:39:51','2023-10-05 06:39:51'),(1686,630,149,'2',1800.00,3600,'2023-10-05 09:26:01','2023-10-05 09:26:01'),(1687,630,177,'1',2300.00,2300,'2023-10-05 09:26:01','2023-10-05 09:26:01'),(1688,630,52,'1',700.00,700,'2023-10-05 09:26:01','2023-10-05 09:26:01'),(1689,630,5,'2',2200.00,4400,'2023-10-05 09:26:01','2023-10-05 09:26:01'),(1690,630,16,'2',700.00,1400,'2023-10-05 09:26:01','2023-10-05 09:26:01'),(1691,630,1,'1',1500.00,1500,'2023-10-05 09:26:01','2023-10-05 09:26:01'),(1692,630,12,'1',700.00,700,'2023-10-05 09:26:01','2023-10-05 09:26:01'),(1693,630,66,'2',2200.00,4400,'2023-10-05 09:26:01','2023-10-05 09:26:01'),(1694,630,54,'2',700.00,1400,'2023-10-05 09:26:01','2023-10-05 09:26:01'),(1695,630,175,'2',2600.00,5200,'2023-10-05 09:26:01','2023-10-05 09:26:01'),(1696,630,18,'2',700.00,1400,'2023-10-05 09:26:01','2023-10-05 09:26:01'),(1697,631,90,'2',25000.00,50000,'2023-10-08 04:37:04','2023-10-08 04:37:04'),(1698,631,228,'2',1000.00,2000,'2023-10-08 04:37:04','2023-10-08 04:37:04'),(1699,632,247,'4',8400.00,33600,'2023-10-10 06:03:26','2023-10-10 06:03:26'),(1700,632,267,'1',13000.00,13000,'2023-10-10 06:03:26','2023-10-10 06:03:26'),(1701,633,55,'2',1500.00,3000,'2023-10-10 06:32:02','2023-10-10 06:32:02'),(1702,633,43,'2',700.00,1400,'2023-10-10 06:32:02','2023-10-10 06:32:02'),(1703,634,247,'17',8800.00,149600,'2023-10-11 11:23:57','2023-10-11 11:23:57'),(1704,634,266,'1',12000.00,12000,'2023-10-11 11:23:57','2023-10-11 11:23:57'),(1705,634,267,'1',13000.00,13000,'2023-10-11 11:23:57','2023-10-11 11:23:57'),(1706,634,9,'2',2300.00,4600,'2023-10-11 11:23:57','2023-10-11 11:23:57'),(1707,634,19,'2',700.00,1400,'2023-10-11 11:23:57','2023-10-11 11:23:57'),(1712,636,74,'1',18000.00,18000,'2023-10-11 13:24:22','2023-10-11 13:24:22'),(1713,636,25,'6',2200.00,13200,'2023-10-11 13:24:22','2023-10-11 13:24:22'),(1714,636,207,'6',700.00,4200,'2023-10-11 13:24:22','2023-10-11 13:24:22'),(1715,637,50,'3',700.00,2100,'2023-10-12 05:07:44','2023-10-12 05:07:44'),(1716,637,7,'3',2600.00,7800,'2023-10-12 05:07:44','2023-10-12 05:07:44'),(1717,637,46,'3',700.00,2100,'2023-10-12 05:07:44','2023-10-12 05:07:44'),(1718,637,3,'3',1800.00,5400,'2023-10-12 05:07:44','2023-10-12 05:07:44'),(1719,638,137,'7',1350.00,9450,'2023-10-14 03:38:22','2023-10-14 03:38:22'),(1720,638,129,'4',1400.00,5600,'2023-10-14 03:38:22','2023-10-14 03:38:22'),(1721,638,135,'3',1150.00,3450,'2023-10-14 03:38:22','2023-10-14 03:38:22'),(1722,638,156,'2',1400.00,2800,'2023-10-14 03:38:22','2023-10-14 03:38:22'),(1723,638,148,'19',1800.00,34200,'2023-10-14 03:38:22','2023-10-14 03:38:22'),(1724,638,114,'3',1700.00,5100,'2023-10-14 03:38:22','2023-10-14 03:38:22'),(1725,638,158,'2',1500.00,3000,'2023-10-14 03:38:22','2023-10-14 03:38:22'),(1726,638,152,'1',1300.00,1300,'2023-10-14 03:38:22','2023-10-14 03:38:22'),(1727,639,7,'2',2600.00,5200,'2023-10-14 03:54:40','2023-10-14 03:54:40'),(1728,639,18,'2',700.00,1400,'2023-10-14 03:54:40','2023-10-14 03:54:40'),(1729,639,112,'6',1800.00,10800,'2023-10-14 03:54:40','2023-10-14 03:54:40'),(1730,640,25,'1',2200.00,2200,'2023-10-14 04:00:09','2023-10-14 04:00:09'),(1731,640,207,'1',700.00,700,'2023-10-14 04:00:09','2023-10-14 04:00:09'),(1732,641,5,'1',2200.00,2200,'2023-10-14 05:16:39','2023-10-14 05:16:39'),(1733,641,48,'1',700.00,700,'2023-10-14 05:16:39','2023-10-14 05:16:39'),(1736,643,47,'4',500.00,2000,'2023-10-14 11:32:46','2023-10-14 11:32:46'),(1737,643,5,'4',2200.00,8800,'2023-10-14 11:32:46','2023-10-14 11:32:46'),(1738,643,53,'4',700.00,2800,'2023-10-14 11:32:46','2023-10-14 11:32:46'),(1739,643,65,'4',2200.00,8800,'2023-10-14 11:32:46','2023-10-14 11:32:46'),(1740,644,74,'1',18000.00,18000,'2023-10-15 04:22:57','2023-10-15 04:22:57'),(1741,645,7,'2',2600.00,5200,'2023-10-16 08:26:56','2023-10-16 08:26:56'),(1742,645,18,'2',700.00,1400,'2023-10-16 08:26:56','2023-10-16 08:26:56'),(1743,645,3,'1',1800.00,1800,'2023-10-16 08:26:56','2023-10-16 08:26:56'),(1744,645,14,'1',700.00,700,'2023-10-16 08:26:56','2023-10-16 08:26:56'),(1745,645,112,'14',1800.00,25200,'2023-10-16 08:26:56','2023-10-16 08:26:56'),(1746,645,109,'1',1700.00,1700,'2023-10-16 08:26:56','2023-10-16 08:26:56'),(1747,645,106,'1',1800.00,1800,'2023-10-16 08:26:56','2023-10-16 08:26:56'),(1748,645,186,'2',2200.00,4400,'2023-10-16 08:26:56','2023-10-16 08:26:56'),(1766,647,56,'3',1500.00,4500,'2023-10-18 05:12:45','2023-10-18 05:12:45'),(1767,647,44,'3',700.00,2100,'2023-10-18 05:12:45','2023-10-18 05:12:45'),(1768,647,3,'3',1800.00,5400,'2023-10-18 05:12:45','2023-10-18 05:12:45'),(1769,647,14,'3',700.00,2100,'2023-10-18 05:12:45','2023-10-18 05:12:45'),(1770,647,5,'8',2200.00,17600,'2023-10-18 05:12:45','2023-10-18 05:12:45'),(1771,647,16,'8',700.00,5600,'2023-10-18 05:12:45','2023-10-18 05:12:45'),(1772,647,66,'5',2200.00,11000,'2023-10-18 05:12:45','2023-10-18 05:12:45'),(1773,647,54,'5',700.00,3500,'2023-10-18 05:12:45','2023-10-18 05:12:45'),(1774,647,149,'8',1800.00,14400,'2023-10-18 05:12:45','2023-10-18 05:12:45'),(1775,647,197,'1',7500.00,7500,'2023-10-18 05:12:45','2023-10-18 05:12:45'),(1776,647,64,'2',2300.00,4600,'2023-10-18 05:12:45','2023-10-18 05:12:45'),(1777,647,52,'2',700.00,1400,'2023-10-18 05:12:45','2023-10-18 05:12:45'),(1778,647,165,'1',3300.00,3300,'2023-10-18 05:12:45','2023-10-18 05:12:45'),(1779,647,34,'2',3300.00,6600,'2023-10-18 05:12:45','2023-10-18 05:12:45'),(1780,648,7,'2',2600.00,5200,'2023-10-18 07:13:01','2023-10-18 07:13:01'),(1781,648,18,'2',700.00,1400,'2023-10-18 07:13:01','2023-10-18 07:13:01'),(1782,649,74,'1',18000.00,18000,'2023-10-18 08:18:51','2023-10-18 08:18:51'),(1783,649,37,'6',2900.00,17400,'2023-10-18 08:18:51','2023-10-18 08:18:51'),(1784,649,23,'1',7500.00,7500,'2023-10-18 08:18:51','2023-10-18 08:18:51'),(1785,649,35,'4',3000.00,12000,'2023-10-18 08:18:51','2023-10-18 08:18:51'),(1786,649,31,'7',2900.00,20300,'2023-10-18 08:18:51','2023-10-18 08:18:51'),(1787,649,29,'3',2500.00,7500,'2023-10-18 08:18:51','2023-10-18 08:18:51'),(1788,649,27,'1',2200.00,2200,'2023-10-18 08:18:51','2023-10-18 08:18:51'),(1789,649,229,'21',250.00,5250,'2023-10-18 08:18:51','2023-10-18 08:18:51'),(1790,649,230,'1',500.00,500,'2023-10-18 08:18:51','2023-10-18 08:18:51'),(1791,650,37,'6',2900.00,17400,'2023-10-18 08:24:13','2023-10-18 08:24:13'),(1792,650,35,'4',3000.00,12000,'2023-10-18 08:24:13','2023-10-18 08:24:13'),(1793,650,33,'2',3300.00,6600,'2023-10-18 08:24:13','2023-10-18 08:24:13'),(1794,650,31,'6',2900.00,17400,'2023-10-18 08:24:13','2023-10-18 08:24:13'),(1795,650,29,'2',2500.00,5000,'2023-10-18 08:24:13','2023-10-18 08:24:13'),(1796,650,27,'1',2200.00,2200,'2023-10-18 08:24:13','2023-10-18 08:24:13'),(1797,650,229,'21',250.00,5250,'2023-10-18 08:24:13','2023-10-18 08:24:13'),(1798,651,226,'1',4000.00,4000,'2023-10-19 07:00:54','2023-10-19 07:00:54'),(1799,651,231,'1',70.00,70,'2023-10-19 07:00:54','2023-10-19 07:00:54'),(1800,652,135,'3',1150.00,3450,'2023-10-21 04:56:06','2023-10-21 04:56:06'),(1801,653,76,'1',35000.00,35000,'2023-10-22 05:04:06','2023-10-22 05:04:06'),(1802,653,77,'4',34999.00,139996,'2023-10-22 05:04:07','2023-10-22 05:04:07'),(1803,653,228,'5',1500.00,7500,'2023-10-22 05:04:07','2023-10-22 05:04:07'),(1804,654,34,'3',3300.00,9900,'2023-10-22 11:20:12','2023-10-22 11:20:12'),(1805,655,159,'2',1500.00,3000,'2023-10-25 05:48:09','2023-10-25 05:48:09'),(1806,655,149,'6',1800.00,10800,'2023-10-25 05:48:09','2023-10-25 05:48:09'),(1807,656,7,'2',2600.00,5200,'2023-10-25 10:47:54','2023-10-25 10:47:54'),(1808,656,18,'2',700.00,1400,'2023-10-25 10:47:54','2023-10-25 10:47:54'),(1809,656,144,'2',2900.00,5800,'2023-10-25 10:47:54','2023-10-25 10:47:54'),(1810,656,74,'2',18000.00,36000,'2023-10-25 10:47:54','2023-10-25 10:47:54'),(1811,657,7,'1',2600.00,2600,'2023-10-30 05:24:23','2023-10-30 05:24:23'),(1812,657,50,'1',700.00,700,'2023-10-30 05:24:24','2023-10-30 05:24:24'),(1813,658,44,'1',700.00,700,'2023-10-30 07:12:32','2023-10-30 07:12:32'),(1814,658,55,'1',1500.00,1500,'2023-10-30 07:12:32','2023-10-30 07:12:32'),(1815,658,115,'1',1800.00,1800,'2023-10-30 07:12:32','2023-10-30 07:12:32'),(1816,658,121,'1',700.00,700,'2023-10-30 07:12:32','2023-10-30 07:12:32'),(1818,658,3,'1',1800.00,1800,'2023-10-30 07:12:32','2023-10-30 07:12:32'),(1819,658,14,'1',700.00,700,'2023-10-30 07:12:32','2023-10-30 07:12:32'),(1820,659,188,'1',2900.00,2900,'2023-10-30 08:01:04','2023-10-30 08:01:04'),(1821,660,138,'2',1350.00,2700,'2023-10-31 05:14:56','2023-10-31 05:14:56'),(1822,658,112,'1',1800.00,1800,'2023-10-31 06:25:36','2023-10-31 06:25:36'),(1824,663,69,'1',25000.00,25000,'2023-11-01 04:27:33','2023-11-01 04:27:33'),(1825,658,115,'1',1800.00,1800,'2023-11-01 05:31:13','2023-11-01 05:31:13'),(1826,665,89,'1',26000.00,26000,'2023-11-02 06:27:01','2023-11-02 06:27:01'),(1827,666,165,'1',3300.00,3300,'2023-11-05 12:12:38','2023-11-05 12:12:38'),(1828,667,198,'1',7500.00,7500,'2023-11-06 10:53:28','2023-11-06 10:53:28'),(1829,668,89,'1',25000.00,25000,'2023-11-08 05:13:07','2023-11-08 05:13:07'),(1830,669,99,'10',400.00,4000,'2023-11-08 11:20:23','2023-11-08 11:20:23'),(1831,669,67,'1',28000.00,28000,'2023-11-08 11:20:23','2023-11-08 11:20:23'),(1832,669,228,'1',1500.00,1500,'2023-11-08 11:20:23','2023-11-08 11:20:23'),(1833,670,203,'4',3300.00,13200,'2023-11-08 13:08:43','2023-11-08 13:08:43'),(1834,671,219,'1',2000.00,2000,'2023-11-09 04:43:36','2023-11-09 04:43:36'),(1835,672,67,'1',28000.00,28000,'2023-11-09 05:15:54','2023-11-09 05:15:54'),(1836,673,10,'1',3000.00,3000,'2023-11-11 05:13:49','2023-11-11 05:13:49'),(1837,673,46,'1',700.00,700,'2023-11-11 05:13:49','2023-11-11 05:13:49'),(1838,673,3,'1',1800.00,1800,'2023-11-11 05:13:49','2023-11-11 05:13:49'),(1839,673,48,'1',700.00,700,'2023-11-11 05:13:49','2023-11-11 05:13:49'),(1840,673,60,'1',2200.00,2200,'2023-11-11 05:13:49','2023-11-11 05:13:49'),(1841,673,112,'2',1800.00,3600,'2023-11-11 05:13:49','2023-11-11 05:13:49'),(1842,673,153,'2',1300.00,2600,'2023-11-11 05:13:49','2023-11-11 05:13:49'),(1843,674,61,'1',3300.00,3300,'2023-11-11 12:02:15','2023-11-11 12:02:15'),(1844,674,340,'2',2500.00,5000,'2023-11-11 12:02:15','2023-11-11 12:02:15'),(1845,674,111,'8',1800.00,14400,'2023-11-11 12:02:15','2023-11-11 12:02:15'),(1846,674,114,'2',1800.00,3600,'2023-11-11 12:02:15','2023-11-11 12:02:15'),(1847,674,105,'1',1800.00,1800,'2023-11-11 12:02:15','2023-11-11 12:02:15'),(1848,674,37,'1',2900.00,2900,'2023-11-11 12:02:15','2023-11-11 12:02:15'),(1849,674,152,'1',1300.00,1300,'2023-11-11 12:02:15','2023-11-11 12:02:15'),(1850,675,61,'3',2600.00,7800,'2023-11-11 12:15:53','2023-11-11 12:15:53'),(1851,675,49,'3',700.00,2100,'2023-11-11 12:15:53','2023-11-11 12:15:53'),(1852,675,340,'1',2500.00,2500,'2023-11-11 12:15:53','2023-11-11 12:15:53'),(1853,675,111,'8',1800.00,14400,'2023-11-11 12:15:53','2023-11-11 12:15:53'),(1854,675,105,'1',1800.00,1800,'2023-11-11 12:15:53','2023-11-11 12:15:53'),(1855,675,114,'2',1800.00,3600,'2023-11-11 12:15:53','2023-11-11 12:15:53'),(1856,675,37,'1',2900.00,2900,'2023-11-11 12:15:53','2023-11-11 12:15:53'),(1857,675,117,'1',1700.00,1700,'2023-11-11 12:15:53','2023-11-11 12:15:53'),(1858,676,3,'1',1800.00,1800,'2023-11-12 05:30:05','2023-11-12 05:30:05'),(1859,676,45,'1',700.00,700,'2023-11-12 05:30:05','2023-11-12 05:30:05'),(1860,676,7,'1',2600.00,2600,'2023-11-12 05:30:05','2023-11-12 05:30:05'),(1861,676,49,'1',700.00,700,'2023-11-12 05:30:05','2023-11-12 05:30:05'),(1862,677,203,'2',3300.00,6600,'2023-11-12 06:02:24','2023-11-12 06:02:24'),(1863,678,58,'5',1800.00,9000,'2023-11-12 10:51:23','2023-11-12 10:51:23'),(1864,678,45,'5',700.00,3500,'2023-11-12 10:51:23','2023-11-12 10:51:23'),(1865,678,60,'21',2200.00,46200,'2023-11-12 10:51:23','2023-11-12 10:51:23'),(1866,678,61,'13',2600.00,33800,'2023-11-12 10:51:23','2023-11-12 10:51:23'),(1867,678,49,'13',700.00,9100,'2023-11-12 10:51:23','2023-11-12 10:51:23'),(1868,678,47,'21',700.00,14700,'2023-11-12 10:51:23','2023-11-12 10:51:23'),(1869,678,37,'13',2900.00,37700,'2023-11-12 10:51:23','2023-11-12 10:51:23'),(1870,678,35,'19',3000.00,57000,'2023-11-12 10:51:23','2023-11-12 10:51:23'),(1871,678,111,'12',1800.00,21600,'2023-11-12 10:51:23','2023-11-12 10:51:23'),(1872,679,9,'2',2300.00,4600,'2023-11-13 10:41:22','2023-11-13 10:41:22'),(1873,679,20,'2',700.00,1400,'2023-11-13 10:41:22','2023-11-13 10:41:22'),(1874,679,270,'2',1700.00,3400,'2023-11-13 10:41:22','2023-11-13 10:41:22'),(1875,679,7,'2',2600.00,5200,'2023-11-13 10:41:22','2023-11-13 10:41:22'),(1876,679,18,'2',700.00,1400,'2023-11-13 10:41:22','2023-11-13 10:41:22'),(1877,679,16,'1',700.00,700,'2023-11-13 10:41:22','2023-11-13 10:41:22'),(1878,679,5,'1',2200.00,2200,'2023-11-13 10:41:22','2023-11-13 10:41:22'),(1879,679,112,'4',1800.00,7200,'2023-11-13 10:41:22','2023-11-13 10:41:22'),(1880,679,22,'2',2400.00,4800,'2023-11-13 10:41:22','2023-11-13 10:41:22'),(1881,680,1,'1',1500.00,1500,'2023-11-13 10:42:35','2023-11-13 10:42:35'),(1882,680,12,'1',700.00,700,'2023-11-13 10:42:35','2023-11-13 10:42:35'),(1883,680,25,'2',2200.00,4400,'2023-11-13 10:42:35','2023-11-13 10:42:35'),(1884,680,208,'2',700.00,1400,'2023-11-13 10:42:35','2023-11-13 10:42:35'),(1885,681,208,'1',700.00,700,'2023-11-13 10:52:38','2023-11-13 10:52:38'),(1886,681,25,'1',2200.00,2200,'2023-11-13 10:52:38','2023-11-13 10:52:38'),(1887,681,12,'1',700.00,700,'2023-11-13 10:52:38','2023-11-13 10:52:38'),(1888,681,1,'1',1500.00,1500,'2023-11-13 10:52:38','2023-11-13 10:52:38'),(1889,682,55,'3',1500.00,4500,'2023-11-14 05:20:56','2023-11-14 05:20:56'),(1890,682,43,'3',700.00,2100,'2023-11-14 05:20:56','2023-11-14 05:20:56'),(1891,682,3,'3',1800.00,5400,'2023-11-14 05:20:56','2023-11-14 05:20:56'),(1892,682,13,'3',700.00,2100,'2023-11-14 05:20:56','2023-11-14 05:20:56'),(1893,682,5,'1',2200.00,2200,'2023-11-14 05:20:56','2023-11-14 05:20:56'),(1894,682,15,'1',700.00,700,'2023-11-14 05:20:56','2023-11-14 05:20:56'),(1895,682,66,'1',2200.00,2200,'2023-11-14 05:20:56','2023-11-14 05:20:56'),(1896,682,53,'1',700.00,700,'2023-11-14 05:20:56','2023-11-14 05:20:56'),(1897,682,111,'4',1800.00,7200,'2023-11-14 05:20:56','2023-11-14 05:20:56'),(1898,683,165,'1',3300.00,3300,'2023-11-15 09:08:49','2023-11-15 09:08:49'),(1899,683,44,'1',700.00,700,'2023-11-15 09:08:49','2023-11-15 09:08:49'),(1900,684,75,'1',18000.00,18000,'2023-11-15 12:16:49','2023-11-15 12:16:49'),(1901,685,48,'1',700.00,700,'2023-11-18 05:41:13','2023-11-18 05:41:13'),(1902,685,60,'1',2200.00,2200,'2023-11-18 05:41:13','2023-11-18 05:41:13'),(1903,686,229,'1',250.00,250,'2023-11-18 05:50:16','2023-11-18 05:50:16'),(1904,687,20,'1',700.00,700,'2023-11-18 06:23:58','2023-11-18 06:23:58'),(1905,687,177,'1',2300.00,2300,'2023-11-18 06:23:58','2023-11-18 06:23:58'),(1906,688,3,'1',1800.00,1800,'2023-11-18 07:46:42','2023-11-18 07:46:42'),(1907,688,13,'1',700.00,700,'2023-11-18 07:46:42','2023-11-18 07:46:42'),(1908,688,33,'1',3300.00,3300,'2023-11-18 07:46:42','2023-11-18 07:46:42'),(1909,689,61,'4',2600.00,10400,'2023-11-18 07:53:47','2023-11-18 07:53:47'),(1910,689,49,'4',700.00,2800,'2023-11-18 07:53:47','2023-11-18 07:53:47'),(1911,690,222,'3',1700.00,5100,'2023-11-18 08:23:49','2023-11-18 08:23:49'),(1912,690,225,'3',700.00,2100,'2023-11-18 08:23:49','2023-11-18 08:23:49'),(1913,690,177,'3',2300.00,6900,'2023-11-18 08:23:49','2023-11-18 08:23:49'),(1914,690,19,'3',700.00,2100,'2023-11-18 08:23:49','2023-11-18 08:23:49'),(1915,690,173,'4',1800.00,7200,'2023-11-18 08:23:49','2023-11-18 08:23:49'),(1916,690,13,'4',700.00,2800,'2023-11-18 08:23:49','2023-11-18 08:23:49'),(1917,690,108,'1',1700.00,1700,'2023-11-18 08:23:49','2023-11-18 08:23:49'),(1918,690,111,'8',1800.00,14400,'2023-11-18 08:23:49','2023-11-18 08:23:49'),(1919,691,208,'1',700.00,700,'2023-11-20 10:47:32','2023-11-20 10:47:32'),(1920,691,208,'1',700.00,700,'2023-11-20 10:47:32','2023-11-20 10:47:32'),(1921,691,65,'1',2200.00,2200,'2023-11-20 10:47:32','2023-11-20 10:47:32'),(1922,691,66,'1',2200.00,2200,'2023-11-20 10:47:32','2023-11-20 10:47:32'),(1923,691,49,'3',700.00,2100,'2023-11-20 10:47:32','2023-11-20 10:47:32'),(1924,691,61,'3',2600.00,7800,'2023-11-20 10:47:32','2023-11-20 10:47:32'),(1925,691,50,'2',700.00,1400,'2023-11-20 10:47:32','2023-11-20 10:47:32'),(1926,691,175,'2',2600.00,5200,'2023-11-20 10:47:32','2023-11-20 10:47:32'),(1927,691,203,'1',3300.00,3300,'2023-11-20 10:47:32','2023-11-20 10:47:32'),(1939,693,348,'5',24000.00,120000,'2023-11-22 11:19:28','2023-11-22 11:19:28'),(1940,694,75,'1',18000.00,18000,'2023-11-22 11:59:48','2023-11-22 11:59:48'),(1941,695,3,'5',1800.00,9000,'2023-11-27 06:23:14','2023-11-27 06:23:14'),(1942,695,13,'5',700.00,3500,'2023-11-27 06:23:14','2023-11-27 06:23:14'),(1943,695,5,'21',2200.00,46200,'2023-11-27 06:23:14','2023-11-27 06:23:14'),(1944,695,15,'21',700.00,14700,'2023-11-27 06:23:14','2023-11-27 06:23:14'),(1945,695,175,'13',2600.00,33800,'2023-11-27 06:23:14','2023-11-27 06:23:14'),(1946,695,17,'13',700.00,9100,'2023-11-27 06:23:14','2023-11-27 06:23:14'),(1947,695,111,'12',1800.00,21600,'2023-11-27 06:23:14','2023-11-27 06:23:14'),(1948,695,65,'13',2200.00,28600,'2023-11-27 06:23:14','2023-11-27 06:23:14'),(1949,695,53,'13',700.00,9100,'2023-11-27 06:23:14','2023-11-27 06:23:14'),(1950,695,177,'19',2300.00,43700,'2023-11-27 06:23:14','2023-11-27 06:23:14'),(1951,695,19,'19',700.00,13300,'2023-11-27 06:23:14','2023-11-27 06:23:14'),(1952,696,137,'8',1350.00,10800,'2023-11-28 07:32:48','2023-11-28 07:32:48'),(1953,696,133,'2',999.00,1998,'2023-11-28 07:32:48','2023-11-28 07:32:48'),(1954,696,131,'1',899.00,899,'2023-11-28 07:32:48','2023-11-28 07:32:48'),(1955,696,148,'5',1800.00,9000,'2023-11-28 07:32:48','2023-11-28 07:32:48'),(1956,697,49,'2',700.00,1400,'2023-11-28 11:01:48','2023-11-28 11:01:48'),(1957,697,61,'2',2600.00,5200,'2023-11-28 11:01:48','2023-11-28 11:01:48'),(1958,697,22,'1',2400.00,2400,'2023-11-28 11:01:48','2023-11-28 11:01:48'),(1959,697,111,'1',1800.00,1800,'2023-11-28 11:01:48','2023-11-28 11:01:48'),(1960,697,112,'1',1800.00,1800,'2023-11-28 11:01:48','2023-11-28 11:01:48'),(1961,698,67,'1',27999.00,27999,'2023-11-28 11:42:02','2023-11-28 11:42:02'),(1962,698,228,'1',1500.00,1500,'2023-11-28 11:42:02','2023-11-28 11:42:02'),(1963,699,67,'1',27999.00,27999,'2023-11-29 06:47:03','2023-11-29 06:47:03'),(1964,699,228,'1',1500.00,1500,'2023-11-29 06:47:03','2023-11-29 06:47:03'),(1965,700,346,'1',35000.00,35000,'2023-11-30 06:28:41','2023-11-30 06:28:41'),(1966,700,228,'1',1500.00,1500,'2023-11-30 06:28:41','2023-11-30 06:28:41'),(1967,701,356,'1',340.00,340,'2023-11-30 10:38:12','2023-11-30 10:38:12'),(1968,701,364,'1',420.00,420,'2023-11-30 10:38:12','2023-11-30 10:38:12'),(1969,701,362,'1',400.00,400,'2023-11-30 10:38:12','2023-11-30 10:38:12'),(1970,701,232,'1',150.00,150,'2023-11-30 10:38:12','2023-11-30 10:38:12'),(1971,702,79,'1',42500.00,42500,'2023-12-02 05:31:57','2023-12-02 05:31:57'),(1972,702,12,'1',0.00,0,'2023-12-02 05:31:57','2023-12-02 05:31:57'),(1973,702,1,'1',0.00,0,'2023-12-02 05:31:57','2023-12-02 05:31:57'),(1974,703,137,'1',1350.00,1350,'2023-12-02 07:32:59','2023-12-02 07:32:59'),(1975,703,135,'1',1150.00,1150,'2023-12-02 07:32:59','2023-12-02 07:32:59'),(1976,703,129,'2',1400.00,2800,'2023-12-02 07:32:59','2023-12-02 07:32:59'),(1977,703,160,'1',1500.00,1500,'2023-12-02 07:32:59','2023-12-02 07:32:59'),(1978,703,148,'1',1800.00,1800,'2023-12-02 07:32:59','2023-12-02 07:32:59'),(1979,704,135,'4',1150.00,4600,'2023-12-02 09:12:31','2023-12-02 09:12:31'),(1980,705,99,'2',500.00,1000,'2023-12-02 10:26:13','2023-12-02 10:26:13'),(1981,706,79,'1',42500.00,42500,'2023-12-03 08:50:54','2023-12-03 08:50:54'),(1982,706,203,'1',3300.00,3300,'2023-12-03 08:50:54','2023-12-03 08:50:54'),(1983,706,99,'2',500.00,1000,'2023-12-03 08:50:54','2023-12-03 08:50:54'),(1984,707,137,'3',1350.00,4050,'2023-12-03 10:05:32','2023-12-03 10:05:32'),(1985,707,129,'3',1400.00,4200,'2023-12-03 10:05:32','2023-12-03 10:05:32'),(1986,707,148,'2',1800.00,3600,'2023-12-03 10:05:32','2023-12-03 10:05:32'),(1987,708,135,'3',1150.00,3450,'2023-12-04 06:19:20','2023-12-04 06:19:20'),(1988,708,129,'1',1400.00,1400,'2023-12-04 06:19:20','2023-12-04 06:19:20'),(1989,708,160,'1',1500.00,1500,'2023-12-04 06:19:20','2023-12-04 06:19:20'),(1990,709,68,'1',27999.00,27999,'2023-12-04 09:43:19','2023-12-04 09:43:19'),(1991,709,231,'1',70.00,70,'2023-12-04 09:43:19','2023-12-04 09:43:19'),(1992,710,175,'1',2600.00,2600,'2023-12-06 06:08:15','2023-12-06 06:08:15'),(1993,710,49,'1',700.00,700,'2023-12-06 06:08:15','2023-12-06 06:08:15');
/*!40000 ALTER TABLE `sales_items` ENABLE KEYS */;
UNLOCK TABLES;

--
-- Table structure for table `sales_payment_items`
--

DROP TABLE IF EXISTS `sales_payment_items`;
/*!40101 SET @saved_cs_client     = @@character_set_client */;
/*!50503 SET character_set_client = utf8mb4 */;
CREATE TABLE `sales_payment_items` (
  `id` bigint unsigned NOT NULL AUTO_INCREMENT,
  `sale_id` bigint unsigned NOT NULL,
  `bank_id` bigint unsigned NOT NULL,
  `b_paid_amount` bigint NOT NULL,
  `created_at` timestamp NULL DEFAULT NULL,
  `updated_at` timestamp NULL DEFAULT NULL,
  PRIMARY KEY (`id`),
  KEY `sales_payment_items_sale_id_foreign` (`sale_id`),
  CONSTRAINT `sales_payment_items_sale_id_foreign` FOREIGN KEY (`sale_id`) REFERENCES `sales` (`id`) ON DELETE CASCADE
) ENGINE=InnoDB AUTO_INCREMENT=696 DEFAULT CHARSET=utf8mb4 COLLATE=utf8mb4_unicode_ci;
/*!40101 SET character_set_client = @saved_cs_client */;

--
-- Dumping data for table `sales_payment_items`
--

LOCK TABLES `sales_payment_items` WRITE;
/*!40000 ALTER TABLE `sales_payment_items` DISABLE KEYS */;
INSERT INTO `sales_payment_items` VALUES (48,63,7,2380,'2023-06-05 16:22:42','2023-06-05 16:22:42'),(49,64,7,22700,'2023-06-05 16:25:16','2023-06-05 16:25:16'),(50,65,7,2900,'2023-06-05 16:27:41','2023-06-05 16:27:41'),(51,66,5,2900,'2023-06-05 16:33:40','2023-06-05 16:33:40'),(52,67,7,4600,'2023-06-05 16:34:13','2023-06-05 16:34:13'),(53,68,7,16000,'2023-06-05 16:35:55','2023-06-05 16:35:55'),(54,69,7,5000,'2023-06-05 16:38:44','2023-06-05 16:38:44'),(55,70,7,6090,'2023-06-05 16:38:56','2023-06-05 16:38:56'),(56,71,7,5000,'2023-06-05 16:39:48','2023-06-05 16:39:48'),(57,72,7,2900,'2023-06-05 16:41:03','2023-06-05 16:41:03'),(58,73,7,18000,'2023-06-05 16:41:13','2023-06-05 16:41:13'),(59,74,7,20000,'2023-06-05 16:41:52','2023-06-05 16:41:52'),(60,75,7,5860,'2023-06-05 16:43:29','2023-06-05 16:43:29'),(61,76,7,2900,'2023-06-05 16:44:16','2023-06-05 16:44:16'),(62,77,7,16000,'2023-06-05 16:44:17','2023-06-05 16:44:17'),(63,78,7,5000,'2023-06-05 16:46:02','2023-06-05 16:46:02'),(64,79,7,6400,'2023-06-05 16:46:30','2023-06-05 16:46:30'),(65,80,7,5055,'2023-06-05 16:47:07','2023-06-05 16:47:07'),(66,81,7,8300,'2023-06-05 16:47:29','2023-06-05 16:47:29'),(67,82,7,20500,'2023-06-05 16:47:44','2023-06-05 16:47:44'),(68,83,7,28400,'2023-06-05 16:47:52','2023-06-05 16:47:52'),(69,84,7,3000,'2023-06-05 16:48:45','2023-06-05 16:48:45'),(70,85,7,20500,'2023-06-05 16:48:58','2023-06-05 16:48:58'),(71,86,7,4000,'2023-06-05 16:49:35','2023-06-05 16:49:35'),(72,87,7,24360,'2023-06-05 16:49:57','2023-06-05 16:49:57'),(73,88,7,1590,'2023-06-05 16:50:17','2023-06-05 16:50:17'),(74,89,7,1190,'2023-06-05 16:51:46','2023-06-05 16:51:46'),(75,90,7,1700,'2023-06-05 16:52:37','2023-06-05 16:52:37'),(76,91,7,2900,'2023-06-05 16:53:01','2023-06-05 16:53:01'),(77,92,7,12100,'2023-06-05 16:53:40','2023-06-05 16:53:40'),(78,93,7,2960,'2023-06-05 16:54:31','2023-06-05 16:54:31'),(79,94,7,19910,'2023-06-05 16:55:09','2023-06-05 16:55:09'),(80,95,7,5800,'2023-06-05 16:56:19','2023-06-05 16:56:19'),(81,96,7,2900,'2023-06-05 16:56:22','2023-06-05 16:56:22'),(82,97,7,16450,'2023-06-05 16:56:30','2023-06-05 16:56:30'),(83,98,7,5780,'2023-06-05 16:56:55','2023-06-05 16:56:55'),(84,99,7,20000,'2023-06-05 16:59:07','2023-06-05 16:59:07'),(85,100,7,50900,'2023-06-05 16:59:45','2023-06-05 16:59:45'),(86,101,7,1200,'2023-06-05 17:01:39','2023-06-05 17:01:39'),(87,102,5,47160,'2023-06-05 17:02:50','2023-06-05 17:02:50'),(88,103,7,25000,'2023-06-05 17:02:53','2023-06-05 17:02:53'),(89,104,7,3000,'2023-06-05 17:03:26','2023-06-05 17:03:26'),(90,105,7,2900,'2023-06-05 17:03:28','2023-06-05 17:03:28'),(91,106,7,22500,'2023-06-05 17:04:09','2023-06-05 17:04:09'),(92,107,7,2900,'2023-06-05 17:05:20','2023-06-05 17:05:20'),(93,108,7,2400,'2023-06-05 17:05:22','2023-06-05 17:05:22'),(94,109,7,10570,'2023-06-05 17:05:48','2023-06-05 17:05:48'),(95,110,7,23200,'2023-06-05 17:06:20','2023-06-05 17:06:20'),(96,111,7,7940,'2023-06-05 17:06:29','2023-06-05 17:06:29'),(97,112,7,1700,'2023-06-05 17:10:15','2023-06-05 17:10:15'),(98,113,7,24400,'2023-06-05 17:11:42','2023-06-05 17:11:42'),(99,114,7,2900,'2023-06-05 17:11:52','2023-06-05 17:11:52'),(100,115,7,1700,'2023-06-05 17:12:11','2023-06-05 17:12:11'),(101,116,7,1950,'2023-06-05 17:13:26','2023-06-05 17:13:26'),(102,117,7,2900,'2023-06-05 17:14:29','2023-06-05 17:14:29'),(103,118,7,5800,'2023-06-05 17:14:39','2023-06-05 17:14:39'),(104,119,7,2210,'2023-06-05 17:16:07','2023-06-05 17:16:07'),(105,120,7,5800,'2023-06-05 17:17:55','2023-06-05 17:17:55'),(106,121,7,12300,'2023-06-05 17:19:35','2023-06-05 17:19:35'),(107,122,7,1950,'2023-06-05 17:19:42','2023-06-05 17:19:42'),(108,123,7,5800,'2023-06-05 17:21:41','2023-06-05 17:21:41'),(109,124,7,12300,'2023-06-05 17:24:08','2023-06-05 17:24:08'),(110,125,7,580,'2023-06-06 10:59:28','2023-06-06 10:59:28'),(112,127,7,1870,'2023-06-06 11:01:11','2023-06-06 11:01:11'),(113,128,7,27013,'2023-06-06 11:05:12','2023-06-06 11:05:12'),(114,129,7,46999,'2023-06-06 11:06:02','2023-06-06 11:06:02'),(115,130,7,7950,'2023-06-06 11:06:19','2023-06-06 11:06:19'),(116,131,7,18260,'2023-06-06 11:08:27','2023-06-06 11:08:27'),(117,132,7,13005,'2023-06-06 11:09:20','2023-06-06 11:09:20'),(118,133,7,16920,'2023-06-06 11:10:13','2023-06-06 11:10:13'),(119,134,7,2465,'2023-06-06 11:10:56','2023-06-06 11:10:56'),(120,135,7,7200,'2023-06-06 11:14:11','2023-06-06 11:14:11'),(121,136,7,19799,'2023-06-06 11:15:30','2023-06-06 11:15:30'),(122,137,7,3260,'2023-06-06 11:15:58','2023-06-06 11:15:58'),(123,138,7,2630,'2023-06-06 11:16:28','2023-06-06 11:16:28'),(124,139,7,73500,'2023-06-06 11:17:03','2023-06-06 11:17:03'),(125,140,7,25580,'2023-06-06 11:18:44','2023-06-06 11:18:44'),(126,141,7,26699,'2023-06-06 11:20:44','2023-06-06 11:20:44'),(127,142,7,97857,'2023-06-06 11:21:04','2023-06-06 11:21:04'),(128,143,7,700,'2023-06-06 11:21:13','2023-06-06 11:21:13'),(129,144,7,14960,'2023-06-06 11:21:23','2023-06-06 11:21:23'),(130,145,7,11999,'2023-06-06 11:22:23','2023-06-06 11:22:23'),(132,147,7,5360,'2023-06-06 11:23:27','2023-06-06 11:23:27'),(133,148,7,25199,'2023-06-06 11:23:51','2023-06-06 11:23:51'),(134,149,7,11999,'2023-06-06 11:25:05','2023-06-06 11:25:05'),(135,150,7,6030,'2023-06-06 11:25:14','2023-06-06 11:25:14'),(136,151,7,14500,'2023-06-06 11:26:10','2023-06-06 11:26:10'),(138,153,7,9100,'2023-06-06 11:26:31','2023-06-06 11:26:31'),(139,154,7,27999,'2023-06-06 11:27:14','2023-06-06 11:27:14'),(140,155,7,25000,'2023-06-06 11:27:16','2023-06-06 11:27:16'),(142,157,7,50700,'2023-06-06 11:28:36','2023-06-06 11:28:36'),(143,158,7,25200,'2023-06-06 11:28:36','2023-06-06 11:28:36'),(144,159,7,3150,'2023-06-06 11:28:46','2023-06-06 11:28:46'),(145,160,7,27199,'2023-06-06 11:28:56','2023-06-06 11:28:56'),(146,161,7,10794,'2023-06-06 11:29:48','2023-06-06 11:29:48'),(147,162,7,25199,'2023-06-06 11:30:01','2023-06-06 11:30:01'),(148,163,7,28499,'2023-06-06 11:31:35','2023-06-06 11:31:35'),(149,164,7,15000,'2023-06-06 11:31:35','2023-06-06 11:31:35'),(150,165,7,11400,'2023-06-06 11:32:14','2023-06-06 11:32:14'),(151,166,7,20000,'2023-06-06 11:33:06','2023-06-06 11:33:06'),(152,167,7,23799,'2023-06-06 11:33:26','2023-06-06 11:33:26'),(153,168,7,1700,'2023-06-06 11:33:29','2023-06-06 11:33:29'),(155,170,7,3370,'2023-06-06 11:35:17','2023-06-06 11:35:17'),(156,171,7,24599,'2023-06-06 11:35:52','2023-06-06 11:35:52'),(157,172,7,60000,'2023-06-06 11:36:20','2023-06-06 11:36:20'),(158,173,7,14100,'2023-06-06 11:36:56','2023-06-06 11:36:56'),(159,174,7,3050,'2023-06-06 11:37:43','2023-06-06 11:37:43'),(160,175,7,6225,'2023-06-06 11:38:06','2023-06-06 11:38:06'),(161,176,7,27999,'2023-06-06 11:38:21','2023-06-06 11:38:21'),(162,177,7,7500,'2023-06-06 11:38:35','2023-06-06 11:38:35'),(163,178,7,38802,'2023-06-06 11:39:17','2023-06-06 11:39:17'),(164,179,7,2570,'2023-06-06 11:39:38','2023-06-06 11:39:38'),(165,180,7,2500,'2023-06-06 11:40:03','2023-06-06 11:40:03'),(166,181,7,40000,'2023-06-06 11:40:05','2023-06-06 11:40:05'),(167,182,7,41760,'2023-06-06 11:40:40','2023-06-06 11:40:40'),(168,183,7,7900,'2023-06-06 11:41:16','2023-06-06 11:41:16'),(169,184,7,9900,'2023-06-06 11:42:35','2023-06-06 11:42:35'),(170,185,7,25000,'2023-06-06 11:42:36','2023-06-06 11:42:36'),(171,186,7,19900,'2023-06-06 11:42:54','2023-06-06 11:42:54'),(172,187,7,3250,'2023-06-06 11:43:01','2023-06-06 11:43:01'),(173,188,7,5000,'2023-06-06 11:43:47','2023-06-06 11:43:47'),(174,189,7,5700,'2023-06-06 11:44:12','2023-06-06 11:44:12'),(175,190,7,44100,'2023-06-06 11:44:38','2023-06-06 11:44:38'),(176,191,7,2200,'2023-06-06 11:45:21','2023-06-06 11:45:21'),(177,192,7,36500,'2023-06-06 11:45:42','2023-06-06 11:45:42'),(178,193,7,34950,'2023-06-06 11:45:51','2023-06-06 11:45:51'),(179,194,7,6000,'2023-06-06 11:46:57','2023-06-06 11:46:57'),(180,195,7,25000,'2023-06-06 11:47:32','2023-06-06 11:47:32'),(181,196,7,4000,'2023-06-06 11:47:35','2023-06-06 11:47:35'),(182,197,7,29000,'2023-06-06 11:47:36','2023-06-06 11:47:36'),(183,198,7,13000,'2023-06-06 11:47:51','2023-06-06 11:47:51'),(184,199,7,31160,'2023-06-06 11:48:45','2023-06-06 11:48:45'),(185,200,7,4500,'2023-06-06 11:48:55','2023-06-06 11:48:55'),(186,201,7,18160,'2023-06-06 11:49:29','2023-06-06 11:49:29'),(187,202,7,23240,'2023-06-06 11:49:32','2023-06-06 11:49:32'),(188,203,7,53464,'2023-06-06 11:50:19','2023-06-06 11:50:19'),(189,204,7,23500,'2023-06-06 11:51:15','2023-06-06 11:51:15'),(190,205,7,104940,'2023-06-06 11:51:32','2023-06-06 11:51:32'),(191,206,7,4940,'2023-06-06 11:52:36','2023-06-06 11:52:36'),(192,207,7,23500,'2023-06-06 11:52:36','2023-06-06 11:52:36'),(193,208,7,5500,'2023-06-06 11:52:58','2023-06-06 11:52:58'),(194,209,7,51390,'2023-06-06 11:53:21','2023-06-06 11:53:21'),(195,210,7,20000,'2023-06-06 11:53:26','2023-06-06 11:53:26'),(196,211,7,1712,'2023-06-06 11:54:08','2023-06-06 11:54:08'),(197,212,7,5800,'2023-06-06 11:54:27','2023-06-06 11:54:27'),(198,213,7,6134,'2023-06-06 11:54:47','2023-06-06 11:54:47'),(199,214,7,3150,'2023-06-06 11:55:01','2023-06-06 11:55:01'),(200,215,7,2407,'2023-06-06 11:55:04','2023-06-06 11:55:04'),(201,216,7,1980,'2023-06-06 11:55:42','2023-06-06 11:55:42'),(202,217,7,32000,'2023-06-06 11:55:43','2023-06-06 11:55:43'),(203,218,7,12400,'2023-06-06 11:56:37','2023-06-06 11:56:37'),(204,219,7,27000,'2023-06-06 11:57:11','2023-06-06 11:57:11'),(205,220,7,11880,'2023-06-06 11:57:28','2023-06-06 11:57:28'),(206,221,7,3300,'2023-06-06 11:58:00','2023-06-06 11:58:00'),(209,224,7,25380,'2023-06-06 12:00:22','2023-06-06 12:00:22'),(210,225,7,29499,'2023-06-06 12:00:24','2023-06-06 12:00:24'),(211,226,7,12000,'2023-06-06 12:00:57','2023-06-06 12:00:57'),(212,227,7,44000,'2023-06-06 12:01:41','2023-06-06 12:01:41'),(213,228,7,6375,'2023-06-06 12:01:46','2023-06-06 12:01:46'),(214,229,7,45332,'2023-06-06 12:02:14','2023-06-06 12:02:14'),(215,230,7,13600,'2023-06-06 12:02:17','2023-06-06 12:02:17'),(216,231,7,1650,'2023-06-06 12:02:20','2023-06-06 12:02:20'),(218,233,7,11250,'2023-06-06 12:02:52','2023-06-06 12:02:52'),(219,234,7,7744,'2023-06-06 12:03:32','2023-06-06 12:03:32'),(220,235,7,6000,'2023-06-06 12:03:41','2023-06-06 12:03:41'),(221,236,7,2407,'2023-06-06 12:04:40','2023-06-06 12:04:40'),(222,237,7,76500,'2023-06-06 12:04:51','2023-06-06 12:04:51'),(223,238,7,29499,'2023-06-06 12:04:55','2023-06-06 12:04:55'),(224,239,7,183264,'2023-06-06 12:05:05','2023-06-06 12:05:05'),(226,241,7,24500,'2023-06-06 12:07:09','2023-06-06 12:07:09'),(227,242,7,2950,'2023-06-06 12:07:22','2023-06-06 12:07:22'),(228,243,7,95411,'2023-06-06 12:08:16','2023-06-06 12:08:16'),(229,244,7,203900,'2023-06-06 12:08:56','2023-06-06 12:08:56'),(230,245,7,7700,'2023-06-06 12:09:00','2023-06-06 12:09:00'),(231,246,7,295000,'2023-06-06 12:09:00','2023-06-06 12:09:00'),(232,247,7,2800,'2023-06-06 12:10:19','2023-06-06 12:10:19'),(233,248,7,3400,'2023-06-06 12:10:36','2023-06-06 12:10:36'),(234,249,7,7300,'2023-06-06 12:11:15','2023-06-06 12:11:15'),(235,250,7,14999,'2023-06-06 12:11:49','2023-06-06 12:11:49'),(236,251,7,3370,'2023-06-06 12:12:00','2023-06-06 12:12:00'),(237,252,7,2500,'2023-06-06 12:13:22','2023-06-06 12:13:22'),(238,253,7,5200,'2023-06-06 12:13:34','2023-06-06 12:13:34'),(239,254,7,14310,'2023-06-06 12:13:46','2023-06-06 12:13:46'),(240,255,7,4860,'2023-06-06 12:14:02','2023-06-06 12:14:02'),(241,256,7,90804,'2023-06-06 12:15:04','2023-06-06 12:15:04'),(242,257,7,11050,'2023-06-06 12:15:17','2023-06-06 12:15:17'),(243,258,7,34290,'2023-06-06 12:15:37','2023-06-06 12:15:37'),(244,259,7,33500,'2023-06-06 12:15:47','2023-06-06 12:15:47'),(245,260,7,12150,'2023-06-06 12:16:03','2023-06-06 12:16:03'),(246,261,7,2700,'2023-06-06 12:16:06','2023-06-06 12:16:06'),(248,263,7,3400,'2023-06-06 12:16:40','2023-06-06 12:16:40'),(250,265,7,4900,'2023-06-06 12:17:09','2023-06-06 12:17:09'),(251,266,7,2960,'2023-06-06 12:17:12','2023-06-06 12:17:12'),(252,267,7,2970,'2023-06-06 12:17:49','2023-06-06 12:17:49'),(253,268,7,22959,'2023-06-06 12:17:49','2023-06-06 12:17:49'),(254,269,7,8712,'2023-06-06 12:18:10','2023-06-06 12:18:10'),(255,270,7,23500,'2023-06-06 12:18:37','2023-06-06 12:18:37'),(256,271,7,23500,'2023-06-06 12:18:40','2023-06-06 12:18:40'),(257,272,7,29499,'2023-06-06 12:18:49','2023-06-06 12:18:49'),(260,275,7,6800,'2023-06-06 12:19:27','2023-06-06 12:19:27'),(261,276,7,3370,'2023-06-06 12:20:04','2023-06-06 12:20:04'),(262,277,7,2970,'2023-06-06 12:21:11','2023-06-06 12:21:11'),(263,278,7,5550,'2023-06-06 12:21:16','2023-06-06 12:21:16'),(264,279,7,13570,'2023-06-06 12:21:41','2023-06-06 12:21:41'),(265,280,7,20900,'2023-06-06 12:22:03','2023-06-06 12:22:03'),(266,281,7,3095,'2023-06-06 12:22:44','2023-06-06 12:22:44'),(267,282,7,20000,'2023-06-06 12:23:33','2023-06-06 12:23:33'),(268,283,7,11700,'2023-06-06 12:23:53','2023-06-06 12:23:53'),(271,286,7,2400,'2023-06-06 12:24:51','2023-06-06 12:24:51'),(272,287,7,69595,'2023-06-06 12:25:03','2023-06-06 12:25:03'),(273,288,7,2960,'2023-06-06 12:25:25','2023-06-06 12:25:25'),(274,289,7,87075,'2023-06-06 12:25:35','2023-06-06 12:25:35'),(275,290,7,16560,'2023-06-06 12:26:33','2023-06-06 12:26:33'),(276,291,7,8760,'2023-06-06 12:27:06','2023-06-06 12:27:06'),(277,292,7,7475,'2023-06-06 12:27:12','2023-06-06 12:27:12'),(278,293,7,313039,'2023-06-06 12:28:14','2023-06-06 12:28:14'),(279,294,7,5860,'2023-06-06 12:28:36','2023-06-06 12:28:36'),(280,295,7,88616,'2023-06-06 12:28:59','2023-06-06 12:28:59'),(281,296,7,30709,'2023-06-06 12:29:17','2023-06-06 12:29:17'),(282,297,7,3069,'2023-06-06 12:29:41','2023-06-06 12:29:41'),(283,298,7,11700,'2023-06-06 12:30:27','2023-06-06 12:30:27'),(284,299,7,99365,'2023-06-06 12:30:51','2023-06-06 12:30:51'),(285,300,7,29499,'2023-06-06 12:32:33','2023-06-06 12:32:33'),(286,301,7,3370,'2023-06-06 12:33:10','2023-06-06 12:33:10'),(287,302,7,2560,'2023-06-06 12:33:46','2023-06-06 12:33:46'),(288,303,7,64698,'2023-06-06 12:37:01','2023-06-06 12:37:01'),(289,304,7,5734,'2023-06-06 12:37:46','2023-06-06 12:37:46'),(290,305,7,4599,'2023-06-06 12:39:45','2023-06-06 12:39:45'),(291,306,7,2000,'2023-06-06 12:41:11','2023-06-06 12:41:11'),(292,307,7,6030,'2023-06-06 12:41:25','2023-06-06 12:41:25'),(293,308,7,29040,'2023-06-06 12:41:26','2023-06-06 12:41:26'),(294,309,7,5610,'2023-06-06 12:42:27','2023-06-06 12:42:27'),(295,310,7,3000,'2023-06-06 12:42:34','2023-06-06 12:42:34'),(296,311,7,23800,'2023-06-06 12:43:59','2023-06-06 12:43:59'),(297,312,7,1360,'2023-06-06 12:44:06','2023-06-06 12:44:06'),(298,313,7,2200,'2023-06-06 12:45:10','2023-06-06 12:45:10'),(299,314,7,5950,'2023-06-06 12:45:38','2023-06-06 12:45:38'),(300,315,7,7000,'2023-06-06 12:46:06','2023-06-06 12:46:06'),(301,316,7,2900,'2023-06-06 12:47:14','2023-06-06 12:47:14'),(302,317,7,5960,'2023-06-06 12:48:53','2023-06-06 12:48:53'),(303,318,7,2890,'2023-06-06 12:51:28','2023-06-06 12:51:28'),(304,319,7,5605,'2023-06-06 12:55:58','2023-06-06 12:55:58'),(305,320,7,88440,'2023-06-06 12:56:21','2023-06-06 12:56:21'),(306,321,7,2900,'2023-06-06 12:58:00','2023-06-06 12:58:00'),(307,322,7,3000,'2023-06-06 13:01:37','2023-06-06 13:01:37'),(308,323,7,8700,'2023-06-06 13:02:06','2023-06-06 13:02:06'),(309,324,7,29499,'2023-06-06 13:04:24','2023-06-06 13:04:24'),(310,325,7,2610,'2023-06-06 13:04:58','2023-06-06 13:04:58'),(311,326,7,3360,'2023-06-06 13:07:17','2023-06-06 13:07:17'),(312,327,7,2350,'2023-06-06 13:09:13','2023-06-06 13:09:13'),(313,328,7,103530,'2023-06-06 13:11:14','2023-06-06 13:11:14'),(314,329,7,3300,'2023-06-06 13:11:33','2023-06-06 13:11:33'),(315,330,7,7000,'2023-06-06 13:11:42','2023-06-06 13:11:42'),(316,331,7,17499,'2023-06-06 13:13:26','2023-06-06 13:13:26'),(317,332,7,14800,'2023-06-06 13:15:04','2023-06-06 13:15:04'),(318,333,7,7000,'2023-06-06 13:16:48','2023-06-06 13:16:48'),(319,334,7,2970,'2023-06-06 13:17:07','2023-06-06 13:17:07'),(320,335,7,3000,'2023-06-06 15:21:16','2023-06-06 15:21:16'),(321,336,7,10300,'2023-06-06 15:24:13','2023-06-06 15:24:13'),(322,337,7,26555,'2023-06-06 15:25:16','2023-06-06 15:25:16'),(323,338,7,28000,'2023-06-06 15:25:38','2023-06-06 15:25:38'),(324,339,7,19750,'2023-06-06 15:27:00','2023-06-06 15:27:00'),(325,340,7,25000,'2023-06-06 15:27:53','2023-06-06 15:27:53'),(326,341,7,2900,'2023-06-06 15:28:14','2023-06-06 15:28:14'),(327,342,7,5800,'2023-06-06 15:28:32','2023-06-06 15:28:32'),(328,343,7,14130,'2023-06-06 15:28:45','2023-06-06 15:28:45'),(329,344,7,1700,'2023-06-06 15:29:40','2023-06-06 15:29:40'),(330,345,7,13090,'2023-06-06 15:29:43','2023-06-06 15:29:43'),(331,346,7,25000,'2023-06-06 15:29:49','2023-06-06 15:29:49'),(332,347,7,2762,'2023-06-06 15:30:12','2023-06-06 15:30:12'),(333,348,7,3800,'2023-06-06 15:30:44','2023-06-06 15:30:44'),(334,349,7,10300,'2023-06-06 15:32:39','2023-06-06 15:32:39'),(335,350,7,62997,'2023-06-06 15:32:42','2023-06-06 15:32:42'),(336,351,7,2773,'2023-06-06 15:32:59','2023-06-06 15:32:59'),(337,352,7,2465,'2023-06-06 15:33:00','2023-06-06 15:33:00'),(338,353,7,25199,'2023-06-06 15:34:10','2023-06-06 15:34:10'),(339,354,7,1875,'2023-06-06 15:34:13','2023-06-06 15:34:13'),(340,355,7,13600,'2023-06-06 15:34:33','2023-06-06 15:34:33'),(341,356,7,4780,'2023-06-06 15:34:33','2023-06-06 15:34:33'),(342,357,7,32500,'2023-06-06 15:35:01','2023-06-06 15:35:01'),(343,358,7,13767,'2023-06-06 15:35:32','2023-06-06 15:35:32'),(344,359,7,20560,'2023-06-06 15:35:52','2023-06-06 15:35:52'),(345,360,7,2730,'2023-06-06 15:36:01','2023-06-06 15:36:01'),(346,361,7,10440,'2023-06-06 15:36:05','2023-06-06 15:36:05'),(347,362,7,32500,'2023-06-06 15:36:10','2023-06-06 15:36:10'),(348,363,7,8300,'2023-06-06 15:37:22','2023-06-06 15:37:22'),(349,364,7,25060,'2023-06-06 15:37:29','2023-06-06 15:37:29'),(350,365,7,66837,'2023-06-06 15:37:43','2023-06-06 15:37:43'),(351,366,7,15903,'2023-06-06 15:37:55','2023-06-06 15:37:55'),(352,367,7,2970,'2023-06-06 15:38:52','2023-06-06 15:38:52'),(353,368,7,2610,'2023-06-06 15:39:18','2023-06-06 15:39:18'),(354,369,7,21248,'2023-06-06 15:39:25','2023-06-06 15:39:25'),(355,370,7,10370,'2023-06-06 15:39:29','2023-06-06 15:39:29'),(356,371,7,1870,'2023-06-06 15:40:13','2023-06-06 15:40:13'),(357,372,7,3300,'2023-06-06 15:40:43','2023-06-06 15:40:43'),(358,373,7,2233,'2023-06-06 15:41:01','2023-06-06 15:41:01'),(359,374,7,5000,'2023-06-06 15:41:35','2023-06-06 15:41:35'),(360,375,7,3370,'2023-06-06 15:41:37','2023-06-06 15:41:37'),(361,376,7,9350,'2023-06-06 15:41:39','2023-06-06 15:41:39'),(362,377,7,9213,'2023-06-06 15:41:39','2023-06-06 15:41:39'),(363,378,7,2200,'2023-06-06 15:42:20','2023-06-06 15:42:20'),(364,379,7,34000,'2023-06-06 15:44:07','2023-06-06 15:44:07'),(365,380,7,2070,'2023-06-06 15:44:15','2023-06-06 15:44:15'),(366,381,7,1650,'2023-06-06 15:44:21','2023-06-06 15:44:21'),(367,382,7,2960,'2023-06-06 15:44:36','2023-06-06 15:44:36'),(368,383,7,5560,'2023-06-06 15:45:39','2023-06-06 15:45:39'),(369,384,7,28024,'2023-06-06 15:46:38','2023-06-06 15:46:38'),(370,385,7,3100,'2023-06-06 15:46:47','2023-06-06 15:46:47'),(371,386,7,1800,'2023-06-06 15:47:25','2023-06-06 15:47:25'),(372,387,7,47400,'2023-06-06 15:47:27','2023-06-06 15:47:27'),(373,388,7,1770,'2023-06-06 15:48:07','2023-06-06 15:48:07'),(374,389,7,7000,'2023-06-06 15:48:51','2023-06-06 15:48:51'),(375,390,7,12000,'2023-06-06 15:49:35','2023-06-06 15:49:35'),(376,391,7,122655,'2023-06-06 15:49:39','2023-06-06 15:49:39'),(377,392,7,7800,'2023-06-06 15:50:36','2023-06-06 15:50:36'),(378,393,7,33750,'2023-06-06 15:51:38','2023-06-06 15:51:38'),(379,394,7,8550,'2023-06-06 15:51:54','2023-06-06 15:51:54'),(380,395,7,334312,'2023-06-06 15:51:55','2023-06-06 15:51:55'),(381,396,7,5600,'2023-06-06 15:51:59','2023-06-06 15:51:59'),(382,397,7,8000,'2023-06-06 15:52:24','2023-06-06 15:52:24'),(383,398,7,5160,'2023-06-06 15:53:20','2023-06-06 15:53:20'),(384,399,7,4200,'2023-06-06 15:53:44','2023-06-06 15:53:44'),(385,400,7,17250,'2023-06-06 15:54:01','2023-06-06 15:54:01'),(386,401,7,6150,'2023-06-06 15:54:05','2023-06-06 15:54:05'),(387,402,7,5059,'2023-06-06 15:54:46','2023-06-06 15:54:46'),(388,403,7,10554,'2023-06-06 15:55:04','2023-06-06 15:55:04'),(389,404,7,32050,'2023-06-06 15:56:05','2023-06-06 15:56:05'),(391,406,7,4900,'2023-06-06 15:57:57','2023-06-06 15:57:57'),(392,407,7,30499,'2023-06-06 15:58:00','2023-06-06 15:58:00'),(393,408,7,39900,'2023-06-06 15:58:40','2023-06-06 15:58:40'),(395,410,5,41000,'2023-06-06 15:59:56','2023-06-06 15:59:56'),(396,411,7,7744,'2023-06-06 16:00:03','2023-06-06 16:00:03'),(397,412,7,23999,'2023-06-06 16:00:31','2023-06-06 16:00:31'),(398,413,5,25199,'2023-06-06 16:01:30','2023-06-06 16:01:30'),(399,414,7,21000,'2023-06-06 16:02:03','2023-06-06 16:02:03'),(400,415,7,22400,'2023-06-06 16:02:05','2023-06-06 16:02:05'),(401,416,7,30000,'2023-06-06 16:02:44','2023-06-06 16:02:44'),(402,417,7,2030,'2023-06-06 16:03:34','2023-06-06 16:03:34'),(403,418,7,5984,'2023-06-06 16:03:35','2023-06-06 16:03:35'),(404,419,7,11070,'2023-06-06 16:04:02','2023-06-06 16:04:02'),(405,420,7,1500,'2023-06-06 16:05:57','2023-06-06 16:05:57'),(406,421,7,20100,'2023-06-06 16:06:10','2023-06-06 16:06:10'),(407,422,7,28000,'2023-06-06 16:06:48','2023-06-06 16:06:48'),(408,423,7,6200,'2023-06-06 16:06:54','2023-06-06 16:06:54'),(409,424,7,2550,'2023-06-06 16:06:55','2023-06-06 16:06:55'),(410,425,7,131150,'2023-06-06 16:07:14','2023-06-06 16:07:14'),(411,426,7,40375,'2023-06-06 16:08:06','2023-06-06 16:08:06'),(412,427,7,2040,'2023-06-06 16:08:31','2023-06-06 16:08:31'),(413,428,7,10000,'2023-06-06 16:08:56','2023-06-06 16:08:56'),(414,429,7,15100,'2023-06-06 16:09:07','2023-06-06 16:09:07'),(415,430,7,9800,'2023-06-06 16:09:43','2023-06-06 16:09:43'),(416,431,7,5610,'2023-06-06 16:10:46','2023-06-06 16:10:46'),(417,432,7,13500,'2023-06-06 16:10:47','2023-06-06 16:10:47'),(418,433,7,24300,'2023-06-06 16:11:27','2023-06-06 16:11:27'),(419,434,7,4930,'2023-06-06 16:12:21','2023-06-06 16:12:21'),(420,435,7,16915,'2023-06-06 16:12:29','2023-06-06 16:12:29'),(421,436,7,5000,'2023-06-06 16:12:39','2023-06-06 16:12:39'),(422,437,7,6210,'2023-06-06 16:13:29','2023-06-06 16:13:29'),(423,438,7,5059,'2023-06-06 16:13:51','2023-06-06 16:13:51'),(424,439,7,10000,'2023-06-06 16:15:27','2023-06-06 16:15:27'),(425,440,7,40375,'2023-06-06 16:16:24','2023-06-06 16:16:24'),(426,441,7,35674,'2023-06-06 16:16:39','2023-06-06 16:16:39'),(427,442,7,50950,'2023-06-06 16:19:01','2023-06-06 16:19:01'),(428,443,7,9998,'2023-06-06 16:19:21','2023-06-06 16:19:21'),(429,444,7,17599,'2023-06-06 16:20:38','2023-06-06 16:20:38'),(430,445,7,2650,'2023-06-06 16:21:22','2023-06-06 16:21:22'),(431,446,7,4569,'2023-06-06 16:21:43','2023-06-06 16:21:43'),(432,447,7,1832500,'2023-06-06 16:22:29','2023-06-06 16:22:29'),(433,448,7,2890,'2023-06-06 16:22:37','2023-06-06 16:22:37'),(434,449,7,4999,'2023-06-06 16:23:07','2023-06-06 16:23:07'),(435,450,7,7900,'2023-06-06 16:23:45','2023-06-06 16:23:45'),(436,451,5,21320,'2023-06-06 16:24:07','2023-06-06 16:24:07'),(438,453,7,129260,'2023-06-06 16:24:56','2023-06-06 16:24:56'),(439,454,7,5000,'2023-06-06 16:25:21','2023-06-06 16:25:21'),(440,455,7,17300,'2023-06-06 16:28:14','2023-06-06 16:28:14'),(441,456,7,640000,'2023-06-06 16:28:59','2023-06-06 16:28:59'),(442,457,7,8265,'2023-06-06 16:29:14','2023-06-06 16:29:14'),(443,458,7,3290,'2023-06-06 16:29:20','2023-06-06 16:29:20'),(444,459,7,23250,'2023-06-06 16:31:16','2023-06-06 16:31:16'),(445,460,7,19045,'2023-06-06 16:33:00','2023-06-06 16:33:00'),(447,462,7,1650,'2023-06-06 16:35:15','2023-06-06 16:35:15'),(448,463,7,5100,'2023-06-06 16:35:17','2023-06-06 16:35:17'),(449,464,7,32499,'2023-06-06 16:39:13','2023-06-06 16:39:13'),(450,465,7,26499,'2023-06-06 16:40:30','2023-06-06 16:40:30'),(451,466,7,2800,'2023-06-06 16:41:23','2023-06-06 16:41:23'),(452,467,7,25500,'2023-06-06 16:42:28','2023-06-06 16:42:28'),(453,468,7,6500,'2023-06-06 16:42:37','2023-06-06 16:42:37'),(454,469,7,19750,'2023-06-06 16:43:56','2023-06-06 16:43:56'),(455,470,7,27809,'2023-06-06 16:44:24','2023-06-06 16:44:24'),(456,471,7,18360,'2023-06-06 16:47:43','2023-06-06 16:47:43'),(457,472,7,14000,'2023-06-06 16:47:51','2023-06-06 16:47:51'),(458,473,7,387466,'2023-06-06 16:48:00','2023-06-06 16:48:00'),(459,474,7,41499,'2023-06-06 16:48:11','2023-06-06 16:48:11'),(460,475,7,1950,'2023-06-06 16:49:47','2023-06-06 16:49:47'),(461,476,7,3060,'2023-06-06 16:50:07','2023-06-06 16:50:07'),(462,477,7,5000,'2023-06-06 16:51:35','2023-06-06 16:51:35'),(463,478,7,11600,'2023-06-06 16:51:56','2023-06-06 16:51:56'),(464,479,7,5900,'2023-06-06 16:52:30','2023-06-06 16:52:30'),(465,480,7,20250,'2023-06-06 16:53:40','2023-06-06 16:53:40'),(466,481,7,5800,'2023-06-06 16:55:26','2023-06-06 16:55:26'),(467,482,7,438698,'2023-06-06 16:55:44','2023-06-06 16:55:44'),(468,483,7,28000,'2023-06-06 16:56:10','2023-06-06 16:56:10'),(469,484,7,25200,'2023-06-06 16:56:45','2023-06-06 16:56:45'),(470,485,7,3000,'2023-06-06 16:56:56','2023-06-06 16:56:56'),(471,486,7,27000,'2023-06-06 16:58:09','2023-06-06 16:58:09'),(472,487,7,261400,'2023-06-06 16:59:08','2023-06-06 16:59:08'),(473,488,7,2900,'2023-06-06 16:59:25','2023-06-06 16:59:25'),(474,489,7,2900,'2023-06-06 16:59:39','2023-06-06 16:59:39'),(475,490,7,55742,'2023-06-06 17:01:02','2023-06-06 17:01:02'),(476,491,7,27999,'2023-06-06 17:01:32','2023-06-06 17:01:32'),(477,492,7,15400,'2023-06-06 17:01:34','2023-06-06 17:01:34'),(478,493,7,15210,'2023-06-06 17:02:08','2023-06-06 17:02:08'),(479,494,7,2900,'2023-06-06 17:04:19','2023-06-06 17:04:19'),(480,495,7,5220,'2023-06-06 17:06:12','2023-06-06 17:06:12'),(481,496,7,1453,'2023-06-06 17:08:01','2023-06-06 17:08:01'),(482,497,7,4930,'2023-06-06 17:08:43','2023-06-06 17:08:43'),(483,498,7,247140,'2023-06-06 17:17:31','2023-06-06 17:17:31'),(484,499,7,28248,'2023-06-06 17:33:00','2023-06-06 17:33:00'),(485,500,7,20700,'2023-06-06 18:55:37','2023-06-06 18:55:37'),(486,501,7,8850,'2023-06-06 19:00:22','2023-06-06 19:00:22'),(487,502,7,26180,'2023-06-06 19:08:39','2023-06-06 19:08:39'),(488,503,7,29000,'2023-06-06 19:16:09','2023-06-06 19:16:09'),(489,504,7,87700,'2023-06-06 19:44:52','2023-06-06 19:44:52'),(490,505,7,41100,'2023-06-07 10:12:18','2023-06-07 10:12:18'),(491,506,7,143550,'2023-06-07 14:19:33','2023-06-07 14:19:33'),(492,507,7,6759,'2023-06-07 14:22:09','2023-06-07 14:22:09'),(493,508,7,6699,'2023-06-07 14:23:45','2023-06-07 14:23:45'),(494,509,7,5059,'2023-06-07 14:26:10','2023-06-07 14:26:10'),(495,510,7,92000,'2023-06-07 14:28:46','2023-06-07 14:28:46'),(496,511,7,27000,'2023-06-07 14:32:03','2023-06-07 14:32:03'),(497,512,7,23500,'2023-06-07 14:34:01','2023-06-07 14:34:01'),(498,513,7,7000,'2023-06-07 14:38:56','2023-06-07 14:38:56'),(499,514,7,24000,'2023-06-07 14:44:57','2023-06-07 14:44:57'),(500,515,7,5046,'2023-06-07 14:46:17','2023-06-07 14:46:17'),(501,516,7,2900,'2023-06-07 14:47:16','2023-06-07 14:47:16'),(502,517,7,38000,'2023-06-07 15:00:08','2023-06-07 15:00:08'),(503,518,7,52000,'2023-06-07 15:03:07','2023-06-07 15:03:07'),(504,519,7,289224,'2023-06-07 16:25:12','2023-06-07 16:25:12'),(505,520,7,214830,'2023-06-08 10:49:25','2023-06-08 10:49:25'),(506,521,7,128250,'2023-06-08 10:54:24','2023-06-08 10:54:24'),(507,522,7,12060,'2023-06-10 09:58:18','2023-06-10 09:58:18'),(508,523,7,5600,'2023-06-10 10:01:33','2023-06-10 10:01:33'),(509,524,7,5550,'2023-06-10 10:03:36','2023-06-10 10:03:36'),(510,525,7,9500,'2023-06-10 10:15:33','2023-06-10 10:15:33'),(511,526,7,1190,'2023-06-10 10:26:45','2023-06-10 10:26:45'),(512,527,7,25100,'2023-06-10 10:32:05','2023-06-10 10:32:05'),(513,528,7,17000,'2023-06-10 10:34:18','2023-06-10 10:34:18'),(514,529,7,2960,'2023-06-10 10:36:10','2023-06-10 10:36:10'),(515,530,7,2697,'2023-06-10 10:38:13','2023-06-10 10:38:13'),(516,531,7,11808,'2023-06-12 15:48:55','2023-06-12 15:48:55'),(517,532,7,67680,'2023-06-13 12:15:21','2023-06-13 12:15:21'),(519,534,7,6570,'2023-06-13 16:37:36','2023-06-13 16:37:36'),(520,535,7,0,'2023-06-14 15:35:18','2023-06-14 15:35:18'),(523,538,7,4836,'2023-06-18 09:13:04','2023-06-18 09:13:04'),(525,540,7,1519,'2023-06-18 10:42:44','2023-06-18 10:42:44'),(526,541,7,0,'2023-06-18 11:03:43','2023-06-18 11:03:43'),(527,542,7,0,'2023-06-18 15:35:54','2023-06-18 15:35:54'),(529,544,7,0,'2023-06-20 09:47:30','2023-06-20 09:47:30'),(530,545,7,13500,'2023-06-21 10:18:57','2023-06-21 10:18:57'),(531,546,7,0,'2023-06-22 09:29:35','2023-06-22 09:29:35'),(532,547,7,5610,'2023-06-22 13:40:22','2023-06-22 13:40:22'),(534,549,7,60000,'2023-06-26 11:47:36','2023-06-26 11:47:36'),(535,550,7,10000,'2023-06-26 16:42:44','2023-06-26 16:42:44'),(536,551,7,3150,'2023-07-03 12:25:37','2023-07-03 12:25:37'),(538,553,7,30400,'2023-07-04 12:03:15','2023-07-04 12:03:15'),(539,554,7,4961,'2023-07-04 16:13:08','2023-07-04 16:13:08'),(540,555,7,6888,'2023-07-05 10:24:11','2023-07-05 10:24:11'),(541,556,5,25000,'2023-07-05 11:58:11','2023-07-05 11:58:11'),(542,557,7,0,'2023-07-06 16:50:09','2023-07-06 16:50:09'),(543,558,7,199980,'2023-07-08 11:26:39','2023-07-08 11:26:39'),(544,559,7,0,'2023-07-09 10:27:08','2023-07-09 10:27:08'),(545,560,7,11685,'2023-07-09 15:12:39','2023-07-09 15:12:39'),(546,561,5,50000,'2023-07-13 13:53:13','2023-07-13 13:53:13'),(547,562,5,5940,'2023-07-15 10:12:59','2023-07-15 10:12:59'),(548,563,7,3300,'2023-07-18 11:09:04','2023-07-18 11:09:04'),(550,565,7,3411,'2023-07-22 10:17:32','2023-07-22 10:17:32'),(551,566,7,12320,'2023-07-25 12:48:58','2023-07-25 12:48:58'),(552,567,7,0,'2023-07-26 14:31:56','2023-07-26 14:31:56'),(553,568,7,1870,'2023-07-27 10:12:03','2023-07-27 10:12:03'),(555,570,7,15075,'2023-07-30 10:34:12','2023-07-30 10:34:12'),(556,571,7,25000,'2023-08-01 15:20:58','2023-08-01 15:20:58'),(557,572,7,4420,'2023-08-05 11:11:37','2023-08-05 11:11:37'),(558,573,7,0,'2023-08-05 15:32:39','2023-08-05 15:32:39'),(559,574,7,0,'2023-08-06 10:19:50','2023-08-06 10:19:50'),(560,575,7,78674,'2023-08-06 12:25:13','2023-08-06 12:25:13'),(561,576,7,21780,'2023-08-07 11:11:00','2023-08-07 11:11:00'),(562,577,5,9500,'2023-08-08 11:35:37','2023-08-08 11:35:37'),(563,578,7,24640,'2023-08-09 11:16:12','2023-08-09 11:16:12'),(564,579,7,23600,'2023-08-09 16:52:37','2023-08-09 16:52:37'),(565,580,7,0,'2023-08-10 12:19:15','2023-08-10 12:19:15'),(566,581,7,19599,'2023-08-16 14:46:46','2023-08-16 14:46:46'),(567,582,7,22222,'2023-08-17 15:48:44','2023-08-17 15:48:44'),(568,583,7,2378,'2023-08-21 09:11:29','2023-08-21 09:11:29'),(569,584,7,2640,'2023-08-21 09:30:20','2023-08-21 09:30:20'),(570,585,7,14760,'2023-08-21 14:19:49','2023-08-21 14:19:49'),(571,586,7,15000,'2023-08-21 16:01:45','2023-08-21 16:01:45'),(572,587,5,0,'2023-08-23 12:36:48','2023-08-23 12:36:48'),(575,590,7,13419,'2023-08-28 10:10:31','2023-08-28 10:10:31'),(576,591,7,0,'2023-08-28 10:27:57','2023-08-28 10:27:57'),(577,592,7,0,'2023-08-29 05:09:42','2023-08-29 05:09:42'),(578,593,7,38320,'2023-08-29 06:41:33','2023-08-29 06:41:33'),(579,594,7,10872,'2023-08-30 05:33:23','2023-08-30 05:33:23'),(580,595,7,11160,'2023-09-02 16:32:15','2023-09-02 16:32:15'),(581,596,7,0,'2023-09-03 06:50:36','2023-09-03 06:50:36'),(582,597,7,7790,'2023-09-04 06:53:05','2023-09-04 06:53:05'),(583,598,7,0,'2023-09-07 04:35:21','2023-09-07 04:35:21'),(584,599,7,0,'2023-09-07 06:49:51','2023-09-07 06:49:51'),(585,600,7,35000,'2023-09-07 07:33:03','2023-09-07 07:33:03'),(586,601,7,0,'2023-09-07 11:18:32','2023-09-07 11:18:32'),(587,602,7,2800,'2023-09-07 12:08:04','2023-09-07 12:08:04'),(590,605,7,0,'2023-09-08 09:21:58','2023-09-08 09:21:58'),(591,606,7,13448,'2023-09-09 05:22:20','2023-09-09 05:22:20'),(592,607,7,4960,'2023-09-09 06:39:34','2023-09-09 06:39:34'),(593,608,5,31195,'2023-09-09 12:08:16','2023-09-09 12:08:16'),(594,609,5,0,'2023-09-11 06:17:57','2023-09-11 06:17:57'),(595,610,7,3300,'2023-09-13 05:01:15','2023-09-13 05:01:15'),(596,611,5,33000,'2023-09-13 07:04:56','2023-09-13 07:04:56'),(597,612,5,0,'2023-09-14 07:59:24','2023-09-14 07:59:24'),(598,613,7,1800,'2023-09-19 05:00:43','2023-09-19 05:00:43'),(600,615,7,1,'2023-09-20 05:32:34','2023-09-20 05:32:34'),(601,616,7,2970,'2023-09-20 09:04:02','2023-09-20 09:04:02'),(602,617,5,53547,'2023-09-25 04:45:01','2023-09-25 04:45:01'),(603,618,5,14812,'2023-09-25 04:58:15','2023-09-25 04:58:15'),(605,620,5,0,'2023-09-27 06:34:21','2023-09-27 06:34:21'),(606,621,7,10496,'2023-10-01 06:05:44','2023-10-01 06:05:44'),(607,622,7,1557660,'2023-10-01 09:13:09','2023-10-01 09:13:09'),(608,623,7,42312,'2023-10-02 04:46:52','2023-10-02 04:46:52'),(609,624,7,12080,'2023-10-02 04:49:24','2023-10-02 04:49:24'),(611,626,7,2050,'2023-10-03 08:58:45','2023-10-03 08:58:45'),(612,627,7,170600,'2023-10-03 09:05:19','2023-10-03 09:05:19'),(613,628,7,72000,'2023-10-04 05:37:25','2023-10-04 05:37:25'),(614,629,7,20000,'2023-10-05 06:39:51','2023-10-05 06:39:51'),(615,630,7,20000,'2023-10-05 09:26:01','2023-10-05 09:26:01'),(616,631,7,1,'2023-10-08 04:37:04','2023-10-08 04:37:04'),(617,632,7,43804,'2023-10-10 06:03:27','2023-10-10 06:03:27'),(618,633,7,0,'2023-10-10 06:32:02','2023-10-10 06:32:02'),(619,634,12,110000,'2023-10-11 11:23:57','2023-10-11 11:23:57'),(621,636,7,0,'2023-10-11 13:24:23','2023-10-11 13:24:23'),(622,637,7,0,'2023-10-12 05:07:44','2023-10-12 05:07:44'),(623,638,7,64900,'2023-10-14 03:38:22','2023-10-14 03:38:22'),(624,639,7,0,'2023-10-14 03:54:40','2023-10-14 03:54:40'),(625,640,7,2900,'2023-10-14 04:00:09','2023-10-14 04:00:09'),(626,641,7,2175,'2023-10-14 05:16:39','2023-10-14 05:16:39'),(628,643,7,18368,'2023-10-14 11:32:46','2023-10-14 11:32:46'),(629,644,7,0,'2023-10-15 04:22:57','2023-10-15 04:22:57'),(630,645,7,33760,'2023-10-16 08:26:56','2023-10-16 08:26:56'),(632,647,10,76160,'2023-10-18 05:12:45','2023-10-18 05:12:45'),(633,648,9,6270,'2023-10-18 07:13:01','2023-10-18 07:13:01'),(634,649,9,81585,'2023-10-18 08:18:51','2023-10-18 08:18:51'),(635,650,12,27775,'2023-10-18 08:24:13','2023-10-18 08:24:13'),(636,651,6,4070,'2023-10-19 07:00:54','2023-10-19 07:00:54'),(637,652,7,30600,'2023-10-21 04:56:06','2023-10-21 04:56:06'),(638,653,7,0,'2023-10-22 05:04:07','2023-10-22 05:04:07'),(639,654,7,0,'2023-10-22 11:20:12','2023-10-22 11:20:12'),(640,655,7,0,'2023-10-25 05:48:09','2023-10-25 05:48:09'),(641,656,8,40900,'2023-10-25 10:47:54','2023-10-25 10:47:54'),(642,657,7,0,'2023-10-30 05:24:24','2023-10-30 05:24:24'),(643,658,7,0,'2023-10-30 07:12:32','2023-10-30 07:12:32'),(644,659,7,0,'2023-10-30 08:01:04','2023-10-30 08:01:04'),(645,660,7,0,'2023-10-31 05:14:56','2023-10-31 05:14:56'),(648,663,7,21250,'2023-11-01 04:27:33','2023-11-01 04:27:33'),(650,665,7,0,'2023-11-02 06:27:01','2023-11-02 06:27:01'),(651,666,7,0,'2023-11-05 12:12:38','2023-11-05 12:12:38'),(652,667,10,6600,'2023-11-06 10:53:28','2023-11-06 10:53:28'),(653,668,7,0,'2023-11-08 05:13:07','2023-11-08 05:13:07'),(654,669,8,30140,'2023-11-08 11:20:23','2023-11-08 11:20:23'),(655,670,7,0,'2023-11-08 13:08:43','2023-11-08 13:08:43'),(656,671,7,0,'2023-11-09 04:43:36','2023-11-09 04:43:36'),(657,672,10,25200,'2023-11-09 05:15:55','2023-11-09 05:15:55'),(658,673,7,12410,'2023-11-11 05:13:49','2023-11-11 05:13:49'),(659,674,7,28101,'2023-11-11 12:02:15','2023-11-11 12:02:15'),(660,675,7,32016,'2023-11-11 12:15:53','2023-11-11 12:15:53'),(661,676,7,0,'2023-11-12 05:30:05','2023-11-12 05:30:05'),(662,677,7,0,'2023-11-12 06:02:24','2023-11-12 06:02:24'),(663,678,7,0,'2023-11-12 10:51:23','2023-11-12 10:51:23'),(664,679,8,25647,'2023-11-13 10:41:22','2023-11-13 10:41:22'),(665,680,8,6640,'2023-11-13 10:42:35','2023-11-13 10:42:35'),(666,681,8,4233,'2023-11-13 10:52:38','2023-11-13 10:52:38'),(667,682,7,0,'2023-11-14 05:20:56','2023-11-14 05:20:56'),(668,683,7,1635,'2023-11-15 09:08:49','2023-11-15 09:08:49'),(669,684,8,0,'2023-11-15 12:16:49','2023-11-15 12:16:49'),(670,685,7,2610,'2023-11-18 05:41:13','2023-11-18 05:41:13'),(671,686,7,250,'2023-11-18 05:50:16','2023-11-18 05:50:16'),(672,687,8,2700,'2023-11-18 06:23:58','2023-11-18 06:23:58'),(673,688,7,4640,'2023-11-18 07:46:42','2023-11-18 07:46:42'),(674,689,7,10560,'2023-11-18 07:53:47','2023-11-18 07:53:47'),(675,690,7,0,'2023-11-18 08:23:49','2023-11-18 08:23:49'),(676,691,6,4000,'2023-11-20 10:47:32','2023-11-20 10:47:32'),(678,693,14,50000,'2023-11-22 11:19:28','2023-11-22 11:19:28'),(679,694,14,16200,'2023-11-22 11:59:48','2023-11-22 11:59:48'),(680,695,7,186080,'2023-11-27 06:23:15','2023-11-27 06:23:15'),(681,696,7,18157,'2023-11-28 07:32:48','2023-11-28 07:32:48'),(682,697,7,10080,'2023-11-28 11:01:48','2023-11-28 11:01:48'),(683,698,8,0,'2023-11-28 11:42:02','2023-11-28 11:42:02'),(684,699,8,0,'2023-11-29 06:47:03','2023-11-29 06:47:03'),(685,700,8,0,'2023-11-30 06:28:41','2023-11-30 06:28:41'),(686,701,6,0,'2023-11-30 10:38:12','2023-11-30 10:38:12'),(687,702,8,0,'2023-12-02 05:31:57','2023-12-02 05:31:57'),(688,703,7,0,'2023-12-02 07:32:59','2023-12-02 07:32:59'),(689,704,7,3450,'2023-12-02 09:12:31','2023-12-02 09:12:31'),(690,705,7,2000,'2023-12-02 10:26:13','2023-12-02 10:26:13'),(691,706,7,0,'2023-12-03 08:50:54','2023-12-03 08:50:54'),(692,707,7,0,'2023-12-03 10:05:32','2023-12-03 10:05:32'),(693,708,7,5080,'2023-12-04 06:19:20','2023-12-04 06:19:20'),(694,709,7,28069,'2023-12-04 09:43:19','2023-12-04 09:43:19'),(695,710,7,2805,'2023-12-06 06:08:15','2023-12-06 06:08:15');
/*!40000 ALTER TABLE `sales_payment_items` ENABLE KEYS */;
UNLOCK TABLES;

--
-- Table structure for table `schedules`
--

DROP TABLE IF EXISTS `schedules`;
/*!40101 SET @saved_cs_client     = @@character_set_client */;
/*!50503 SET character_set_client = utf8mb4 */;
CREATE TABLE `schedules` (
  `id` bigint unsigned NOT NULL AUTO_INCREMENT,
  `schedule_date` date DEFAULT NULL,
  `customer_id` bigint unsigned NOT NULL,
  `qty` int NOT NULL,
  `stock` int DEFAULT NULL,
  `time` time DEFAULT NULL,
  `created_at` timestamp NULL DEFAULT NULL,
  `updated_at` timestamp NULL DEFAULT NULL,
  PRIMARY KEY (`id`)
) ENGINE=InnoDB AUTO_INCREMENT=60 DEFAULT CHARSET=utf8mb4 COLLATE=utf8mb4_unicode_ci;
/*!40101 SET character_set_client = @saved_cs_client */;

--
-- Dumping data for table `schedules`
--

LOCK TABLES `schedules` WRITE;
/*!40000 ALTER TABLE `schedules` DISABLE KEYS */;
/*!40000 ALTER TABLE `schedules` ENABLE KEYS */;
UNLOCK TABLES;

--
-- Table structure for table `service_invoice_items`
--

DROP TABLE IF EXISTS `service_invoice_items`;
/*!40101 SET @saved_cs_client     = @@character_set_client */;
/*!50503 SET character_set_client = utf8mb4 */;
CREATE TABLE `service_invoice_items` (
  `id` bigint unsigned NOT NULL AUTO_INCREMENT,
  `product_id` int NOT NULL,
  `service_id` bigint unsigned NOT NULL,
  `qty` varchar(255) CHARACTER SET utf8mb4 COLLATE utf8mb4_unicode_ci NOT NULL,
  `rate` double(8,2) NOT NULL,
  `amount` double(8,2) NOT NULL,
  `created_at` timestamp NULL DEFAULT NULL,
  `updated_at` timestamp NULL DEFAULT NULL,
  PRIMARY KEY (`id`),
  KEY `service_invoice_items_service_id_foreign` (`service_id`),
  CONSTRAINT `service_invoice_items_service_id_foreign` FOREIGN KEY (`service_id`) REFERENCES `service_invoices` (`id`) ON DELETE CASCADE
) ENGINE=InnoDB AUTO_INCREMENT=22 DEFAULT CHARSET=utf8mb4 COLLATE=utf8mb4_unicode_ci;
/*!40101 SET character_set_client = @saved_cs_client */;

--
-- Dumping data for table `service_invoice_items`
--

LOCK TABLES `service_invoice_items` WRITE;
/*!40000 ALTER TABLE `service_invoice_items` DISABLE KEYS */;
INSERT INTO `service_invoice_items` VALUES (15,278,8,'4',375.00,1500.00,'2023-10-10 06:05:49','2023-10-10 06:05:49'),(16,278,9,'17',224.00,3808.00,'2023-10-11 11:26:00','2023-10-11 11:26:00'),(17,228,10,'1',500.00,500.00,'2023-11-01 04:28:57','2023-11-01 04:28:57'),(18,228,11,'2',1000.00,2000.00,'2023-11-02 06:28:02','2023-11-02 06:28:02'),(19,229,12,'1',250.00,250.00,'2023-11-09 05:03:21','2023-11-09 05:03:21'),(20,228,13,'3',1200.00,3600.00,'2023-11-14 05:49:08','2023-11-14 05:49:08'),(21,228,14,'5',1500.00,7500.00,'2023-11-22 11:22:19','2023-11-22 11:22:19');
/*!40000 ALTER TABLE `service_invoice_items` ENABLE KEYS */;
UNLOCK TABLES;

--
-- Table structure for table `service_invoice_payment_items`
--

DROP TABLE IF EXISTS `service_invoice_payment_items`;
/*!40101 SET @saved_cs_client     = @@character_set_client */;
/*!50503 SET character_set_client = utf8mb4 */;
CREATE TABLE `service_invoice_payment_items` (
  `id` bigint unsigned NOT NULL AUTO_INCREMENT,
  `service_id` bigint unsigned NOT NULL,
  `bank_id` bigint unsigned NOT NULL,
  `b_paid_amount` double(8,2) NOT NULL,
  `created_at` timestamp NULL DEFAULT NULL,
  `updated_at` timestamp NULL DEFAULT NULL,
  PRIMARY KEY (`id`),
  KEY `service_invoice_payment_items_service_id_foreign` (`service_id`),
  CONSTRAINT `service_invoice_payment_items_service_id_foreign` FOREIGN KEY (`service_id`) REFERENCES `service_invoices` (`id`) ON DELETE CASCADE
) ENGINE=InnoDB AUTO_INCREMENT=11 DEFAULT CHARSET=utf8mb4 COLLATE=utf8mb4_unicode_ci;
/*!40101 SET character_set_client = @saved_cs_client */;

--
-- Dumping data for table `service_invoice_payment_items`
--

LOCK TABLES `service_invoice_payment_items` WRITE;
/*!40000 ALTER TABLE `service_invoice_payment_items` DISABLE KEYS */;
INSERT INTO `service_invoice_payment_items` VALUES (4,8,7,1500.00,'2023-10-10 06:05:49','2023-10-10 06:05:49'),(5,9,7,0.00,'2023-10-11 11:26:00','2023-10-11 11:26:00'),(6,10,7,500.00,'2023-11-01 04:28:57','2023-11-01 04:28:57'),(7,11,7,0.00,'2023-11-02 06:28:02','2023-11-02 06:28:02'),(8,12,7,0.00,'2023-11-09 05:03:21','2023-11-09 05:03:21'),(9,13,7,0.00,'2023-11-14 05:49:08','2023-11-14 05:49:08'),(10,14,14,3750.00,'2023-11-22 11:22:19','2023-11-22 11:22:19');
/*!40000 ALTER TABLE `service_invoice_payment_items` ENABLE KEYS */;
UNLOCK TABLES;

--
-- Table structure for table `service_invoices`
--

DROP TABLE IF EXISTS `service_invoices`;
/*!40101 SET @saved_cs_client     = @@character_set_client */;
/*!50503 SET character_set_client = utf8mb4 */;
CREATE TABLE `service_invoices` (
  `id` bigint unsigned NOT NULL AUTO_INCREMENT,
  `customer_id` bigint unsigned NOT NULL,
  `service_date` date NOT NULL,
  `details` text CHARACTER SET utf8mb4 COLLATE utf8mb4_unicode_ci,
  `invoice` varchar(20) CHARACTER SET utf8mb4 COLLATE utf8mb4_unicode_ci NOT NULL,
  `sub_total` double(10,2) NOT NULL,
  `grand_total` double(10,2) NOT NULL,
  `service_discount_flat` varchar(255) CHARACTER SET utf8mb4 COLLATE utf8mb4_unicode_ci DEFAULT NULL,
  `service_discount_per` varchar(255) CHARACTER SET utf8mb4 COLLATE utf8mb4_unicode_ci DEFAULT NULL,
  `total_vat` varchar(255) CHARACTER SET utf8mb4 COLLATE utf8mb4_unicode_ci DEFAULT NULL,
  `p_paid_amount` varchar(255) CHARACTER SET utf8mb4 COLLATE utf8mb4_unicode_ci NOT NULL,
  `due_amount` varchar(255) CHARACTER SET utf8mb4 COLLATE utf8mb4_unicode_ci NOT NULL,
  `user_id` int DEFAULT NULL,
  `created_at` timestamp NULL DEFAULT NULL,
  `updated_at` timestamp NULL DEFAULT NULL,
  PRIMARY KEY (`id`)
) ENGINE=InnoDB AUTO_INCREMENT=15 DEFAULT CHARSET=utf8mb4 COLLATE=utf8mb4_unicode_ci;
/*!40101 SET character_set_client = @saved_cs_client */;

--
-- Dumping data for table `service_invoices`
--

LOCK TABLES `service_invoices` WRITE;
/*!40000 ALTER TABLE `service_invoices` DISABLE KEYS */;
INSERT INTO `service_invoices` VALUES (8,719,'2023-10-09',NULL,'STAS202354358',1500.00,1500.00,NULL,NULL,NULL,'1500','0',41,'2023-10-10 06:05:49',NULL),(9,769,'2023-10-11',NULL,'STAS202399755',3808.00,3808.00,NULL,NULL,NULL,'0','3808',41,'2023-10-11 11:26:00',NULL),(10,782,'2023-11-01',NULL,'STAS202360893',500.00,500.00,NULL,NULL,NULL,'500','0',54,'2023-11-01 04:28:57',NULL),(11,713,'2023-11-02',NULL,'STAS202398534',2000.00,2000.00,NULL,NULL,NULL,'0','2000',54,'2023-11-02 06:28:02',NULL),(12,788,'2023-11-09',NULL,'STAS202372804',250.00,250.00,NULL,NULL,NULL,'0','250',45,'2023-11-09 05:03:21',NULL),(13,711,'2023-11-14',NULL,'STAS202317452',3600.00,3600.00,NULL,NULL,NULL,'0','3600',54,'2023-11-14 05:49:08',NULL),(14,794,'2023-11-22',NULL,'STAS202364922',7500.00,7500.00,NULL,NULL,NULL,'3750','3750',54,'2023-11-22 11:22:19',NULL);
/*!40000 ALTER TABLE `service_invoices` ENABLE KEYS */;
UNLOCK TABLES;

--
-- Table structure for table `sessions`
--

DROP TABLE IF EXISTS `sessions`;
/*!40101 SET @saved_cs_client     = @@character_set_client */;
/*!50503 SET character_set_client = utf8mb4 */;
CREATE TABLE `sessions` (
  `id` varchar(255) CHARACTER SET utf8mb4 COLLATE utf8mb4_unicode_ci NOT NULL,
  `user_id` bigint unsigned DEFAULT NULL,
  `ip_address` varchar(45) CHARACTER SET utf8mb4 COLLATE utf8mb4_unicode_ci DEFAULT NULL,
  `user_agent` text CHARACTER SET utf8mb4 COLLATE utf8mb4_unicode_ci,
  `payload` text CHARACTER SET utf8mb4 COLLATE utf8mb4_unicode_ci NOT NULL,
  `last_activity` int NOT NULL,
  PRIMARY KEY (`id`),
  KEY `sessions_user_id_index` (`user_id`),
  KEY `sessions_last_activity_index` (`last_activity`)
) ENGINE=InnoDB DEFAULT CHARSET=utf8mb4 COLLATE=utf8mb4_unicode_ci;
/*!40101 SET character_set_client = @saved_cs_client */;

--
-- Dumping data for table `sessions`
--

LOCK TABLES `sessions` WRITE;
/*!40000 ALTER TABLE `sessions` DISABLE KEYS */;
INSERT INTO `sessions` VALUES ('7DFMg6BKwBDQHLityTibWxydbbb7hSYA4xM9O7Xv',NULL,'162.142.125.224','Mozilla/5.0 (compatible; CensysInspect/1.1; +https://about.censys.io/)','YTozOntzOjY6Il90b2tlbiI7czo0MDoiMG1mN0xZcThuTEpoMXoySXZlUkFTcXNIMzJKZzA1alFZS1l0Q1NuYyI7czo5OiJfcHJldmlvdXMiO2E6MTp7czozOiJ1cmwiO3M6MjA6Imh0dHA6Ly8xMzkuNTkuOTkuMTk3Ijt9czo2OiJfZmxhc2giO2E6Mjp7czozOiJvbGQiO2E6MDp7fXM6MzoibmV3IjthOjA6e319fQ==',1701842788),('eVhuipLZzRJQAEy9HL1e3dLGZicfblUhaJ4z5vJn',NULL,'103.117.194.48','Mozilla/5.0 (Windows NT 10.0; Win64; x64) AppleWebKit/537.36 (KHTML, like Gecko) Chrome/119.0.0.0 Safari/537.36','YTo1OntzOjY6Il90b2tlbiI7czo0MDoiWTFjVFZXaldOQTdmc051ZTF0bkRkQVVMQjB1a1ZhaWJjaFo2dmxPZSI7czo5OiJfcHJldmlvdXMiO2E6MTp7czozOiJ1cmwiO3M6MzM6Imh0dHA6Ly8xMzkuNTkuOTkuMTk3L3NhbGVzL21hbmFnZSI7fXM6NjoiX2ZsYXNoIjthOjI6e3M6Mzoib2xkIjthOjA6e31zOjM6Im5ldyI7YTowOnt9fXM6NTI6ImxvZ2luX2FkbWluXzU5YmEzNmFkZGMyYjJmOTQwMTU4MGYwMTRjN2Y1OGVhNGUzMDk4OWQiO2k6NTQ7czoxOToicGFzc3dvcmRfaGFzaF9hZG1pbiI7czo2MDoiJDJ5JDEwJExsTEFKNHR6cS5pNi5kQXhKOGFMWHVIUnhmMVU4OW9ZNE9nZDZPWHViN2Q0dmdjYTBLWDdpIjt9',1701841952),('frMuhdsP8odl5PAJntmYbYuCSX6ZrKw65fR1NwWq',NULL,'103.149.192.179','Mozilla/5.0 (Windows NT 10.0; Win64; x64) AppleWebKit/537.36 (KHTML, like Gecko) Chrome/79.0.3945.130 Safari/537.36','YTozOntzOjY6Il90b2tlbiI7czo0MDoidHA3WEZ5V1Z6aEZwOHQ5T3J4SW00SUJxMXBhTlI4ZER1VHdCaVNCMCI7czo5OiJfcHJldmlvdXMiO2E6MTp7czozOiJ1cmwiO3M6MjA6Imh0dHA6Ly8xMzkuNTkuOTkuMTk3Ijt9czo2OiJfZmxhc2giO2E6Mjp7czozOiJvbGQiO2E6MDp7fXM6MzoibmV3IjthOjA6e319fQ==',1701840644),('HhhS5WSwXvoijJJTMVQgdeyYzKIFBKSWKqMaKV59',NULL,'74.82.47.3','Mozilla/5.0 (X11; Linux x86_64) AppleWebKit/537.36 (KHTML, like Gecko) Chrome/109.0.0.0 Safari/537.36','YTozOntzOjY6Il90b2tlbiI7czo0MDoiUkZsZnpKcXpKV243S0J2ekw5TkZya1B4OUQ2ZDFpQm5CN3psN2wyNiI7czo5OiJfcHJldmlvdXMiO2E6MTp7czozOiJ1cmwiO3M6MjA6Imh0dHA6Ly8xMzkuNTkuOTkuMTk3Ijt9czo2OiJfZmxhc2giO2E6Mjp7czozOiJvbGQiO2E6MDp7fXM6MzoibmV3IjthOjA6e319fQ==',1701840909),('l5K32Tc09ZjPzDtmmCUheYW9XIzDABQUlTnpiZ5t',NULL,'103.117.194.48','Mozilla/5.0 (Windows NT 10.0; Win64; x64) AppleWebKit/537.36 (KHTML, like Gecko) Chrome/119.0.0.0 Safari/537.36','YTo1OntzOjY6Il90b2tlbiI7czo0MDoiVmYyUG5nS0ZUb25XUUl1RW5jdjhSVzhGeWlSNUJ4VVFMdk1hdGhRMSI7czo5OiJfcHJldmlvdXMiO2E6MTp7czozOiJ1cmwiO3M6MzI6Imh0dHA6Ly8xMzkuNTkuOTkuMTk3L2NoYWxhbi92aWV3Ijt9czo2OiJfZmxhc2giO2E6Mjp7czozOiJvbGQiO2E6MDp7fXM6MzoibmV3IjthOjA6e319czo1MjoibG9naW5fYWRtaW5fNTliYTM2YWRkYzJiMmY5NDAxNTgwZjAxNGM3ZjU4ZWE0ZTMwOTg5ZCI7aTo1MjtzOjE5OiJwYXNzd29yZF9oYXNoX2FkbWluIjtzOjYwOiIkMnkkMTAkZms0T0VYQlRQZmJWNjRvUVE1WFltT0MvTHlGN1JmdVp5MGJWQjZtV3IzLkhyang1ZmdGQnkiO30=',1701842808),('M8RQGSqSPjonouQyrjHGwBojAuhVjPemAWGj23V9',NULL,'103.117.194.48','Mozilla/5.0 (Windows NT 10.0; Win64; x64) AppleWebKit/537.36 (KHTML, like Gecko) Chrome/119.0.0.0 Safari/537.36','YTo1OntzOjY6Il90b2tlbiI7czo0MDoiYjJDVDl5UmRudDJ1VlJYMDJ6aGlwUFYycGtFU1g3eGNxMFRBQndGaSI7czo5OiJfcHJldmlvdXMiO2E6MTp7czozOiJ1cmwiO3M6MzM6Imh0dHA6Ly8xMzkuNTkuOTkuMTk3L3JlcG9ydHMvZm9ybSI7fXM6NjoiX2ZsYXNoIjthOjI6e3M6Mzoib2xkIjthOjA6e31zOjM6Im5ldyI7YTowOnt9fXM6NTI6ImxvZ2luX2FkbWluXzU5YmEzNmFkZGMyYjJmOTQwMTU4MGYwMTRjN2Y1OGVhNGUzMDk4OWQiO2k6MTtzOjE5OiJwYXNzd29yZF9oYXNoX2FkbWluIjtzOjYwOiIkMnkkMTAkdHJlYUgzTG11SFp1ZWlnTEdha3hQLi41NTdBdFFYdDdzQzVHZVlXNUQxNE43M1NHNDVSYlMiO30=',1701843788),('MVxaoO5UX1B0qT1HjbXSqezZljANngyLo1uxzjJn',NULL,'143.110.222.166','Mozilla/5.0 (iPhone; CPU iPhone OS 16_1 like Mac OS X) AppleWebKit/605.1.15 (KHTML, like Gecko) Version/16.1 Mobile/15E148 Safari/604.1','YTozOntzOjY6Il90b2tlbiI7czo0MDoiU2lodWd2NVl6NFZLWW16NTVJMFVST0NIRTc3RlBTUlo5cnNIQTlHWCI7czo5OiJfcHJldmlvdXMiO2E6MTp7czozOiJ1cmwiO3M6MjA6Imh0dHA6Ly8xMzkuNTkuOTkuMTk3Ijt9czo2OiJfZmxhc2giO2E6Mjp7czozOiJvbGQiO2E6MDp7fXM6MzoibmV3IjthOjA6e319fQ==',1701839943),('OjmnJl99N2juwAgG7HUlshtoW1lLJoDLhCZsWINI',NULL,'143.110.222.166','Mozilla/5.0 (iPhone; CPU iPhone OS 16_1 like Mac OS X) AppleWebKit/605.1.15 (KHTML, like Gecko) Version/16.1 Mobile/15E148 Safari/604.1','YTozOntzOjY6Il90b2tlbiI7czo0MDoiZDBUYUlXV2o5QXpxMkwzYzFCU3VGd1d0SW9TUXlnZTZGeGVLVndmYiI7czo5OiJfcHJldmlvdXMiO2E6MTp7czozOiJ1cmwiO3M6MjA6Imh0dHA6Ly8xMzkuNTkuOTkuMTk3Ijt9czo2OiJfZmxhc2giO2E6Mjp7czozOiJvbGQiO2E6MDp7fXM6MzoibmV3IjthOjA6e319fQ==',1701835492),('OpHJZv9jADrYuYixH6vwFPl21whoIfVBPXT1RNMj',NULL,'162.142.125.224','','YTozOntzOjY6Il90b2tlbiI7czo0MDoiVmJ2TmpCYU9sU3htSEFlTWRUajk1U1pRRUswdTQ1aVJpQ0dMNWFwTCI7czo5OiJfcHJldmlvdXMiO2E6MTp7czozOiJ1cmwiO3M6MjA6Imh0dHA6Ly8xMzkuNTkuOTkuMTk3Ijt9czo2OiJfZmxhc2giO2E6Mjp7czozOiJvbGQiO2E6MDp7fXM6MzoibmV3IjthOjA6e319fQ==',1701842785),('r5n01Mpayw4Hn00cWflA45C1PcG2f8EJ9LhQR4ad',NULL,'143.110.222.166','Mozilla/5.0 (iPhone; CPU iPhone OS 16_1 like Mac OS X) AppleWebKit/605.1.15 (KHTML, like Gecko) Version/16.1 Mobile/15E148 Safari/604.1','YTozOntzOjY6Il90b2tlbiI7czo0MDoiMHVMTGdYc1JqY3BmREdKTndJOUVjTTc3SllidnRWY1N3Mnh5bDcxUCI7czo5OiJfcHJldmlvdXMiO2E6MTp7czozOiJ1cmwiO3M6MjA6Imh0dHA6Ly8xMzkuNTkuOTkuMTk3Ijt9czo2OiJfZmxhc2giO2E6Mjp7czozOiJvbGQiO2E6MDp7fXM6MzoibmV3IjthOjA6e319fQ==',1701843090),('ue6I67zUwrybeB0VNj3BHnZLFixWs8gNpHI7fURv',NULL,'103.117.194.48','Mozilla/5.0 (Windows NT 10.0; Win64; x64) AppleWebKit/537.36 (KHTML, like Gecko) Chrome/119.0.0.0 Safari/537.36','YTo1OntzOjY6Il90b2tlbiI7czo0MDoibk5KR2JZRXJRTm1iSEdabGYwQzBRUDNLM2ZxUnhaa2ZpTVlxMTlEciI7czo5OiJfcHJldmlvdXMiO2E6MTp7czozOiJ1cmwiO3M6NDA6Imh0dHA6Ly8xMzkuNTkuOTkuMTk3L2NoYWxhbi9kb3dubG9hZC8yNDIiO31zOjY6Il9mbGFzaCI7YToyOntzOjM6Im9sZCI7YTowOnt9czozOiJuZXciO2E6MDp7fX1zOjUyOiJsb2dpbl9hZG1pbl81OWJhMzZhZGRjMmIyZjk0MDE1ODBmMDE0YzdmNThlYTRlMzA5ODlkIjtpOjYzO3M6MTk6InBhc3N3b3JkX2hhc2hfYWRtaW4iO3M6NjA6IiQyeSQxMCRBeEYwREJBbkxUcDFGMnJhUTM1aG5lMDVjN2J3S3JCOHFZZFJKVVFkS25GenkuaktyeS9tdSI7fQ==',1701843112),('Uk1K5al1qKmLfwZpOlJ6n57ux1x575mBqalG8Qex',NULL,'103.117.194.48','Mozilla/5.0 (Windows NT 10.0; Win64; x64) AppleWebKit/537.36 (KHTML, like Gecko) Chrome/119.0.0.0 Safari/537.36','YTo1OntzOjY6Il90b2tlbiI7czo0MDoiM0JENnk0dHBkdUlpc2RvdUdxRThNWEtBU3BqNGRCZGdPN3B2OFNYUCI7czo5OiJfcHJldmlvdXMiO2E6MTp7czozOiJ1cmwiO3M6MzM6Imh0dHA6Ly8xMzkuNTkuOTkuMTk3L3JlcG9ydHMvZm9ybSI7fXM6NjoiX2ZsYXNoIjthOjI6e3M6Mzoib2xkIjthOjA6e31zOjM6Im5ldyI7YTowOnt9fXM6NTI6ImxvZ2luX2FkbWluXzU5YmEzNmFkZGMyYjJmOTQwMTU4MGYwMTRjN2Y1OGVhNGUzMDk4OWQiO2k6MTtzOjE5OiJwYXNzd29yZF9oYXNoX2FkbWluIjtzOjYwOiIkMnkkMTAkdHJlYUgzTG11SFp1ZWlnTEdha3hQLi41NTdBdFFYdDdzQzVHZVlXNUQxNE43M1NHNDVSYlMiO30=',1701843876),('UMAOLn7oczByvvzqRX42WE5oWkz45PfiwV4kRFPY',NULL,'103.117.194.48','Mozilla/5.0 (Windows NT 10.0; Win64; x64) AppleWebKit/537.36 (KHTML, like Gecko) Chrome/119.0.0.0 Safari/537.36','YTo1OntzOjY6Il90b2tlbiI7czo0MDoiMVNVSjNYQ2lYUWFOUUhUMDhnZWNmaElncDkzeDgzc2FBVE02ZHhOeCI7czo5OiJfcHJldmlvdXMiO2E6MTp7czozOiJ1cmwiO3M6MzM6Imh0dHA6Ly8xMzkuNTkuOTkuMTk3L3NhbGVzL21hbmFnZSI7fXM6NjoiX2ZsYXNoIjthOjI6e3M6Mzoib2xkIjthOjA6e31zOjM6Im5ldyI7YTowOnt9fXM6NTI6ImxvZ2luX2FkbWluXzU5YmEzNmFkZGMyYjJmOTQwMTU4MGYwMTRjN2Y1OGVhNGUzMDk4OWQiO2k6NDI7czoxOToicGFzc3dvcmRfaGFzaF9hZG1pbiI7czo2MDoiJDJ5JDEwJHdwM05LTDNoTkVLcnQ0WXFTRHJjL08vLk1xR0ZKODc3aUFWaHh0bC9PNU4uZzFxelR1dVJtIjt9',1701843902),('VlOxwyyoBucrEFPSDmDFAE4bP5TH7gnrPHH7kjHW',NULL,'103.117.194.48','Mozilla/5.0 (Windows NT 10.0; Win64; x64) AppleWebKit/537.36 (KHTML, like Gecko) Chrome/119.0.0.0 Safari/537.36','YTozOntzOjY6Il90b2tlbiI7czo0MDoiNTRvSUJNakJ4SkJGdkpoTXNyMDFHMlJpbG1GRk9Fa1NFakV3dUdvdyI7czo5OiJfcHJldmlvdXMiO2E6MTp7czozOiJ1cmwiO3M6MjA6Imh0dHA6Ly8xMzkuNTkuOTkuMTk3Ijt9czo2OiJfZmxhc2giO2E6Mjp7czozOiJvbGQiO2E6MDp7fXM6MzoibmV3IjthOjA6e319fQ==',1701841704),('vyJ0rXQfqbBmHU9s5488wpB0bZbhgkjsx3MREpZX',NULL,'103.117.194.48','Mozilla/5.0 (Windows NT 10.0; Win64; x64) AppleWebKit/537.36 (KHTML, like Gecko) Chrome/119.0.0.0 Safari/537.36','YTo1OntzOjY6Il90b2tlbiI7czo0MDoiMDA2emxPNWtLcVA0Wml3SVdLQXE2eUVKOGRQT0NDSVlWWDNEMXpZdiI7czo5OiJfcHJldmlvdXMiO2E6MTp7czozOiJ1cmwiO3M6Mzk6Imh0dHA6Ly8xMzkuNTkuOTkuMTk3L3NhbGVzL2Rvd25sb2FkLzcxMCI7fXM6NjoiX2ZsYXNoIjthOjI6e3M6Mzoib2xkIjthOjA6e31zOjM6Im5ldyI7YTowOnt9fXM6NTI6ImxvZ2luX2FkbWluXzU5YmEzNmFkZGMyYjJmOTQwMTU4MGYwMTRjN2Y1OGVhNGUzMDk4OWQiO2k6NDY7czoxOToicGFzc3dvcmRfaGFzaF9hZG1pbiI7czo2MDoiJDJ5JDEwJGdhZm42dlhlOWEvY0F3aEJtNHZpLmVCODhhTnhtQ0Rabk1Jdk05TjF1WkVnWEdMMFFJUlN5Ijt9',1701843009),('wp09MokHuqtxUSRcEEW74zO0aJcAbWXizu7T9MEi',63,'103.117.194.48','Mozilla/5.0 (Windows NT 10.0; Win64; x64) AppleWebKit/537.36 (KHTML, like Gecko) Chrome/119.0.0.0 Safari/537.36','YTo1OntzOjY6Il90b2tlbiI7czo0MDoiaWdMa2VhcklaSVhDak1ScW1sSG1oMWFGZEg0NnlPbXJwUktOVk5VUSI7czo5OiJfcHJldmlvdXMiO2E6MTp7czozOiJ1cmwiO3M6MzY6Imh0dHA6Ly8xMzkuNTkuOTkuMTk3L2FkbWluL2Rhc2hib2FyZCI7fXM6NjoiX2ZsYXNoIjthOjI6e3M6Mzoib2xkIjthOjA6e31zOjM6Im5ldyI7YTowOnt9fXM6NTI6ImxvZ2luX2FkbWluXzU5YmEzNmFkZGMyYjJmOTQwMTU4MGYwMTRjN2Y1OGVhNGUzMDk4OWQiO2k6NjM7czoxOToicGFzc3dvcmRfaGFzaF9hZG1pbiI7czo2MDoiJDJ5JDEwJEF4RjBEQkFuTFRwMUYycmFRMzVobmUwNWM3YndLckI4cVlkUkpVUWRLbkZ6eS5qS3J5L211Ijt9',1701843244);
/*!40000 ALTER TABLE `sessions` ENABLE KEYS */;
UNLOCK TABLES;

--
-- Table structure for table `ship_expense_types`
--

DROP TABLE IF EXISTS `ship_expense_types`;
/*!40101 SET @saved_cs_client     = @@character_set_client */;
/*!50503 SET character_set_client = utf8mb4 */;
CREATE TABLE `ship_expense_types` (
  `id` bigint unsigned NOT NULL AUTO_INCREMENT,
  `expenseType` varchar(255) COLLATE utf8mb4_unicode_ci NOT NULL,
  `created_at` timestamp NULL DEFAULT NULL,
  `updated_at` timestamp NULL DEFAULT NULL,
  PRIMARY KEY (`id`)
) ENGINE=InnoDB AUTO_INCREMENT=4 DEFAULT CHARSET=utf8mb4 COLLATE=utf8mb4_unicode_ci;
/*!40101 SET character_set_client = @saved_cs_client */;

--
-- Dumping data for table `ship_expense_types`
--

LOCK TABLES `ship_expense_types` WRITE;
/*!40000 ALTER TABLE `ship_expense_types` DISABLE KEYS */;
INSERT INTO `ship_expense_types` VALUES (1,'C&F Charge','2023-11-27 06:36:17',NULL),(2,'Logistic Charge','2023-11-27 06:36:32',NULL),(3,'Shipping Charge','2023-11-27 06:37:07',NULL);
/*!40000 ALTER TABLE `ship_expense_types` ENABLE KEYS */;
UNLOCK TABLES;

--
-- Table structure for table `ship_expenses`
--

DROP TABLE IF EXISTS `ship_expenses`;
/*!40101 SET @saved_cs_client     = @@character_set_client */;
/*!50503 SET character_set_client = utf8mb4 */;
CREATE TABLE `ship_expenses` (
  `id` bigint unsigned NOT NULL AUTO_INCREMENT,
  `expenseType_id` bigint unsigned NOT NULL,
  `date` date NOT NULL,
  `amount` double(8,2) NOT NULL,
  `details` varchar(255) COLLATE utf8mb4_unicode_ci NOT NULL,
  `made_by_id` int NOT NULL,
  `created_at` timestamp NULL DEFAULT NULL,
  `updated_at` timestamp NULL DEFAULT NULL,
  `approved_by` int DEFAULT NULL,
  `status` varchar(255) COLLATE utf8mb4_unicode_ci DEFAULT 'Pending',
  `from_bank_id` int DEFAULT NULL,
  `amount_from` int DEFAULT NULL,
  PRIMARY KEY (`id`)
) ENGINE=InnoDB AUTO_INCREMENT=4 DEFAULT CHARSET=utf8mb4 COLLATE=utf8mb4_unicode_ci;
/*!40101 SET character_set_client = @saved_cs_client */;

--
-- Dumping data for table `ship_expenses`
--

LOCK TABLES `ship_expenses` WRITE;
/*!40000 ALTER TABLE `ship_expenses` DISABLE KEYS */;
INSERT INTO `ship_expenses` VALUES (1,3,'2023-11-28',500.00,'Mugda Para to Office by Truck',1,'2023-11-28 11:03:00','2023-11-28 11:03:46',1,'Approved',8,500),(2,3,'2023-11-29',20440.00,'85340000',52,'2023-11-29 11:13:45',NULL,NULL,'Pending',NULL,NULL),(3,1,'2023-11-30',20000.00,'Total : 125.27 KG \r\nRate 660 \r\nRemaining : 70493',1,'2023-11-30 08:03:03','2023-11-30 08:03:39',1,'Approved',11,20000);
/*!40000 ALTER TABLE `ship_expenses` ENABLE KEYS */;
UNLOCK TABLES;

--
-- Table structure for table `sliders`
--

DROP TABLE IF EXISTS `sliders`;
/*!40101 SET @saved_cs_client     = @@character_set_client */;
/*!50503 SET character_set_client = utf8mb4 */;
CREATE TABLE `sliders` (
  `id` bigint unsigned NOT NULL AUTO_INCREMENT,
  `slider_img` varchar(255) CHARACTER SET utf8mb4 COLLATE utf8mb4_unicode_ci NOT NULL,
  `title` varchar(255) CHARACTER SET utf8mb4 COLLATE utf8mb4_unicode_ci DEFAULT NULL,
  `subTitle` text CHARACTER SET utf8mb4 COLLATE utf8mb4_unicode_ci,
  `startingPrice` int DEFAULT NULL,
  `slideStyle` int NOT NULL DEFAULT '1',
  `status` int NOT NULL DEFAULT '1',
  `created_at` timestamp NULL DEFAULT NULL,
  `updated_at` timestamp NULL DEFAULT NULL,
  PRIMARY KEY (`id`)
) ENGINE=InnoDB AUTO_INCREMENT=9 DEFAULT CHARSET=utf8mb4 COLLATE=utf8mb4_unicode_ci;
/*!40101 SET character_set_client = @saved_cs_client */;

--
-- Dumping data for table `sliders`
--

LOCK TABLES `sliders` WRITE;
/*!40000 ALTER TABLE `sliders` DISABLE KEYS */;
/*!40000 ALTER TABLE `sliders` ENABLE KEYS */;
UNLOCK TABLES;

--
-- Table structure for table `sub_categories`
--

DROP TABLE IF EXISTS `sub_categories`;
/*!40101 SET @saved_cs_client     = @@character_set_client */;
/*!50503 SET character_set_client = utf8mb4 */;
CREATE TABLE `sub_categories` (
  `id` bigint unsigned NOT NULL AUTO_INCREMENT,
  `category_id` int NOT NULL,
  `subcategory_name` varchar(255) CHARACTER SET utf8mb4 COLLATE utf8mb4_unicode_ci NOT NULL,
  `created_at` timestamp NULL DEFAULT NULL,
  `updated_at` timestamp NULL DEFAULT NULL,
  PRIMARY KEY (`id`)
) ENGINE=InnoDB AUTO_INCREMENT=10 DEFAULT CHARSET=utf8mb4 COLLATE=utf8mb4_unicode_ci;
/*!40101 SET character_set_client = @saved_cs_client */;

--
-- Dumping data for table `sub_categories`
--

LOCK TABLES `sub_categories` WRITE;
/*!40000 ALTER TABLE `sub_categories` DISABLE KEYS */;
/*!40000 ALTER TABLE `sub_categories` ENABLE KEYS */;
UNLOCK TABLES;

--
-- Table structure for table `suppliers`
--

DROP TABLE IF EXISTS `suppliers`;
/*!40101 SET @saved_cs_client     = @@character_set_client */;
/*!50503 SET character_set_client = utf8mb4 */;
CREATE TABLE `suppliers` (
  `id` bigint unsigned NOT NULL AUTO_INCREMENT,
  `supplier_name` varchar(255) CHARACTER SET utf8mb4 COLLATE utf8mb4_unicode_ci NOT NULL,
  `address` varchar(255) CHARACTER SET utf8mb4 COLLATE utf8mb4_unicode_ci DEFAULT NULL,
  `mobile` varchar(255) CHARACTER SET utf8mb4 COLLATE utf8mb4_unicode_ci DEFAULT NULL,
  `email_address` varchar(255) CHARACTER SET utf8mb4 COLLATE utf8mb4_unicode_ci DEFAULT NULL,
  `phone` varchar(255) CHARACTER SET utf8mb4 COLLATE utf8mb4_unicode_ci DEFAULT NULL,
  `city` varchar(255) CHARACTER SET utf8mb4 COLLATE utf8mb4_unicode_ci DEFAULT NULL,
  `state` varchar(255) CHARACTER SET utf8mb4 COLLATE utf8mb4_unicode_ci DEFAULT NULL,
  `zip` varchar(255) CHARACTER SET utf8mb4 COLLATE utf8mb4_unicode_ci DEFAULT NULL,
  `country` varchar(255) CHARACTER SET utf8mb4 COLLATE utf8mb4_unicode_ci DEFAULT NULL,
  `created_at` timestamp NULL DEFAULT NULL,
  `updated_at` timestamp NULL DEFAULT NULL,
  PRIMARY KEY (`id`)
) ENGINE=InnoDB AUTO_INCREMENT=7 DEFAULT CHARSET=utf8mb4 COLLATE=utf8mb4_unicode_ci;
/*!40101 SET character_set_client = @saved_cs_client */;

--
-- Dumping data for table `suppliers`
--

LOCK TABLES `suppliers` WRITE;
/*!40000 ALTER TABLE `suppliers` DISABLE KEYS */;
INSERT INTO `suppliers` VALUES (2,'Dubai Chemicals','Dubai, UAE','3873821314','dubai@chemicals.com',NULL,'Dubai','Dubai','1234',NULL,'2023-03-28 05:00:37',NULL),(3,'Syed Tasdik','Dignissimos suscipit','84','suwyf@mailinator.com','40','Voluptatem velit si','Assumenda adipisci a','65474',NULL,'2023-05-28 02:16:12',NULL),(4,'STATA IT LIMITED','North Badda, Bir Uttam Rafikul Islam Avenue, Dhaka','09678200509','statabangladesh@gmail.com','09678200509','Dhaka',NULL,'1212',NULL,'2023-06-13 12:20:36',NULL),(5,'Shenzhen Sunwotech Technology Co, LTD','1/F, Building A4, Yabian Industrial Park, Shajin Town BaoAn District','18938663250','statabangladesh@gmail.com',NULL,'Shajin Town BaoAn','Shenzhen',NULL,NULL,'2023-07-05 11:38:49',NULL),(6,'DEFTUN INC CO. LTD',NULL,NULL,'lyndon@deftun.com',NULL,NULL,NULL,NULL,NULL,'2023-07-05 11:52:23',NULL);
/*!40000 ALTER TABLE `suppliers` ENABLE KEYS */;
UNLOCK TABLES;

--
-- Table structure for table `todays_productions`
--

DROP TABLE IF EXISTS `todays_productions`;
/*!40101 SET @saved_cs_client     = @@character_set_client */;
/*!50503 SET character_set_client = utf8mb4 */;
CREATE TABLE `todays_productions` (
  `id` bigint unsigned NOT NULL AUTO_INCREMENT,
  `product` varchar(255) CHARACTER SET utf8mb4 COLLATE utf8mb4_unicode_ci NOT NULL,
  `qty` varchar(255) CHARACTER SET utf8mb4 COLLATE utf8mb4_unicode_ci NOT NULL,
  `created_at` timestamp NULL DEFAULT NULL,
  `updated_at` timestamp NULL DEFAULT NULL,
  PRIMARY KEY (`id`)
) ENGINE=InnoDB AUTO_INCREMENT=20 DEFAULT CHARSET=utf8mb4 COLLATE=utf8mb4_unicode_ci;
/*!40101 SET character_set_client = @saved_cs_client */;

--
-- Dumping data for table `todays_productions`
--

LOCK TABLES `todays_productions` WRITE;
/*!40000 ALTER TABLE `todays_productions` DISABLE KEYS */;
INSERT INTO `todays_productions` VALUES (17,'Sulphuric Acid','0','2023-04-06 17:55:45','2023-04-06 17:55:45');
/*!40000 ALTER TABLE `todays_productions` ENABLE KEYS */;
UNLOCK TABLES;

--
-- Table structure for table `users`
--

DROP TABLE IF EXISTS `users`;
/*!40101 SET @saved_cs_client     = @@character_set_client */;
/*!50503 SET character_set_client = utf8mb4 */;
CREATE TABLE `users` (
  `id` bigint unsigned NOT NULL AUTO_INCREMENT,
  `name` varchar(255) CHARACTER SET utf8mb4 COLLATE utf8mb4_unicode_ci NOT NULL,
  `email` varchar(255) CHARACTER SET utf8mb4 COLLATE utf8mb4_unicode_ci NOT NULL,
  `phone` varchar(255) CHARACTER SET utf8mb4 COLLATE utf8mb4_unicode_ci DEFAULT NULL,
  `email_verified_at` timestamp NULL DEFAULT NULL,
  `password` varchar(255) CHARACTER SET utf8mb4 COLLATE utf8mb4_unicode_ci NOT NULL,
  `last_seen` varchar(255) CHARACTER SET utf8mb4 COLLATE utf8mb4_unicode_ci DEFAULT NULL,
  `two_factor_secret` text CHARACTER SET utf8mb4 COLLATE utf8mb4_unicode_ci,
  `two_factor_recovery_codes` text CHARACTER SET utf8mb4 COLLATE utf8mb4_unicode_ci,
  `two_factor_confirmed_at` timestamp NULL DEFAULT NULL,
  `remember_token` varchar(100) CHARACTER SET utf8mb4 COLLATE utf8mb4_unicode_ci DEFAULT NULL,
  `current_team_id` bigint unsigned DEFAULT NULL,
  `profile_photo_path` varchar(2048) CHARACTER SET utf8mb4 COLLATE utf8mb4_unicode_ci DEFAULT NULL,
  `created_at` timestamp NULL DEFAULT NULL,
  `updated_at` timestamp NULL DEFAULT NULL,
  PRIMARY KEY (`id`),
  UNIQUE KEY `users_email_unique` (`email`)
) ENGINE=InnoDB AUTO_INCREMENT=12 DEFAULT CHARSET=utf8mb4 COLLATE=utf8mb4_unicode_ci;
/*!40101 SET character_set_client = @saved_cs_client */;

--
-- Dumping data for table `users`
--

LOCK TABLES `users` WRITE;
/*!40000 ALTER TABLE `users` DISABLE KEYS */;
/*!40000 ALTER TABLE `users` ENABLE KEYS */;
UNLOCK TABLES;
/*!40103 SET TIME_ZONE=@OLD_TIME_ZONE */;

/*!40101 SET SQL_MODE=@OLD_SQL_MODE */;
/*!40014 SET FOREIGN_KEY_CHECKS=@OLD_FOREIGN_KEY_CHECKS */;
/*!40014 SET UNIQUE_CHECKS=@OLD_UNIQUE_CHECKS */;
/*!40101 SET CHARACTER_SET_CLIENT=@OLD_CHARACTER_SET_CLIENT */;
/*!40101 SET CHARACTER_SET_RESULTS=@OLD_CHARACTER_SET_RESULTS */;
/*!40101 SET COLLATION_CONNECTION=@OLD_COLLATION_CONNECTION */;
/*!40111 SET SQL_NOTES=@OLD_SQL_NOTES */;

-- Dump completed on 2023-12-06  6:27:08
